session_id,timestamp,period,system_type,channel,intent,confidence_score,intent_attempts,turns,raw_input_length,response_latency_ms,is_fallback,transferred_to_human,transfer_reason,call_duration_sec,resolved
B-00000,2023-09-20 20:31:20.353403,B,llm_agent,voice,dispute_charge,0.885,2,4,24,439,0,0,none,558,1
B-00001,2023-12-28 12:07:29.939475,B,llm_agent,chat,dispute_charge,0.891,2,1,82,775,0,0,none,132,0
B-00002,2023-12-18 17:20:45.850280,B,llm_agent,mobile_app,transfer_funds,0.861,2,1,104,451,0,0,none,528,1
B-00003,2023-07-03 19:27:11.340916,B,llm_agent,mobile_app,transfer_funds,0.749,1,2,108,505,0,0,none,458,1
B-00004,2023-10-12 05:42:39.365025,B,llm_agent,voice,loan_inquiry,0.904,2,1,54,1098,0,0,none,172,0
B-00005,2023-10-29 06:04:50.913753,B,llm_agent,chat,make_payment,0.879,2,4,62,574,0,1,low_confidence,128,1
B-00006,2023-12-02 07:10:39.521363,B,llm_agent,voice,make_payment,0.731,2,4,28,796,0,0,none,131,1
B-00007,2023-11-01 05:23:49.668790,B,llm_agent,chat,freeze_card,0.81,2,1,38,1126,0,0,none,565,0
B-00008,2023-11-03 22:47:55.746411,B,llm_agent,mobile_app,transfer_funds,0.633,2,1,117,498,0,0,none,192,1
B-00009,2023-08-23 00:07:18.496344,B,llm_agent,chat,check_balance,0.771,2,4,95,221,0,0,none,163,1
B-00010,2023-11-28 03:49:15.709143,B,llm_agent,voice,check_balance,0.711,1,3,15,661,0,0,none,318,1
B-00011,2023-07-12 13:57:49.246524,B,llm_agent,voice,freeze_card,0.717,2,3,106,1074,0,0,none,475,1
B-00012,2023-10-29 07:16:50.184952,B,llm_agent,chat,check_balance,0.923,1,2,88,432,0,0,none,335,0
B-00013,2023-08-06 23:17:21.102240,B,llm_agent,voice,freeze_card,0.86,1,3,93,719,0,0,none,431,0
B-00014,2023-11-18 02:24:34.978331,B,llm_agent,voice,update_address,0.685,2,2,8,744,0,0,none,282,0
B-00015,2023-11-22 14:44:24.214716,B,llm_agent,chat,update_address,0.93,2,2,38,397,0,0,none,323,0
B-00016,2023-08-01 23:39:20.274826,B,llm_agent,chat,loan_inquiry,0.685,1,1,41,1172,0,0,none,433,0
B-00017,2023-11-23 05:17:04.787063,B,llm_agent,chat,update_address,0.596,1,4,10,740,0,0,none,475,1
B-00018,2023-12-01 06:16:49.488887,B,llm_agent,voice,transfer_funds,0.672,1,1,10,223,0,0,none,538,1
B-00019,2023-07-10 16:54:55.721174,B,llm_agent,chat,loan_inquiry,0.853,1,3,61,455,0,0,none,614,0
B-00020,2023-09-17 16:35:21.978026,B,llm_agent,chat,transfer_funds,0.936,2,2,30,972,0,0,none,256,1
B-00021,2023-08-05 06:19:02.386829,B,llm_agent,voice,dispute_charge,0.969,2,1,13,1108,0,0,none,112,0
B-00022,2023-07-24 03:10:27.160840,B,llm_agent,voice,update_address,0.8,2,3,52,678,0,0,none,94,0
B-00023,2023-11-25 01:12:49.768895,B,llm_agent,chat,freeze_card,0.822,2,1,68,1171,0,0,none,496,1
B-00024,2023-08-23 15:38:28.025931,B,llm_agent,voice,make_payment,0.885,1,2,21,1020,0,0,none,327,1
B-00025,2023-10-26 20:25:55.595506,B,llm_agent,voice,request_statement,0.872,2,3,106,550,0,0,none,312,1
B-00026,2023-07-01 16:10:08.112780,B,llm_agent,voice,request_statement,0.858,2,1,50,504,0,0,none,536,0
B-00027,2023-07-15 12:57:44.744202,B,llm_agent,chat,make_payment,0.842,1,3,43,494,0,0,none,495,0
B-00028,2023-10-20 16:10:41.727838,B,llm_agent,voice,loan_inquiry,0.859,2,1,20,307,0,0,none,660,1
B-00029,2023-09-06 18:14:14.157322,B,llm_agent,voice,make_payment,0.856,1,3,44,739,0,0,none,633,1
B-00030,2023-12-08 23:39:53.449289,B,llm_agent,voice,freeze_card,0.808,2,3,59,646,0,0,none,547,1
B-00031,2023-07-16 01:11:42.403783,B,llm_agent,voice,loan_inquiry,0.929,1,1,47,1028,0,0,none,480,1
B-00032,2023-10-23 03:32:36.941526,B,llm_agent,voice,check_balance,0.891,1,3,84,313,0,0,none,648,1
B-00033,2023-11-06 15:03:27.902531,B,llm_agent,voice,request_statement,0.77,2,2,29,773,0,0,none,140,0
B-00034,2023-10-20 20:28:35.288679,B,llm_agent,voice,transfer_funds,0.834,2,1,54,1013,0,0,none,689,1
B-00035,2023-11-02 13:40:30.736739,B,llm_agent,voice,dispute_charge,0.868,2,3,21,770,0,1,timeout,317,1
B-00036,2023-08-15 15:03:32.854772,B,llm_agent,voice,make_payment,0.894,2,1,83,1175,0,0,none,201,0
B-00037,2023-11-18 09:26:20.600475,B,llm_agent,voice,transfer_funds,0.861,1,3,90,993,0,0,none,409,0
B-00038,2023-10-10 12:03:34.347035,B,llm_agent,voice,check_balance,0.814,1,2,96,612,0,0,none,646,1
B-00039,2023-11-22 05:05:11.348826,B,llm_agent,voice,freeze_card,0.668,2,4,11,329,0,0,none,117,1
B-00040,2023-07-23 06:47:27.091987,B,llm_agent,voice,check_balance,0.489,1,2,61,1188,0,0,none,149,1
B-00041,2023-07-24 05:54:41.654082,B,llm_agent,voice,make_payment,0.851,2,1,11,268,0,1,low_confidence,474,1
B-00042,2023-09-11 09:07:21.815927,B,llm_agent,voice,make_payment,0.805,1,4,29,772,0,0,none,491,1
B-00043,2023-09-10 08:16:36.545579,B,llm_agent,voice,request_statement,0.901,2,1,102,930,0,1,unresolved,522,1
B-00044,2023-07-24 12:13:41.706280,B,llm_agent,voice,request_statement,0.807,2,3,97,383,0,0,none,649,1
B-00045,2023-07-15 20:39:01.365192,B,llm_agent,mobile_app,make_payment,0.724,1,1,94,839,0,0,none,556,1
B-00046,2023-07-15 18:45:55.746812,B,llm_agent,voice,update_address,0.603,1,4,49,1116,0,0,none,590,1
B-00047,2023-07-10 14:02:52.263628,B,llm_agent,chat,make_payment,0.816,2,2,5,460,0,0,none,112,1
B-00048,2023-07-07 01:34:41.794593,B,llm_agent,voice,transfer_funds,0.951,2,2,116,891,0,0,none,276,1
B-00049,2023-11-25 19:40:17.230898,B,llm_agent,voice,transfer_funds,0.833,1,1,21,1095,0,0,none,516,1
B-00050,2023-12-19 02:26:51.670262,B,llm_agent,voice,dispute_charge,0.699,1,1,14,734,0,1,low_confidence,595,1
B-00051,2023-09-16 21:33:55.442085,B,llm_agent,voice,dispute_charge,0.796,2,2,58,914,0,0,none,282,1
B-00052,2023-08-04 04:09:50.567582,B,llm_agent,chat,dispute_charge,0.877,1,2,85,316,0,0,none,431,1
B-00053,2023-08-30 02:11:42.598891,B,llm_agent,voice,transfer_funds,0.675,2,4,60,888,0,0,none,175,1
B-00054,2023-11-27 18:55:21.819885,B,llm_agent,chat,check_balance,0.809,1,4,108,949,0,0,none,627,1
B-00055,2023-12-18 01:16:20.725129,B,llm_agent,chat,loan_inquiry,0.645,1,3,6,1069,0,0,none,391,1
B-00056,2023-08-13 16:18:32.155477,B,llm_agent,chat,make_payment,0.854,1,1,88,849,0,0,none,95,1
B-00057,2023-07-06 14:26:07.064095,B,llm_agent,voice,dispute_charge,0.766,2,3,37,1103,0,0,none,425,1
B-00058,2023-08-26 11:27:13.787459,B,llm_agent,voice,request_statement,0.569,2,4,57,1140,0,0,none,212,1
B-00059,2023-09-09 12:31:20.795999,B,llm_agent,chat,dispute_charge,0.965,1,1,11,1187,0,0,none,345,1
B-00060,2023-07-01 13:12:39.049484,B,llm_agent,voice,update_address,0.978,2,1,116,635,0,0,none,269,1
B-00061,2023-11-02 16:49:10.328603,B,llm_agent,chat,dispute_charge,0.667,1,3,113,415,0,0,none,610,1
B-00062,2023-07-23 18:48:53.001980,B,llm_agent,voice,make_payment,0.864,1,1,90,549,0,0,none,614,1
B-00063,2023-07-15 23:26:47.445416,B,llm_agent,chat,make_payment,0.91,1,1,113,637,0,0,none,137,1
B-00064,2023-11-09 14:26:32.553779,B,llm_agent,chat,check_balance,0.723,1,4,71,1154,0,0,none,253,1
B-00065,2023-11-19 01:16:35.702024,B,llm_agent,voice,make_payment,0.696,1,1,10,673,0,0,none,310,1
B-00066,2023-08-03 16:15:05.948196,B,llm_agent,mobile_app,loan_inquiry,0.544,2,3,42,713,0,0,none,619,1
B-00067,2023-11-18 15:12:32.711765,B,llm_agent,chat,request_statement,0.588,2,4,97,908,0,0,none,214,1
B-00068,2023-08-24 10:34:15.443174,B,llm_agent,voice,make_payment,0.799,2,3,34,878,0,0,none,513,0
B-00069,2023-08-26 09:16:13.393412,B,llm_agent,voice,make_payment,0.913,1,1,94,280,0,0,none,63,1
B-00070,2023-07-23 09:43:22.376094,B,llm_agent,chat,request_statement,0.819,1,1,59,835,0,0,none,691,0
B-00071,2023-08-11 10:50:58.086192,B,llm_agent,chat,check_balance,0.898,2,2,65,359,0,0,none,263,1
B-00072,2023-07-08 02:16:24.007981,B,llm_agent,mobile_app,check_balance,0.816,2,3,40,995,0,1,unresolved,215,1
B-00073,2023-10-31 23:15:33.740095,B,llm_agent,chat,loan_inquiry,0.749,2,1,29,1070,0,0,none,525,1
B-00074,2023-12-03 19:13:03.037001,B,llm_agent,voice,make_payment,0.94,2,2,56,411,0,0,none,451,1
B-00075,2023-07-09 20:19:35.050355,B,llm_agent,voice,make_payment,0.863,1,3,57,436,0,0,none,391,1
B-00076,2023-08-16 17:45:00.537231,B,llm_agent,voice,make_payment,0.595,1,4,54,1040,0,0,none,672,1
B-00077,2023-09-02 08:32:30.486640,B,llm_agent,voice,check_balance,0.721,2,1,119,514,0,0,none,318,1
B-00078,2023-09-10 20:03:44.728246,B,llm_agent,mobile_app,transfer_funds,0.965,2,2,109,1077,0,0,none,402,1
B-00079,2023-11-28 19:54:56.090806,B,llm_agent,chat,transfer_funds,0.819,1,3,84,1103,0,0,none,357,1
B-00080,2023-07-08 20:18:58.529808,B,llm_agent,mobile_app,make_payment,0.759,1,3,43,920,0,0,none,149,1
B-00081,2023-10-21 09:11:09.433037,B,llm_agent,chat,check_balance,0.792,2,4,13,474,0,0,none,245,1
B-00082,2023-10-06 09:43:07.295428,B,llm_agent,chat,make_payment,0.819,2,2,53,899,0,0,none,446,1
B-00083,2023-12-01 10:34:43.662576,B,llm_agent,chat,check_balance,0.807,1,1,118,238,0,0,none,114,1
B-00084,2023-08-25 23:21:13.227156,B,llm_agent,chat,dispute_charge,0.865,1,1,99,899,0,0,none,534,1
B-00085,2023-07-19 15:11:35.557307,B,llm_agent,voice,check_balance,0.529,1,3,80,1127,0,1,customer_request,437,0
B-00086,2023-07-24 21:29:54.977275,B,llm_agent,chat,loan_inquiry,0.855,1,4,38,823,0,0,none,478,1
B-00087,2023-10-24 09:29:55.659470,B,llm_agent,voice,freeze_card,0.909,1,2,73,1026,0,0,none,592,1
B-00088,2023-10-08 20:57:42.892190,B,llm_agent,mobile_app,dispute_charge,0.699,2,4,52,839,0,0,none,363,1
B-00089,2023-10-17 09:18:31.513163,B,llm_agent,chat,dispute_charge,0.834,2,2,55,1018,0,0,none,574,1
B-00090,2023-07-26 02:06:19.259767,B,llm_agent,voice,freeze_card,0.881,2,1,77,759,0,0,none,546,1
B-00091,2023-07-08 18:36:57.601456,B,llm_agent,voice,request_statement,0.886,2,4,108,386,0,0,none,191,1
B-00092,2023-10-12 16:02:19.830060,B,llm_agent,voice,dispute_charge,0.807,1,1,102,316,0,0,none,217,1
B-00093,2023-07-15 20:01:24.062499,B,llm_agent,chat,make_payment,0.932,1,1,38,708,0,0,none,329,0
B-00094,2023-12-18 02:58:51.232456,B,llm_agent,voice,dispute_charge,0.705,1,1,21,331,0,0,none,95,1
B-00095,2023-11-25 00:10:16.196033,B,llm_agent,voice,request_statement,0.686,2,3,55,975,0,0,none,410,1
B-00096,2023-08-02 22:21:10.620033,B,llm_agent,voice,check_balance,0.493,1,2,117,295,0,0,none,659,0
B-00097,2023-10-18 09:44:00.448581,B,llm_agent,voice,loan_inquiry,0.97,1,1,112,862,0,0,none,583,1
B-00098,2023-07-25 03:51:06.624404,B,llm_agent,mobile_app,make_payment,0.898,1,2,30,855,0,1,unresolved,532,1
B-00099,2023-12-19 07:39:46.000415,B,llm_agent,chat,check_balance,0.761,2,3,8,978,0,0,none,165,1
B-00100,2023-10-16 20:52:19.484628,B,llm_agent,voice,make_payment,0.899,1,3,90,204,0,0,none,582,0
B-00101,2023-08-28 03:34:49.998545,B,llm_agent,mobile_app,check_balance,0.742,1,1,66,231,0,0,none,121,0
B-00102,2023-11-02 12:19:06.468378,B,llm_agent,voice,check_balance,0.75,2,1,24,292,0,0,none,313,1
B-00103,2023-07-01 11:08:55.795669,B,llm_agent,mobile_app,check_balance,0.819,1,4,17,1137,0,0,none,672,1
B-00104,2023-08-22 16:16:16.834822,B,llm_agent,mobile_app,make_payment,0.655,1,2,99,247,0,0,none,554,1
B-00105,2023-08-12 20:28:15.951503,B,llm_agent,chat,loan_inquiry,0.55,2,2,108,222,0,1,unresolved,130,1
B-00106,2023-09-02 08:24:34.213714,B,llm_agent,voice,request_statement,0.917,1,1,85,868,0,0,none,390,0
B-00107,2023-07-16 14:39:55.548886,B,llm_agent,chat,make_payment,0.876,1,1,42,985,0,1,unresolved,712,1
B-00108,2023-12-25 03:24:38.156550,B,llm_agent,voice,make_payment,0.941,1,2,47,325,0,0,none,338,1
B-00109,2023-09-24 14:57:44.503102,B,llm_agent,voice,loan_inquiry,0.82,2,1,5,1173,0,0,none,443,1
B-00110,2023-12-04 17:20:40.494926,B,llm_agent,voice,dispute_charge,0.976,2,2,110,680,0,1,low_confidence,294,0
B-00111,2023-07-11 21:22:57.324484,B,llm_agent,voice,check_balance,0.837,2,4,79,210,0,0,none,374,0
B-00112,2023-12-02 14:28:02.327384,B,llm_agent,voice,dispute_charge,0.77,2,3,8,441,0,1,unresolved,387,1
B-00113,2023-10-28 12:07:42.908781,B,llm_agent,mobile_app,dispute_charge,0.967,2,2,73,570,0,0,none,160,1
B-00114,2023-11-02 05:10:18.855193,B,llm_agent,voice,check_balance,0.841,1,4,81,573,0,0,none,680,1
B-00115,2023-11-25 13:27:25.952540,B,llm_agent,voice,check_balance,0.773,2,2,65,281,0,0,none,623,0
B-00116,2023-10-05 06:30:47.005782,B,llm_agent,voice,update_address,0.921,1,2,91,253,0,0,none,99,1
B-00117,2023-10-25 00:34:40.582400,B,llm_agent,voice,update_address,0.622,2,1,73,687,0,0,none,148,1
B-00118,2023-12-12 15:51:14.926724,B,llm_agent,chat,dispute_charge,0.717,1,4,9,946,0,0,none,474,0
B-00119,2023-07-23 21:27:34.099731,B,llm_agent,chat,transfer_funds,0.955,1,1,63,766,0,0,none,306,1
B-00120,2023-07-11 04:29:06.948869,B,llm_agent,chat,transfer_funds,0.541,2,2,42,881,0,0,none,498,1
B-00121,2023-12-27 19:59:05.533246,B,llm_agent,chat,check_balance,0.768,2,1,101,628,0,0,none,63,0
B-00122,2023-12-09 07:32:16.335807,B,llm_agent,chat,transfer_funds,0.425,2,3,93,1132,0,0,none,548,0
B-00123,2023-10-03 01:25:35.015963,B,llm_agent,voice,dispute_charge,0.685,2,2,99,350,0,0,none,45,1
B-00124,2023-11-20 21:08:40.939920,B,llm_agent,voice,check_balance,0.683,1,1,47,671,0,0,none,165,1
B-00125,2023-12-09 09:23:47.261876,B,llm_agent,voice,update_address,0.751,2,3,106,887,0,0,none,533,0
B-00126,2023-09-24 10:25:59.487584,B,llm_agent,voice,check_balance,0.773,2,4,60,886,0,0,none,269,1
B-00127,2023-07-18 22:14:07.094585,B,llm_agent,mobile_app,check_balance,0.918,1,3,86,1152,0,0,none,173,1
B-00128,2023-09-26 22:59:28.445291,B,llm_agent,chat,check_balance,0.645,2,2,64,639,0,0,none,639,1
B-00129,2023-09-03 07:13:47.008499,B,llm_agent,voice,dispute_charge,0.715,2,4,105,911,0,0,none,444,1
B-00130,2023-07-05 05:38:24.136407,B,llm_agent,voice,update_address,0.935,2,3,7,602,0,0,none,228,1
B-00131,2023-12-23 12:08:05.969470,B,llm_agent,chat,check_balance,0.705,2,1,5,488,0,1,timeout,529,1
B-00132,2023-11-08 23:43:28.134536,B,llm_agent,mobile_app,check_balance,0.413,2,1,50,780,0,0,none,122,1
B-00133,2023-11-21 19:18:52.979488,B,llm_agent,mobile_app,request_statement,0.992,2,2,7,957,0,1,customer_request,369,1
B-00134,2023-10-18 04:58:13.196196,B,llm_agent,chat,check_balance,0.843,2,2,10,705,0,0,none,160,1
B-00135,2023-08-19 06:11:56.316186,B,llm_agent,chat,transfer_funds,0.836,2,2,38,260,0,0,none,482,1
B-00136,2023-10-16 00:00:44.858080,B,llm_agent,voice,freeze_card,0.918,1,3,107,432,0,0,none,217,1
B-00137,2023-11-02 11:45:07.363297,B,llm_agent,voice,request_statement,0.838,1,3,97,538,0,0,none,196,0
B-00138,2023-10-18 07:31:03.114947,B,llm_agent,voice,loan_inquiry,0.932,2,3,5,214,0,0,none,206,1
B-00139,2023-07-24 06:25:03.733031,B,llm_agent,chat,make_payment,0.824,2,3,54,298,0,0,none,594,0
B-00140,2023-11-26 21:07:12.979084,B,llm_agent,mobile_app,freeze_card,0.885,2,4,24,214,0,0,none,627,1
B-00141,2023-08-24 10:50:59.993705,B,llm_agent,mobile_app,check_balance,0.835,1,2,87,945,0,0,none,172,0
B-00142,2023-09-11 14:26:43.897819,B,llm_agent,voice,update_address,0.469,1,2,13,433,0,0,none,138,1
B-00143,2023-10-09 18:43:56.792849,B,llm_agent,voice,dispute_charge,0.661,1,2,99,634,0,0,none,437,0
B-00144,2023-12-26 21:46:33.396596,B,llm_agent,voice,check_balance,0.827,1,3,99,1078,0,0,none,473,1
B-00145,2023-08-27 04:36:27.741169,B,llm_agent,voice,freeze_card,0.86,2,3,68,358,0,0,none,606,1
B-00146,2023-07-08 15:55:07.323931,B,llm_agent,chat,make_payment,0.802,2,4,78,501,0,0,none,597,1
B-00147,2023-12-25 23:01:37.260217,B,llm_agent,chat,check_balance,0.804,1,3,87,348,0,0,none,577,1
B-00148,2023-12-23 05:14:55.485711,B,llm_agent,mobile_app,update_address,0.649,2,1,9,1015,0,0,none,59,1
B-00149,2023-08-06 06:50:43.750015,B,llm_agent,voice,check_balance,0.738,2,4,58,747,0,0,none,65,1
B-00150,2023-11-29 17:09:38.342563,B,llm_agent,chat,loan_inquiry,0.879,1,3,41,995,0,1,low_confidence,158,1
B-00151,2023-12-16 06:57:30.446075,B,llm_agent,mobile_app,request_statement,0.871,1,2,52,296,0,0,none,283,1
B-00152,2023-07-03 09:03:41.177473,B,llm_agent,chat,check_balance,0.886,1,3,76,610,0,0,none,539,1
B-00153,2023-11-16 02:51:39.677301,B,llm_agent,voice,update_address,0.868,2,2,73,963,0,0,none,618,1
B-00154,2023-08-02 22:03:29.207813,B,llm_agent,voice,update_address,0.574,2,4,68,657,0,0,none,526,1
B-00155,2023-11-29 08:58:38.763594,B,llm_agent,voice,loan_inquiry,0.912,2,3,10,607,0,1,customer_request,617,1
B-00156,2023-07-04 19:59:44.333245,B,llm_agent,voice,loan_inquiry,0.941,1,1,66,367,0,0,none,286,1
B-00157,2023-11-04 11:55:57.126026,B,llm_agent,voice,loan_inquiry,0.753,1,2,58,674,0,0,none,469,0
B-00158,2023-11-27 11:16:39.790267,B,llm_agent,chat,request_statement,0.777,1,3,17,1197,0,0,none,123,1
B-00159,2023-07-07 12:31:31.872402,B,llm_agent,voice,check_balance,0.863,1,1,50,1007,0,0,none,104,1
B-00160,2023-11-16 13:01:16.864328,B,llm_agent,voice,loan_inquiry,0.723,1,3,88,277,0,0,none,599,1
B-00161,2023-07-22 17:36:35.492928,B,llm_agent,voice,freeze_card,0.916,2,2,34,731,0,1,customer_request,308,1
B-00162,2023-07-15 11:20:40.890093,B,llm_agent,chat,dispute_charge,0.99,2,4,111,881,0,0,none,531,1
B-00163,2023-12-16 11:33:35.667222,B,llm_agent,voice,dispute_charge,0.77,1,1,75,598,0,0,none,693,1
B-00164,2023-12-16 21:56:56.421704,B,llm_agent,voice,make_payment,0.659,1,1,37,638,0,0,none,426,1
B-00165,2023-11-13 15:05:20.997679,B,llm_agent,chat,freeze_card,0.744,1,4,45,835,0,0,none,103,1
B-00166,2023-12-10 21:46:54.924292,B,llm_agent,voice,loan_inquiry,0.929,2,1,55,291,0,0,none,483,1
B-00167,2023-07-04 01:22:45.149579,B,llm_agent,voice,dispute_charge,0.619,1,3,93,459,0,0,none,582,1
B-00168,2023-10-02 15:17:31.301059,B,llm_agent,chat,update_address,0.905,2,3,50,725,0,0,none,219,1
B-00169,2023-12-07 12:14:06.605930,B,llm_agent,voice,transfer_funds,0.8,1,1,97,1193,0,0,none,318,1
B-00170,2023-12-11 09:04:13.069812,B,llm_agent,voice,update_address,0.868,2,1,62,889,0,0,none,463,1
B-00171,2023-09-06 03:58:54.482429,B,llm_agent,chat,update_address,0.743,2,3,51,550,0,0,none,543,1
B-00172,2023-08-29 09:41:09.132904,B,llm_agent,voice,update_address,0.745,2,2,79,472,0,0,none,154,1
B-00173,2023-11-06 02:18:17.638391,B,llm_agent,voice,make_payment,0.383,1,3,91,1156,0,0,none,67,1
B-00174,2023-07-12 00:15:40.124281,B,llm_agent,voice,update_address,0.815,1,1,79,519,0,0,none,469,0
B-00175,2023-11-20 20:02:39.657349,B,llm_agent,voice,dispute_charge,0.758,2,1,35,686,0,0,none,37,0
B-00176,2023-08-15 16:36:15.744215,B,llm_agent,voice,make_payment,0.896,1,4,24,410,0,0,none,341,1
B-00177,2023-10-04 10:44:47.069626,B,llm_agent,voice,make_payment,0.769,2,3,40,445,0,0,none,237,0
B-00178,2023-08-05 05:40:56.324853,B,llm_agent,voice,transfer_funds,0.941,1,3,54,356,0,0,none,332,1
B-00179,2023-11-12 09:17:59.752203,B,llm_agent,chat,update_address,0.821,2,4,6,801,0,0,none,630,1
B-00180,2023-12-23 00:48:49.360195,B,llm_agent,chat,freeze_card,0.948,2,2,53,600,0,0,none,675,1
B-00181,2023-10-07 23:20:28.646357,B,llm_agent,mobile_app,check_balance,0.679,2,4,17,402,0,0,none,499,1
B-00182,2023-12-21 23:32:53.308242,B,llm_agent,voice,check_balance,0.8,1,3,67,333,0,0,none,286,1
B-00183,2023-09-12 13:53:17.932804,B,llm_agent,voice,check_balance,0.974,2,4,114,502,0,0,none,452,0
B-00184,2023-08-22 09:52:31.704994,B,llm_agent,voice,check_balance,0.634,1,2,47,1119,0,0,none,125,1
B-00185,2023-12-01 11:10:36.665473,B,llm_agent,voice,check_balance,0.747,1,3,116,508,0,0,none,718,1
B-00186,2023-07-07 22:35:47.672062,B,llm_agent,voice,transfer_funds,0.919,2,3,40,973,0,0,none,632,1
B-00187,2023-08-21 10:55:20.162093,B,llm_agent,voice,check_balance,0.953,1,3,115,852,0,0,none,269,1
B-00188,2023-11-04 08:37:51.713036,B,llm_agent,chat,loan_inquiry,0.557,1,4,16,1044,0,0,none,46,1
B-00189,2023-08-04 13:42:00.769951,B,llm_agent,voice,dispute_charge,0.54,1,2,99,1163,0,1,customer_request,616,1
B-00190,2023-12-10 22:52:12.477565,B,llm_agent,voice,dispute_charge,0.732,1,4,86,318,0,0,none,50,1
B-00191,2023-09-27 05:43:29.680690,B,llm_agent,chat,loan_inquiry,0.865,1,3,87,534,0,0,none,105,1
B-00192,2023-08-15 00:00:25.084028,B,llm_agent,voice,update_address,0.887,1,1,106,1049,0,0,none,34,1
B-00193,2023-09-06 22:33:06.099535,B,llm_agent,mobile_app,check_balance,0.902,2,1,73,299,0,0,none,147,1
B-00194,2023-08-21 22:13:05.707542,B,llm_agent,chat,transfer_funds,0.866,1,1,19,603,0,0,none,663,1
B-00195,2023-11-06 06:26:12.617989,B,llm_agent,voice,make_payment,0.951,2,3,19,1025,0,0,none,359,1
B-00196,2023-07-21 02:42:06.722215,B,llm_agent,voice,update_address,0.877,1,4,115,331,0,0,none,145,1
B-00197,2023-12-04 05:19:58.574582,B,llm_agent,mobile_app,freeze_card,0.813,1,3,115,1185,0,0,none,692,1
B-00198,2023-07-28 05:36:58.608526,B,llm_agent,chat,request_statement,0.964,2,2,28,392,0,0,none,317,0
B-00199,2023-08-21 16:35:45.184481,B,llm_agent,mobile_app,make_payment,0.822,1,3,8,241,0,0,none,515,0
B-00200,2023-10-23 16:29:14.960119,B,llm_agent,voice,dispute_charge,0.939,2,4,40,653,0,0,none,405,1
B-00201,2023-09-03 19:40:31.672269,B,llm_agent,chat,check_balance,0.817,1,1,116,413,0,0,none,107,1
B-00202,2023-10-02 08:09:17.314312,B,llm_agent,voice,check_balance,0.914,1,4,11,307,0,0,none,520,1
B-00203,2023-10-13 03:30:22.089651,B,llm_agent,voice,dispute_charge,0.902,1,1,106,1049,0,1,customer_request,688,1
B-00204,2023-08-17 09:37:26.070985,B,llm_agent,voice,make_payment,0.853,2,1,93,625,0,0,none,703,1
B-00205,2023-10-06 19:58:15.750557,B,llm_agent,chat,transfer_funds,0.725,2,4,80,236,0,0,none,558,1
B-00206,2023-12-19 21:41:12.027163,B,llm_agent,voice,check_balance,0.562,1,4,56,992,0,0,none,493,1
B-00207,2023-07-01 10:52:26.617773,B,llm_agent,chat,freeze_card,0.85,1,2,109,279,0,0,none,538,1
B-00208,2023-10-18 02:38:06.695088,B,llm_agent,voice,check_balance,0.728,1,3,118,368,0,0,none,698,1
B-00209,2023-08-28 14:20:42.263383,B,llm_agent,mobile_app,check_balance,0.701,2,3,90,314,0,0,none,410,1
B-00210,2023-12-05 18:08:48.675156,B,llm_agent,voice,loan_inquiry,0.947,2,1,7,322,0,0,none,655,1
B-00211,2023-07-18 16:13:55.885038,B,llm_agent,mobile_app,request_statement,0.844,2,1,31,926,0,0,none,301,0
B-00212,2023-07-12 02:15:45.633549,B,llm_agent,chat,request_statement,0.666,2,1,84,563,0,0,none,248,1
B-00213,2023-09-13 02:18:16.005347,B,llm_agent,voice,update_address,0.944,2,2,88,1114,0,0,none,105,1
B-00214,2023-11-01 07:04:33.272114,B,llm_agent,chat,request_statement,0.767,1,3,72,945,0,0,none,349,1
B-00215,2023-07-02 04:20:14.968585,B,llm_agent,chat,update_address,0.857,1,4,68,689,0,0,none,457,1
B-00216,2023-11-26 10:56:20.081680,B,llm_agent,voice,freeze_card,0.839,2,1,33,414,0,1,timeout,311,1
B-00217,2023-08-31 13:58:03.964819,B,llm_agent,voice,make_payment,0.969,1,4,57,459,0,1,low_confidence,118,1
B-00218,2023-12-16 09:45:09.636708,B,llm_agent,mobile_app,update_address,0.92,2,3,101,967,0,0,none,334,0
B-00219,2023-12-13 18:07:21.151065,B,llm_agent,mobile_app,dispute_charge,0.801,1,4,70,549,0,1,low_confidence,437,1
B-00220,2023-11-17 18:38:57.475058,B,llm_agent,chat,make_payment,0.867,2,2,76,1151,0,0,none,111,1
B-00221,2023-11-12 20:55:43.729131,B,llm_agent,voice,make_payment,0.339,2,1,11,265,0,0,none,402,1
B-00222,2023-10-18 22:46:01.772263,B,llm_agent,voice,check_balance,0.831,2,1,76,445,0,0,none,293,1
B-00223,2023-11-23 09:23:21.895271,B,llm_agent,voice,request_statement,0.875,2,4,94,893,0,0,none,441,1
B-00224,2023-08-02 14:08:27.140113,B,llm_agent,chat,make_payment,0.926,2,2,27,637,0,0,none,34,1
B-00225,2023-11-27 12:44:23.281178,B,llm_agent,voice,check_balance,0.761,1,3,81,669,0,1,timeout,600,1
B-00226,2023-10-12 10:23:36.298757,B,llm_agent,voice,check_balance,0.682,1,4,61,559,0,0,none,305,1
B-00227,2023-11-21 02:26:15.297396,B,llm_agent,chat,transfer_funds,0.736,2,4,71,591,0,0,none,313,0
B-00228,2023-09-29 08:45:48.540780,B,llm_agent,mobile_app,make_payment,0.89,2,1,85,782,0,0,none,106,1
B-00229,2023-10-24 11:10:14.228088,B,llm_agent,voice,update_address,0.823,1,2,75,900,0,0,none,331,1
B-00230,2023-09-01 12:17:34.319239,B,llm_agent,voice,dispute_charge,0.859,1,4,104,588,0,0,none,304,1
B-00231,2023-09-16 16:00:56.437963,B,llm_agent,voice,freeze_card,0.933,2,2,98,816,0,0,none,71,1
B-00232,2023-09-05 18:05:02.442341,B,llm_agent,voice,make_payment,0.934,1,3,96,770,0,0,none,429,1
B-00233,2023-11-13 12:40:36.886772,B,llm_agent,voice,freeze_card,0.88,2,1,105,345,0,1,unresolved,228,0
B-00234,2023-08-06 16:48:39.182764,B,llm_agent,voice,check_balance,0.643,1,3,29,635,0,0,none,275,1
B-00235,2023-12-18 06:50:57.154217,B,llm_agent,voice,transfer_funds,0.87,1,1,44,557,0,0,none,85,1
B-00236,2023-11-29 18:13:02.907153,B,llm_agent,chat,check_balance,0.86,1,4,88,1122,0,0,none,471,1
B-00237,2023-12-05 16:44:21.133219,B,llm_agent,voice,make_payment,0.823,2,2,87,1013,0,0,none,127,1
B-00238,2023-12-15 06:12:14.117591,B,llm_agent,chat,freeze_card,0.981,1,3,65,682,0,0,none,440,0
B-00239,2023-09-18 18:59:50.436090,B,llm_agent,voice,make_payment,0.88,2,4,43,650,0,0,none,324,1
B-00240,2023-12-11 05:17:25.856914,B,llm_agent,chat,make_payment,0.555,2,3,72,521,0,0,none,543,1
B-00241,2023-09-20 06:30:32.147099,B,llm_agent,chat,loan_inquiry,0.931,1,4,31,822,0,0,none,310,1
B-00242,2023-07-19 14:15:04.897485,B,llm_agent,chat,make_payment,0.929,1,4,72,997,0,0,none,482,0
B-00243,2023-07-10 01:46:43.824113,B,llm_agent,voice,check_balance,0.887,1,1,64,399,0,0,none,675,1
B-00244,2023-07-12 15:15:29.454781,B,llm_agent,chat,loan_inquiry,0.782,1,1,52,678,0,0,none,208,1
B-00245,2023-08-04 09:43:30.206635,B,llm_agent,mobile_app,loan_inquiry,0.813,1,3,16,271,0,1,unresolved,112,1
B-00246,2023-09-04 20:15:49.767347,B,llm_agent,voice,freeze_card,0.911,1,2,67,900,0,0,none,449,1
B-00247,2023-12-27 04:52:35.093676,B,llm_agent,voice,check_balance,0.652,1,4,33,571,0,0,none,133,0
B-00248,2023-08-14 03:20:57.253280,B,llm_agent,voice,dispute_charge,0.895,2,3,58,527,0,0,none,181,1
B-00249,2023-12-15 01:51:36.145558,B,llm_agent,mobile_app,update_address,0.865,2,3,87,500,0,1,low_confidence,548,1
B-00250,2023-11-26 07:25:25.415963,B,llm_agent,voice,transfer_funds,0.381,2,4,76,585,0,0,none,502,0
B-00251,2023-12-05 14:03:05.198034,B,llm_agent,voice,make_payment,0.912,2,3,65,240,0,0,none,45,0
B-00252,2023-11-21 14:40:27.226272,B,llm_agent,mobile_app,check_balance,0.942,2,1,81,232,0,0,none,436,1
B-00253,2023-12-26 01:49:37.126448,B,llm_agent,voice,request_statement,0.926,2,3,22,212,0,0,none,479,1
B-00254,2023-07-22 22:13:21.670424,B,llm_agent,voice,make_payment,0.803,2,3,55,1108,0,0,none,252,0
B-00255,2023-09-26 15:40:17.630798,B,llm_agent,chat,make_payment,0.57,1,3,88,778,0,0,none,545,1
B-00256,2023-09-01 17:44:01.828506,B,llm_agent,voice,dispute_charge,0.934,2,2,118,661,0,0,none,527,1
B-00257,2023-08-22 00:22:15.724412,B,llm_agent,voice,update_address,0.98,2,1,119,854,0,0,none,464,1
B-00258,2023-09-20 18:27:05.551843,B,llm_agent,voice,update_address,0.662,2,2,16,693,0,1,low_confidence,202,1
B-00259,2023-09-27 00:14:34.345403,B,llm_agent,chat,transfer_funds,0.899,1,2,12,1160,0,0,none,228,1
B-00260,2023-12-28 10:16:32.098582,B,llm_agent,chat,loan_inquiry,0.825,1,1,106,1137,0,1,timeout,407,1
B-00261,2023-08-18 10:28:54.956780,B,llm_agent,voice,loan_inquiry,0.739,1,2,8,893,0,0,none,101,1
B-00262,2023-12-14 20:06:14.125851,B,llm_agent,voice,dispute_charge,0.659,1,2,105,596,0,0,none,313,0
B-00263,2023-07-31 13:20:53.137432,B,llm_agent,mobile_app,make_payment,0.782,2,1,79,328,0,0,none,715,1
B-00264,2023-10-30 16:53:00.096210,B,llm_agent,voice,check_balance,0.824,1,1,10,377,0,0,none,473,1
B-00265,2023-08-25 21:23:17.025031,B,llm_agent,mobile_app,loan_inquiry,0.671,2,2,62,718,0,0,none,622,1
B-00266,2023-12-23 17:59:17.194227,B,llm_agent,mobile_app,update_address,0.672,2,2,63,379,0,0,none,253,1
B-00267,2023-10-25 03:13:13.273172,B,llm_agent,voice,request_statement,0.886,2,4,70,854,0,0,none,534,1
B-00268,2023-07-12 18:02:04.505768,B,llm_agent,chat,update_address,0.821,2,1,60,274,0,0,none,537,1
B-00269,2023-12-17 00:11:14.330335,B,llm_agent,chat,make_payment,0.876,2,1,81,1175,0,0,none,159,1
B-00270,2023-08-23 18:26:45.985640,B,llm_agent,chat,make_payment,0.829,1,2,57,481,0,0,none,182,1
B-00271,2023-12-17 17:08:00.699818,B,llm_agent,chat,transfer_funds,0.888,1,4,54,854,0,0,none,327,1
B-00272,2023-07-03 11:13:38.720442,B,llm_agent,voice,freeze_card,0.825,1,3,31,647,0,0,none,469,1
B-00273,2023-08-10 00:29:25.338127,B,llm_agent,mobile_app,transfer_funds,0.943,2,2,55,1082,0,0,none,519,1
B-00274,2023-08-20 22:43:30.947784,B,llm_agent,voice,transfer_funds,0.856,1,1,66,854,0,0,none,703,1
B-00275,2023-11-03 21:38:04.524935,B,llm_agent,chat,loan_inquiry,0.661,1,4,85,820,0,0,none,99,1
B-00276,2023-11-24 00:35:58.877699,B,llm_agent,mobile_app,check_balance,0.869,2,2,86,525,0,0,none,472,0
B-00277,2023-10-24 07:21:22.311479,B,llm_agent,voice,make_payment,0.787,1,2,81,659,0,0,none,690,1
B-00278,2023-07-12 08:24:17.804157,B,llm_agent,chat,freeze_card,0.896,1,3,65,1133,0,0,none,146,1
B-00279,2023-09-18 08:32:22.140942,B,llm_agent,chat,dispute_charge,0.626,1,4,111,682,0,0,none,689,1
B-00280,2023-09-29 09:34:38.471161,B,llm_agent,mobile_app,check_balance,0.445,1,4,95,740,0,0,none,611,1
B-00281,2023-09-04 15:30:27.656138,B,llm_agent,voice,check_balance,0.857,1,3,90,959,0,0,none,133,1
B-00282,2023-09-15 18:38:43.023756,B,llm_agent,chat,make_payment,0.778,1,3,52,469,0,0,none,176,1
B-00283,2023-09-27 07:38:54.343798,B,llm_agent,voice,check_balance,0.532,1,3,47,611,0,0,none,165,1
B-00284,2023-10-10 09:10:33.359796,B,llm_agent,voice,dispute_charge,0.946,2,3,24,1102,0,0,none,93,1
B-00285,2023-10-24 11:08:08.006983,B,llm_agent,voice,check_balance,0.735,1,3,68,705,0,0,none,281,0
B-00286,2023-08-08 10:51:26.634948,B,llm_agent,voice,update_address,0.935,1,4,9,760,0,0,none,334,1
B-00287,2023-12-13 00:12:25.862454,B,llm_agent,voice,make_payment,0.939,2,2,96,704,0,0,none,340,1
B-00288,2023-11-29 12:03:40.388395,B,llm_agent,voice,request_statement,0.771,1,4,22,1032,0,0,none,604,1
B-00289,2023-11-21 22:48:24.093978,B,llm_agent,voice,check_balance,0.933,1,2,103,610,0,0,none,334,1
B-00290,2023-11-25 11:18:41.880539,B,llm_agent,voice,request_statement,0.77,1,1,87,544,0,1,low_confidence,162,1
B-00291,2023-10-05 03:48:36.424842,B,llm_agent,mobile_app,dispute_charge,0.829,1,1,55,1119,0,0,none,504,1
B-00292,2023-12-22 09:49:35.839797,B,llm_agent,voice,check_balance,0.588,1,3,29,215,0,0,none,472,1
B-00293,2023-09-05 23:15:03.586331,B,llm_agent,voice,request_statement,0.779,2,1,74,964,0,1,unresolved,354,1
B-00294,2023-09-15 20:33:51.397232,B,llm_agent,chat,check_balance,0.79,2,3,76,506,0,0,none,473,1
B-00295,2023-11-27 09:05:46.069791,B,llm_agent,mobile_app,check_balance,0.884,1,3,33,1066,0,0,none,157,1
B-00296,2023-12-07 00:39:54.198038,B,llm_agent,chat,make_payment,0.882,1,4,9,741,0,0,none,567,1
B-00297,2023-09-21 03:57:08.720080,B,llm_agent,voice,transfer_funds,0.717,1,3,33,873,0,0,none,210,1
B-00298,2023-12-03 04:28:03.409987,B,llm_agent,voice,request_statement,0.803,2,4,86,814,0,0,none,63,1
B-00299,2023-10-24 21:10:00.626832,B,llm_agent,voice,request_statement,0.724,2,1,62,414,0,0,none,313,1
B-00300,2023-09-10 00:11:16.091558,B,llm_agent,chat,update_address,0.76,1,4,36,1050,0,0,none,195,1
B-00301,2023-12-13 16:56:28.851773,B,llm_agent,voice,make_payment,0.789,2,4,65,581,0,0,none,388,1
B-00302,2023-10-01 01:58:24.608220,B,llm_agent,voice,dispute_charge,0.933,2,2,89,653,0,0,none,350,1
B-00303,2023-12-03 09:26:18.642193,B,llm_agent,voice,check_balance,0.792,2,3,95,507,0,0,none,666,1
B-00304,2023-11-26 16:08:20.756437,B,llm_agent,voice,dispute_charge,0.678,2,2,81,513,0,0,none,317,1
B-00305,2023-07-18 16:24:26.208210,B,llm_agent,voice,freeze_card,0.832,1,4,63,394,0,0,none,96,1
B-00306,2023-12-07 09:59:08.565863,B,llm_agent,voice,request_statement,0.79,1,3,54,1036,0,0,none,384,1
B-00307,2023-07-30 17:21:34.320545,B,llm_agent,voice,make_payment,0.883,1,2,61,589,0,0,none,584,1
B-00308,2023-11-26 22:28:26.618725,B,llm_agent,voice,make_payment,0.74,2,3,5,938,0,0,none,213,1
B-00309,2023-11-16 06:27:26.547505,B,llm_agent,voice,make_payment,0.667,1,3,116,306,0,0,none,244,1
B-00310,2023-11-12 21:40:33.828894,B,llm_agent,voice,transfer_funds,0.687,2,4,88,890,0,0,none,154,1
B-00311,2023-12-16 12:29:23.726349,B,llm_agent,chat,make_payment,0.706,2,2,53,928,0,0,none,531,1
B-00312,2023-10-18 21:39:24.165906,B,llm_agent,voice,transfer_funds,0.538,1,2,51,535,0,0,none,145,0
B-00313,2023-08-31 23:09:01.337722,B,llm_agent,voice,update_address,0.73,2,2,10,827,0,0,none,208,0
B-00314,2023-10-17 13:18:04.523445,B,llm_agent,chat,make_payment,0.87,2,3,43,529,0,0,none,90,0
B-00315,2023-11-05 09:23:53.632343,B,llm_agent,voice,make_payment,0.773,1,3,55,1008,0,0,none,295,1
B-00316,2023-09-05 17:24:36.018886,B,llm_agent,voice,check_balance,0.815,1,3,107,327,0,0,none,628,0
B-00317,2023-08-16 12:52:05.183319,B,llm_agent,voice,loan_inquiry,0.759,2,1,77,362,0,0,none,335,1
B-00318,2023-09-28 14:43:21.191182,B,llm_agent,mobile_app,transfer_funds,0.677,2,1,113,1050,0,0,none,111,1
B-00319,2023-12-12 09:21:49.924419,B,llm_agent,voice,update_address,0.862,2,4,97,441,0,0,none,548,1
B-00320,2023-10-24 09:00:03.636923,B,llm_agent,voice,loan_inquiry,0.812,2,1,82,723,0,0,none,274,1
B-00321,2023-12-12 04:44:48.127130,B,llm_agent,voice,transfer_funds,0.759,2,2,92,927,0,0,none,144,1
B-00322,2023-09-25 22:42:28.776041,B,llm_agent,chat,check_balance,0.872,1,3,14,660,0,0,none,43,1
B-00323,2023-12-21 07:10:58.347995,B,llm_agent,voice,update_address,0.632,1,3,51,306,0,0,none,269,0
B-00324,2023-11-22 20:31:25.986360,B,llm_agent,chat,make_payment,0.807,2,4,73,750,0,0,none,138,1
B-00325,2023-09-03 21:19:47.104575,B,llm_agent,voice,dispute_charge,0.678,2,2,6,1138,0,0,none,394,1
B-00326,2023-09-21 00:34:49.705794,B,llm_agent,voice,make_payment,0.896,2,2,27,303,0,0,none,328,1
B-00327,2023-12-30 14:12:04.736217,B,llm_agent,chat,dispute_charge,0.783,1,1,73,454,0,0,none,483,1
B-00328,2023-12-22 12:39:06.799687,B,llm_agent,voice,check_balance,0.761,2,3,21,787,0,0,none,219,1
B-00329,2023-09-14 01:46:37.353926,B,llm_agent,voice,check_balance,0.8,1,1,54,325,0,0,none,82,1
B-00330,2023-11-30 12:59:33.531240,B,llm_agent,chat,transfer_funds,0.834,1,3,55,1060,0,0,none,108,1
B-00331,2023-12-14 11:31:51.556311,B,llm_agent,mobile_app,dispute_charge,0.669,1,1,111,965,0,0,none,95,0
B-00332,2023-08-16 01:40:36.623274,B,llm_agent,voice,dispute_charge,0.896,1,2,102,881,0,0,none,214,1
B-00333,2023-10-03 17:19:33.107603,B,llm_agent,chat,update_address,0.971,2,1,18,966,0,0,none,525,1
B-00334,2023-11-16 13:07:07.787393,B,llm_agent,voice,make_payment,0.953,2,2,37,311,0,0,none,407,1
B-00335,2023-07-15 01:34:34.158180,B,llm_agent,chat,transfer_funds,0.712,2,4,58,337,0,0,none,282,1
B-00336,2023-11-25 10:33:52.984587,B,llm_agent,chat,check_balance,0.856,1,2,101,401,0,1,low_confidence,193,0
B-00337,2023-08-08 14:54:53.095040,B,llm_agent,chat,make_payment,0.488,1,1,88,434,0,0,none,144,0
B-00338,2023-09-26 15:39:07.844838,B,llm_agent,voice,make_payment,0.955,1,4,17,268,0,0,none,130,1
B-00339,2023-09-07 15:53:43.095434,B,llm_agent,voice,make_payment,0.815,1,2,30,979,0,0,none,211,1
B-00340,2023-11-13 10:49:23.961517,B,llm_agent,voice,dispute_charge,0.964,2,1,94,642,0,0,none,374,0
B-00341,2023-08-12 16:03:31.639851,B,llm_agent,chat,make_payment,0.849,2,3,34,882,0,0,none,442,1
B-00342,2023-09-24 08:14:38.192812,B,llm_agent,chat,request_statement,0.853,1,3,102,896,0,0,none,682,1
B-00343,2023-08-18 14:25:23.941761,B,llm_agent,voice,check_balance,0.797,1,2,67,424,0,0,none,687,0
B-00344,2023-07-11 00:41:28.887583,B,llm_agent,voice,dispute_charge,0.756,1,2,91,265,0,0,none,211,1
B-00345,2023-12-02 08:42:15.869490,B,llm_agent,chat,request_statement,0.772,1,2,116,878,0,0,none,535,1
B-00346,2023-08-11 02:05:30.395805,B,llm_agent,voice,check_balance,0.838,2,2,106,576,0,0,none,120,1
B-00347,2023-08-12 12:46:34.146357,B,llm_agent,mobile_app,check_balance,0.765,1,3,112,981,0,0,none,579,0
B-00348,2023-07-09 13:21:53.600784,B,llm_agent,voice,request_statement,0.95,2,1,15,273,0,0,none,671,0
B-00349,2023-09-30 23:50:39.241699,B,llm_agent,chat,freeze_card,0.894,1,2,35,584,0,0,none,449,0
B-00350,2023-08-19 05:17:23.549770,B,llm_agent,voice,freeze_card,0.949,1,1,49,941,0,1,timeout,401,1
B-00351,2023-10-12 11:40:56.434819,B,llm_agent,voice,loan_inquiry,0.742,1,2,28,841,0,0,none,286,1
B-00352,2023-11-10 09:44:26.267211,B,llm_agent,mobile_app,loan_inquiry,0.813,2,3,79,416,0,0,none,640,1
B-00353,2023-07-09 09:43:22.639985,B,llm_agent,chat,make_payment,0.917,2,4,37,526,0,0,none,693,1
B-00354,2023-08-06 16:33:03.678954,B,llm_agent,voice,loan_inquiry,0.823,1,3,43,930,0,1,low_confidence,517,1
B-00355,2023-09-10 12:47:41.479251,B,llm_agent,mobile_app,freeze_card,0.794,1,3,100,537,0,0,none,86,1
B-00356,2023-12-08 23:55:17.517930,B,llm_agent,voice,make_payment,0.488,2,1,83,654,0,0,none,636,1
B-00357,2023-07-21 01:54:47.291962,B,llm_agent,chat,dispute_charge,0.594,2,1,12,1058,0,0,none,587,1
B-00358,2023-11-14 02:54:06.830325,B,llm_agent,voice,check_balance,0.834,1,1,64,668,0,0,none,277,0
B-00359,2023-12-22 12:08:01.845668,B,llm_agent,mobile_app,check_balance,0.54,2,3,14,483,0,0,none,208,1
B-00360,2023-07-15 05:06:48.290279,B,llm_agent,mobile_app,dispute_charge,0.743,1,2,81,910,0,0,none,559,1
B-00361,2023-08-30 22:34:37.586308,B,llm_agent,voice,check_balance,0.905,2,4,102,534,0,0,none,449,1
B-00362,2023-11-18 19:56:31.506777,B,llm_agent,voice,check_balance,0.859,2,4,18,859,0,1,timeout,548,1
B-00363,2023-12-19 03:19:05.641265,B,llm_agent,chat,make_payment,0.847,2,2,59,634,0,1,low_confidence,707,1
B-00364,2023-08-15 03:37:58.682239,B,llm_agent,voice,make_payment,0.719,2,1,114,1149,0,0,none,284,0
B-00365,2023-10-26 11:08:16.739747,B,llm_agent,voice,dispute_charge,0.795,1,2,92,631,0,0,none,611,1
B-00366,2023-11-11 21:01:38.197554,B,llm_agent,chat,loan_inquiry,0.895,1,1,8,239,0,0,none,353,1
B-00367,2023-09-12 22:28:21.950184,B,llm_agent,voice,freeze_card,0.621,1,3,76,584,0,0,none,616,1
B-00368,2023-10-31 12:34:02.377143,B,llm_agent,mobile_app,dispute_charge,0.737,2,1,61,989,0,0,none,197,1
B-00369,2023-10-09 11:46:03.096805,B,llm_agent,chat,dispute_charge,0.808,2,2,54,1051,0,0,none,597,0
B-00370,2023-12-19 12:04:50.858743,B,llm_agent,voice,make_payment,0.834,2,3,96,530,0,0,none,517,1
B-00371,2023-10-07 14:03:47.124149,B,llm_agent,voice,transfer_funds,0.775,2,1,17,741,0,1,timeout,343,1
B-00372,2023-10-03 12:58:06.557151,B,llm_agent,chat,check_balance,0.945,1,2,114,430,0,0,none,664,1
B-00373,2023-10-31 11:32:43.496586,B,llm_agent,voice,make_payment,0.838,2,1,86,499,0,0,none,301,1
B-00374,2023-07-28 20:53:26.772985,B,llm_agent,mobile_app,check_balance,0.6,2,4,29,674,0,0,none,542,1
B-00375,2023-10-06 03:58:07.990053,B,llm_agent,voice,check_balance,0.743,1,2,97,562,0,0,none,387,1
B-00376,2023-07-10 06:36:55.035269,B,llm_agent,voice,check_balance,0.823,2,2,73,472,0,0,none,127,1
B-00377,2023-10-23 17:53:21.438400,B,llm_agent,voice,make_payment,0.838,2,4,81,435,0,0,none,226,1
B-00378,2023-10-06 20:14:34.253351,B,llm_agent,voice,request_statement,0.628,2,3,8,251,0,0,none,582,1
B-00379,2023-12-01 14:38:43.620027,B,llm_agent,voice,check_balance,0.7,2,3,6,603,0,0,none,359,1
B-00380,2023-11-23 23:30:44.229831,B,llm_agent,voice,freeze_card,0.577,2,2,60,478,0,0,none,616,1
B-00381,2023-09-18 03:44:16.707647,B,llm_agent,voice,check_balance,0.993,1,4,58,1122,0,0,none,117,1
B-00382,2023-10-29 14:17:55.997946,B,llm_agent,voice,check_balance,0.947,2,4,20,965,0,0,none,560,1
B-00383,2023-08-25 12:09:33.640646,B,llm_agent,voice,request_statement,0.565,1,4,13,865,0,0,none,645,1
B-00384,2023-09-09 23:23:00.714513,B,llm_agent,voice,request_statement,0.863,2,4,21,1195,0,0,none,714,0
B-00385,2023-07-15 06:41:01.250150,B,llm_agent,voice,check_balance,0.83,2,3,22,371,0,0,none,537,1
B-00386,2023-07-19 10:17:27.422513,B,llm_agent,voice,request_statement,0.821,1,1,47,420,0,0,none,355,0
B-00387,2023-11-27 19:55:44.097957,B,llm_agent,mobile_app,request_statement,0.83,1,3,46,979,0,0,none,72,1
B-00388,2023-12-25 20:46:38.522268,B,llm_agent,voice,dispute_charge,0.987,2,2,102,263,0,0,none,171,1
B-00389,2023-09-28 12:39:36.563753,B,llm_agent,voice,request_statement,0.904,1,3,89,1117,0,0,none,485,1
B-00390,2023-07-24 10:01:07.628405,B,llm_agent,mobile_app,transfer_funds,0.671,2,3,104,383,0,0,none,639,1
B-00391,2023-07-17 03:58:55.760090,B,llm_agent,chat,update_address,0.78,2,1,21,775,0,0,none,553,1
B-00392,2023-07-09 07:25:34.678519,B,llm_agent,voice,make_payment,0.88,2,3,118,829,0,0,none,448,1
B-00393,2023-12-08 19:36:05.632319,B,llm_agent,mobile_app,update_address,0.619,1,3,21,507,0,0,none,624,1
B-00394,2023-09-19 22:08:11.501484,B,llm_agent,mobile_app,make_payment,0.817,2,3,18,429,0,0,none,242,1
B-00395,2023-12-09 02:34:42.224273,B,llm_agent,chat,check_balance,0.769,1,3,80,1137,0,0,none,257,1
B-00396,2023-09-05 09:32:23.855103,B,llm_agent,chat,request_statement,0.656,2,1,83,1145,0,0,none,90,1
B-00397,2023-10-16 14:45:56.633804,B,llm_agent,chat,request_statement,0.84,1,1,33,887,0,0,none,465,1
B-00398,2023-11-01 07:29:55.243477,B,llm_agent,mobile_app,check_balance,0.771,1,2,88,754,0,1,low_confidence,156,1
B-00399,2023-07-10 03:44:56.789753,B,llm_agent,voice,loan_inquiry,0.759,1,4,62,229,0,0,none,220,1
B-00400,2023-11-02 17:33:46.557827,B,llm_agent,chat,request_statement,0.827,2,3,24,828,0,0,none,94,1
B-00401,2023-11-24 08:21:08.728210,B,llm_agent,voice,request_statement,0.83,1,2,23,534,0,1,customer_request,615,1
B-00402,2023-07-05 00:58:27.506436,B,llm_agent,chat,dispute_charge,0.848,1,3,66,485,0,0,none,172,1
B-00403,2023-07-11 18:20:43.526849,B,llm_agent,mobile_app,loan_inquiry,0.544,2,2,88,1179,0,0,none,633,1
B-00404,2023-10-04 13:00:45.324132,B,llm_agent,voice,check_balance,0.862,2,2,15,528,0,0,none,189,1
B-00405,2023-12-25 18:18:48.453847,B,llm_agent,voice,request_statement,0.63,2,1,16,657,0,1,unresolved,82,1
B-00406,2023-12-26 02:29:30.140336,B,llm_agent,chat,loan_inquiry,0.868,2,3,84,299,0,0,none,705,1
B-00407,2023-07-21 01:16:10.050501,B,llm_agent,chat,check_balance,0.803,2,1,100,385,0,0,none,226,1
B-00408,2023-11-17 05:47:12.402554,B,llm_agent,chat,dispute_charge,0.841,2,4,92,1043,0,0,none,528,1
B-00409,2023-11-23 04:15:24.192438,B,llm_agent,mobile_app,transfer_funds,0.918,2,2,7,508,0,0,none,100,1
B-00410,2023-12-08 11:35:15.425472,B,llm_agent,voice,make_payment,0.792,1,1,112,303,0,0,none,158,1
B-00411,2023-07-08 23:07:54.172292,B,llm_agent,chat,check_balance,0.852,1,1,35,648,0,0,none,305,0
B-00412,2023-12-25 22:55:41.554560,B,llm_agent,chat,freeze_card,0.65,2,2,64,248,0,0,none,550,0
B-00413,2023-11-28 08:56:39.159466,B,llm_agent,voice,make_payment,0.827,1,4,114,959,0,0,none,33,1
B-00414,2023-10-20 04:57:28.632573,B,llm_agent,voice,freeze_card,0.918,2,4,72,979,0,0,none,466,1
B-00415,2023-07-13 05:30:33.387500,B,llm_agent,chat,request_statement,0.709,2,2,94,268,0,0,none,570,1
B-00416,2023-08-13 22:46:30.272182,B,llm_agent,chat,transfer_funds,0.77,1,4,19,1135,0,1,low_confidence,99,1
B-00417,2023-09-02 10:24:18.575591,B,llm_agent,chat,freeze_card,0.755,1,3,31,662,0,0,none,327,1
B-00418,2023-12-04 21:38:44.808749,B,llm_agent,voice,make_payment,0.789,2,3,59,975,0,1,low_confidence,683,1
B-00419,2023-11-17 06:50:26.695005,B,llm_agent,chat,check_balance,0.799,1,2,77,922,0,0,none,398,1
B-00420,2023-12-20 03:38:41.527450,B,llm_agent,voice,check_balance,0.837,1,3,104,316,0,0,none,547,1
B-00421,2023-09-16 07:47:04.176819,B,llm_agent,voice,dispute_charge,0.773,1,4,115,672,0,1,customer_request,542,1
B-00422,2023-12-15 18:34:39.463315,B,llm_agent,chat,make_payment,0.784,2,1,47,872,0,1,unresolved,315,1
B-00423,2023-12-11 21:57:04.778696,B,llm_agent,chat,update_address,0.966,1,2,107,654,0,0,none,521,0
B-00424,2023-07-04 09:11:34.789755,B,llm_agent,chat,transfer_funds,0.873,2,1,86,513,0,0,none,683,1
B-00425,2023-08-13 18:48:14.921700,B,llm_agent,voice,dispute_charge,0.973,2,2,93,356,0,1,low_confidence,247,1
B-00426,2023-11-24 09:05:09.794963,B,llm_agent,chat,make_payment,0.931,1,2,85,326,0,0,none,63,1
B-00427,2023-10-30 17:05:01.332240,B,llm_agent,mobile_app,request_statement,0.663,2,1,99,555,0,0,none,570,1
B-00428,2023-08-10 18:55:26.082484,B,llm_agent,voice,make_payment,0.879,1,3,85,1126,0,0,none,246,1
B-00429,2023-11-21 00:12:56.159318,B,llm_agent,voice,freeze_card,0.637,1,4,91,816,0,0,none,472,1
B-00430,2023-08-27 22:18:48.451525,B,llm_agent,mobile_app,make_payment,0.825,1,4,17,1195,0,0,none,139,1
B-00431,2023-10-19 04:37:14.422557,B,llm_agent,voice,transfer_funds,0.934,2,4,30,681,0,0,none,180,1
B-00432,2023-12-19 01:01:00.523583,B,llm_agent,chat,make_payment,0.976,2,1,115,623,0,1,low_confidence,552,1
B-00433,2023-08-13 20:24:10.992536,B,llm_agent,chat,make_payment,0.914,2,3,54,560,0,0,none,50,1
B-00434,2023-07-11 03:10:26.533363,B,llm_agent,voice,make_payment,0.615,2,2,83,931,0,0,none,373,0
B-00435,2023-10-29 19:19:46.497112,B,llm_agent,mobile_app,dispute_charge,0.836,2,2,52,1138,0,0,none,551,0
B-00436,2023-11-11 07:13:36.407696,B,llm_agent,voice,request_statement,0.952,2,4,107,1001,0,0,none,354,1
B-00437,2023-08-27 04:50:46.203890,B,llm_agent,voice,make_payment,0.924,2,1,109,461,0,0,none,144,1
B-00438,2023-09-24 17:15:39.265760,B,llm_agent,voice,transfer_funds,0.832,1,1,11,596,0,0,none,467,1
B-00439,2023-09-30 16:47:16.551667,B,llm_agent,mobile_app,loan_inquiry,0.938,2,2,64,680,0,0,none,107,1
B-00440,2023-11-27 07:38:23.644658,B,llm_agent,voice,make_payment,0.673,1,2,101,1017,0,0,none,430,1
B-00441,2023-11-04 20:00:13.157659,B,llm_agent,chat,transfer_funds,0.965,1,2,12,613,0,0,none,320,1
B-00442,2023-08-19 22:56:43.128093,B,llm_agent,voice,update_address,0.89,1,2,61,538,0,0,none,404,1
B-00443,2023-08-19 23:04:09.736068,B,llm_agent,voice,loan_inquiry,0.837,1,2,5,954,0,0,none,665,1
B-00444,2023-08-29 11:14:47.893762,B,llm_agent,voice,loan_inquiry,0.967,1,2,77,799,0,0,none,640,1
B-00445,2023-07-27 17:01:29.345276,B,llm_agent,voice,make_payment,0.952,2,4,73,517,0,0,none,525,1
B-00446,2023-07-25 13:45:04.299283,B,llm_agent,voice,check_balance,0.979,2,3,80,903,0,0,none,371,1
B-00447,2023-11-27 14:04:17.281103,B,llm_agent,voice,update_address,0.918,1,3,97,683,0,0,none,580,1
B-00448,2023-11-30 04:50:57.638091,B,llm_agent,voice,check_balance,0.855,1,2,30,220,0,0,none,99,0
B-00449,2023-08-17 14:16:15.692415,B,llm_agent,voice,make_payment,0.809,1,1,112,1048,0,0,none,216,0
B-00450,2023-12-03 14:56:33.630915,B,llm_agent,chat,make_payment,0.854,1,1,18,268,0,0,none,350,1
B-00451,2023-10-13 10:40:04.271832,B,llm_agent,voice,check_balance,0.845,2,4,84,764,0,0,none,606,1
B-00452,2023-11-08 07:47:49.347010,B,llm_agent,voice,check_balance,0.646,1,1,105,640,0,0,none,296,1
B-00453,2023-12-09 02:54:39.337803,B,llm_agent,voice,dispute_charge,0.77,1,2,102,998,0,0,none,316,1
B-00454,2023-08-26 10:14:51.777585,B,llm_agent,mobile_app,dispute_charge,0.868,2,2,64,530,0,0,none,686,1
B-00455,2023-10-30 04:29:48.614302,B,llm_agent,chat,transfer_funds,0.896,1,3,71,949,0,0,none,705,1
B-00456,2023-08-26 11:04:41.832788,B,llm_agent,mobile_app,check_balance,0.734,1,1,36,203,0,0,none,55,0
B-00457,2023-12-13 05:36:08.054691,B,llm_agent,voice,freeze_card,0.967,2,2,43,1189,0,0,none,423,1
B-00458,2023-08-24 19:46:50.778777,B,llm_agent,chat,update_address,0.917,1,2,103,827,0,0,none,507,1
B-00459,2023-10-23 10:28:00.432734,B,llm_agent,voice,check_balance,0.941,2,2,113,940,0,0,none,448,1
B-00460,2023-08-04 22:59:19.039260,B,llm_agent,chat,request_statement,0.797,1,2,38,1036,0,0,none,698,1
B-00461,2023-09-06 16:04:18.643854,B,llm_agent,voice,freeze_card,0.79,2,1,75,841,0,0,none,661,0
B-00462,2023-09-03 07:20:35.301010,B,llm_agent,chat,check_balance,0.827,1,4,56,378,0,0,none,203,1
B-00463,2023-11-15 07:25:33.807527,B,llm_agent,mobile_app,update_address,0.962,1,1,113,961,0,0,none,684,1
B-00464,2023-08-22 10:43:34.915509,B,llm_agent,chat,freeze_card,0.802,1,1,47,524,0,0,none,320,1
B-00465,2023-08-29 21:58:43.803284,B,llm_agent,voice,request_statement,0.518,2,3,82,1114,0,0,none,42,1
B-00466,2023-07-02 17:20:58.275428,B,llm_agent,chat,check_balance,0.813,2,4,72,734,0,0,none,278,1
B-00467,2023-08-27 19:09:21.070790,B,llm_agent,chat,freeze_card,0.865,1,3,9,989,0,0,none,190,0
B-00468,2023-08-19 19:16:18.060465,B,llm_agent,voice,make_payment,0.862,1,4,68,831,0,0,none,668,0
B-00469,2023-10-08 15:54:56.420319,B,llm_agent,voice,dispute_charge,0.654,2,2,103,898,0,0,none,453,0
B-00470,2023-09-12 12:37:11.241481,B,llm_agent,chat,check_balance,0.798,2,2,100,471,0,0,none,243,1
B-00471,2023-12-27 10:13:48.321892,B,llm_agent,voice,request_statement,0.604,2,3,75,912,0,1,customer_request,32,1
B-00472,2023-10-08 22:36:46.030808,B,llm_agent,voice,transfer_funds,0.692,1,4,65,851,0,0,none,284,0
B-00473,2023-07-14 07:30:43.815439,B,llm_agent,mobile_app,make_payment,0.808,1,3,65,775,0,0,none,249,1
B-00474,2023-11-26 03:15:33.545818,B,llm_agent,mobile_app,update_address,0.825,2,1,29,690,0,0,none,339,1
B-00475,2023-07-10 17:56:21.229146,B,llm_agent,voice,make_payment,0.687,1,1,82,455,0,0,none,165,1
B-00476,2023-12-01 05:06:45.608281,B,llm_agent,mobile_app,freeze_card,0.885,1,3,76,278,0,0,none,399,1
B-00477,2023-09-13 04:49:46.010173,B,llm_agent,mobile_app,make_payment,0.808,2,2,78,936,0,0,none,391,1
B-00478,2023-07-12 06:53:06.064580,B,llm_agent,chat,dispute_charge,0.724,2,3,54,659,0,0,none,528,0
B-00479,2023-12-26 20:35:22.424457,B,llm_agent,chat,freeze_card,0.635,2,1,48,834,0,1,unresolved,442,0
B-00480,2023-09-29 15:54:32.237432,B,llm_agent,mobile_app,make_payment,0.901,1,3,56,550,0,0,none,530,1
B-00481,2023-12-04 10:20:20.082423,B,llm_agent,chat,dispute_charge,0.536,1,2,42,1017,0,0,none,160,0
B-00482,2023-09-15 23:05:26.482668,B,llm_agent,voice,check_balance,0.953,2,4,64,1105,0,0,none,124,1
B-00483,2023-09-23 11:22:47.830855,B,llm_agent,voice,request_statement,0.792,1,4,69,696,0,0,none,400,1
B-00484,2023-09-05 07:30:11.337832,B,llm_agent,voice,check_balance,0.81,2,2,78,1141,0,0,none,713,1
B-00485,2023-09-06 12:18:19.261581,B,llm_agent,voice,freeze_card,0.76,2,3,107,597,0,0,none,303,1
B-00486,2023-11-23 04:51:19.407764,B,llm_agent,voice,check_balance,0.936,1,2,27,1099,0,0,none,533,1
B-00487,2023-07-06 15:12:19.337905,B,llm_agent,voice,update_address,0.957,1,1,72,267,0,0,none,713,1
B-00488,2023-09-28 15:28:57.257893,B,llm_agent,voice,make_payment,0.815,2,1,36,696,0,0,none,95,1
B-00489,2023-08-18 14:19:36.842700,B,llm_agent,voice,dispute_charge,0.787,2,1,92,218,0,0,none,74,1
B-00490,2023-10-10 21:06:31.889699,B,llm_agent,mobile_app,dispute_charge,0.927,1,4,74,330,0,0,none,485,1
B-00491,2023-08-09 09:12:35.197310,B,llm_agent,voice,update_address,0.935,1,3,31,505,0,0,none,610,0
B-00492,2023-09-02 19:42:46.258268,B,llm_agent,chat,make_payment,0.801,1,4,43,323,0,0,none,491,1
B-00493,2023-10-06 14:04:09.830460,B,llm_agent,chat,loan_inquiry,0.886,2,1,79,806,0,0,none,719,1
B-00494,2023-11-13 18:01:22.331904,B,llm_agent,mobile_app,check_balance,0.83,2,2,56,552,0,0,none,55,1
B-00495,2023-12-21 02:41:41.813584,B,llm_agent,voice,make_payment,0.871,1,1,60,223,0,0,none,403,1
B-00496,2023-08-14 11:49:28.649597,B,llm_agent,voice,update_address,0.881,2,4,108,549,0,1,unresolved,518,0
B-00497,2023-09-27 08:57:23.497087,B,llm_agent,chat,freeze_card,0.738,2,1,26,439,0,0,none,499,0
B-00498,2023-09-02 19:15:34.122004,B,llm_agent,chat,loan_inquiry,0.806,1,3,42,814,0,0,none,53,1
B-00499,2023-10-19 21:42:49.980725,B,llm_agent,chat,request_statement,0.864,2,2,109,483,0,0,none,118,1
B-00500,2023-09-06 01:34:54.297351,B,llm_agent,voice,loan_inquiry,0.857,1,1,106,1059,0,0,none,717,0
B-00501,2023-07-18 17:53:18.106964,B,llm_agent,voice,make_payment,0.91,2,2,27,607,0,0,none,272,1
B-00502,2023-10-21 10:25:50.596501,B,llm_agent,voice,check_balance,0.755,1,3,47,247,0,0,none,156,1
B-00503,2023-07-07 12:11:36.077527,B,llm_agent,chat,request_statement,0.928,2,1,106,830,0,0,none,155,1
B-00504,2023-07-08 21:02:32.847507,B,llm_agent,voice,transfer_funds,0.896,1,4,26,963,0,0,none,148,1
B-00505,2023-12-09 19:29:54.205470,B,llm_agent,voice,loan_inquiry,0.857,1,2,84,1108,0,0,none,432,1
B-00506,2023-12-07 06:16:22.820456,B,llm_agent,chat,make_payment,0.795,2,4,17,1072,0,0,none,377,1
B-00507,2023-10-11 23:26:26.319326,B,llm_agent,voice,dispute_charge,0.967,2,4,90,1140,0,0,none,680,1
B-00508,2023-07-04 07:04:05.947547,B,llm_agent,voice,update_address,0.723,2,1,102,345,0,0,none,359,1
B-00509,2023-09-01 18:55:10.777790,B,llm_agent,voice,check_balance,0.834,1,3,117,815,0,0,none,50,1
B-00510,2023-09-02 08:48:26.752263,B,llm_agent,chat,transfer_funds,0.512,2,2,112,203,0,0,none,395,1
B-00511,2023-11-09 22:09:01.287035,B,llm_agent,chat,make_payment,0.715,2,3,7,806,0,0,none,371,0
B-00512,2023-11-26 13:54:10.786159,B,llm_agent,voice,make_payment,0.865,1,2,106,879,0,1,unresolved,256,1
B-00513,2023-09-03 19:49:12.894043,B,llm_agent,voice,request_statement,0.913,2,3,114,339,0,0,none,529,1
B-00514,2023-09-16 04:16:46.808570,B,llm_agent,mobile_app,dispute_charge,0.795,2,4,76,1001,0,0,none,679,1
B-00515,2023-08-11 02:42:20.468789,B,llm_agent,voice,dispute_charge,0.993,2,1,53,323,0,0,none,327,1
B-00516,2023-11-11 05:01:03.000173,B,llm_agent,voice,loan_inquiry,0.768,1,3,115,833,0,0,none,530,1
B-00517,2023-09-02 21:28:45.177446,B,llm_agent,mobile_app,dispute_charge,0.863,2,4,105,430,0,0,none,401,1
B-00518,2023-11-07 02:28:10.951738,B,llm_agent,voice,transfer_funds,0.938,2,3,22,791,0,0,none,531,1
B-00519,2023-11-07 08:42:19.981231,B,llm_agent,mobile_app,check_balance,0.656,2,3,18,1024,0,0,none,342,1
B-00520,2023-07-29 14:05:25.904660,B,llm_agent,chat,dispute_charge,0.856,1,4,57,421,0,0,none,209,1
B-00521,2023-12-10 01:01:21.772264,B,llm_agent,chat,check_balance,0.584,1,4,20,400,0,0,none,442,0
B-00522,2023-11-28 21:18:15.053110,B,llm_agent,chat,make_payment,0.795,2,1,70,718,0,0,none,300,1
B-00523,2023-10-15 16:35:12.285977,B,llm_agent,voice,make_payment,0.681,1,3,71,274,0,1,low_confidence,77,1
B-00524,2023-07-16 19:08:18.848785,B,llm_agent,mobile_app,transfer_funds,0.857,1,1,58,542,0,0,none,541,1
B-00525,2023-07-31 14:35:01.175981,B,llm_agent,voice,check_balance,0.851,2,4,117,848,0,0,none,407,1
B-00526,2023-07-17 20:50:52.960502,B,llm_agent,voice,freeze_card,0.95,1,4,65,784,0,0,none,450,1
B-00527,2023-09-23 20:11:48.696668,B,llm_agent,voice,update_address,0.842,2,3,102,294,0,0,none,383,0
B-00528,2023-08-18 14:07:53.920391,B,llm_agent,voice,make_payment,0.826,2,3,36,770,0,0,none,641,0
B-00529,2023-11-30 00:51:32.398536,B,llm_agent,voice,transfer_funds,0.917,2,4,99,704,0,0,none,155,1
B-00530,2023-09-18 18:43:13.813249,B,llm_agent,voice,check_balance,0.814,2,2,20,203,0,0,none,85,1
B-00531,2023-09-21 17:36:51.486365,B,llm_agent,voice,update_address,0.881,1,4,81,1186,0,0,none,398,1
B-00532,2023-12-16 17:05:48.298034,B,llm_agent,mobile_app,request_statement,0.645,2,1,90,766,0,1,low_confidence,630,1
B-00533,2023-10-14 17:34:20.964410,B,llm_agent,chat,dispute_charge,0.922,1,2,13,783,0,0,none,349,1
B-00534,2023-09-09 21:13:29.433068,B,llm_agent,voice,freeze_card,0.861,2,1,113,519,0,0,none,319,0
B-00535,2023-12-27 23:20:42.776614,B,llm_agent,voice,transfer_funds,0.698,2,1,118,665,0,0,none,439,1
B-00536,2023-09-23 15:01:04.638137,B,llm_agent,chat,loan_inquiry,0.922,1,3,9,227,0,0,none,266,1
B-00537,2023-10-15 01:57:20.199357,B,llm_agent,chat,check_balance,0.542,1,3,62,742,0,0,none,419,1
B-00538,2023-09-08 21:44:53.511823,B,llm_agent,voice,update_address,0.61,2,1,42,449,0,0,none,695,1
B-00539,2023-10-31 11:09:33.073958,B,llm_agent,mobile_app,check_balance,0.876,1,4,97,361,0,0,none,309,1
B-00540,2023-11-19 23:20:51.386309,B,llm_agent,voice,check_balance,0.954,2,1,19,909,0,1,low_confidence,363,0
B-00541,2023-10-24 00:59:47.988354,B,llm_agent,voice,dispute_charge,0.945,2,1,35,245,0,0,none,568,1
B-00542,2023-08-15 11:03:52.494167,B,llm_agent,voice,make_payment,0.774,2,2,47,1193,0,1,timeout,494,1
B-00543,2023-12-20 10:34:07.845266,B,llm_agent,mobile_app,dispute_charge,0.915,2,4,67,501,0,1,low_confidence,276,1
B-00544,2023-10-02 15:27:52.262231,B,llm_agent,chat,check_balance,0.882,2,1,58,531,0,0,none,391,1
B-00545,2023-11-29 03:53:31.552392,B,llm_agent,chat,check_balance,0.954,1,3,81,673,0,0,none,357,1
B-00546,2023-07-02 14:45:29.464850,B,llm_agent,voice,freeze_card,0.774,1,2,16,649,0,1,unresolved,304,1
B-00547,2023-10-03 18:01:07.998682,B,llm_agent,voice,check_balance,0.861,1,4,14,903,0,0,none,324,1
B-00548,2023-12-19 05:03:55.563709,B,llm_agent,voice,freeze_card,0.988,2,1,46,635,0,0,none,41,1
B-00549,2023-11-03 22:37:07.758575,B,llm_agent,voice,make_payment,0.788,2,4,58,371,0,1,low_confidence,365,1
B-00550,2023-07-21 21:29:22.987155,B,llm_agent,mobile_app,check_balance,0.909,1,2,69,736,0,0,none,246,1
B-00551,2023-11-07 22:12:05.103855,B,llm_agent,chat,make_payment,0.698,2,2,6,853,0,0,none,582,1
B-00552,2023-07-03 17:58:14.864538,B,llm_agent,voice,make_payment,0.817,2,4,97,765,0,0,none,464,1
B-00553,2023-09-06 11:14:45.949518,B,llm_agent,mobile_app,make_payment,0.817,2,3,107,1039,0,0,none,519,1
B-00554,2023-08-13 07:36:00.580972,B,llm_agent,voice,update_address,0.954,2,1,75,238,0,0,none,213,1
B-00555,2023-08-16 02:17:21.577620,B,llm_agent,voice,request_statement,0.792,2,2,31,700,0,0,none,59,1
B-00556,2023-07-08 14:11:00.141406,B,llm_agent,voice,check_balance,0.615,2,4,96,486,0,0,none,295,1
B-00557,2023-10-21 22:26:41.763266,B,llm_agent,mobile_app,check_balance,0.78,2,1,74,382,0,0,none,371,1
B-00558,2023-11-13 18:26:29.137078,B,llm_agent,voice,make_payment,0.795,2,1,47,792,0,0,none,328,1
B-00559,2023-08-23 09:44:06.004892,B,llm_agent,voice,loan_inquiry,0.872,2,4,9,651,0,0,none,116,1
B-00560,2023-10-16 09:26:51.968463,B,llm_agent,voice,make_payment,0.567,1,1,26,535,0,0,none,169,1
B-00561,2023-09-30 00:33:12.314505,B,llm_agent,mobile_app,check_balance,0.831,1,2,11,974,0,0,none,533,1
B-00562,2023-12-29 17:54:26.959953,B,llm_agent,voice,loan_inquiry,0.937,2,3,21,852,0,0,none,653,1
B-00563,2023-11-26 15:45:45.175822,B,llm_agent,chat,make_payment,0.714,1,3,75,1118,0,0,none,710,1
B-00564,2023-12-21 02:59:55.838995,B,llm_agent,mobile_app,freeze_card,0.937,2,3,18,641,0,0,none,380,1
B-00565,2023-11-28 20:27:20.659783,B,llm_agent,chat,transfer_funds,0.909,2,4,39,679,0,0,none,456,1
B-00566,2023-10-29 08:29:38.151009,B,llm_agent,voice,make_payment,0.892,2,4,106,1092,0,0,none,448,1
B-00567,2023-07-14 00:33:41.052571,B,llm_agent,voice,loan_inquiry,0.59,2,2,75,664,0,0,none,292,1
B-00568,2023-12-04 23:52:18.299926,B,llm_agent,voice,check_balance,0.734,2,4,18,1059,0,1,low_confidence,256,1
B-00569,2023-11-17 06:23:47.685138,B,llm_agent,chat,loan_inquiry,0.959,2,1,71,913,0,0,none,79,0
B-00570,2023-08-21 15:15:09.943717,B,llm_agent,chat,check_balance,0.732,2,2,107,246,0,0,none,55,1
B-00571,2023-08-19 07:08:03.382762,B,llm_agent,voice,transfer_funds,0.582,1,1,98,995,0,0,none,259,1
B-00572,2023-10-04 22:30:37.109211,B,llm_agent,voice,transfer_funds,0.787,2,3,76,416,0,0,none,284,1
B-00573,2023-08-21 18:56:31.187550,B,llm_agent,voice,dispute_charge,0.903,1,1,109,670,0,0,none,392,1
B-00574,2023-12-25 14:59:12.647112,B,llm_agent,voice,freeze_card,0.908,1,2,26,885,0,0,none,699,1
B-00575,2023-08-05 10:09:21.207634,B,llm_agent,voice,check_balance,0.987,1,3,90,771,0,0,none,637,1
B-00576,2023-07-29 01:38:16.423616,B,llm_agent,mobile_app,make_payment,0.482,1,1,9,1168,0,0,none,164,1
B-00577,2023-07-08 23:09:26.135173,B,llm_agent,voice,make_payment,0.692,2,1,75,486,0,0,none,383,0
B-00578,2023-10-10 02:58:47.095160,B,llm_agent,voice,check_balance,0.551,2,1,95,1182,0,0,none,414,1
B-00579,2023-11-13 11:31:26.117379,B,llm_agent,voice,freeze_card,0.94,1,2,68,987,0,1,unresolved,709,1
B-00580,2023-10-16 07:12:44.627710,B,llm_agent,mobile_app,update_address,0.95,2,3,58,391,0,0,none,309,1
B-00581,2023-08-08 02:44:55.812792,B,llm_agent,voice,check_balance,0.973,1,3,119,1139,0,0,none,284,1
B-00582,2023-12-16 23:41:45.207405,B,llm_agent,chat,freeze_card,0.914,2,1,103,940,0,0,none,555,1
B-00583,2023-09-08 09:52:20.213137,B,llm_agent,voice,freeze_card,0.708,2,1,117,953,0,0,none,30,1
B-00584,2023-07-26 18:23:58.160465,B,llm_agent,chat,check_balance,0.983,2,1,65,1143,0,0,none,96,1
B-00585,2023-08-04 23:06:58.433907,B,llm_agent,voice,loan_inquiry,0.92,2,4,11,1187,0,0,none,463,0
B-00586,2023-09-19 04:37:26.513951,B,llm_agent,mobile_app,check_balance,0.924,1,4,80,315,0,0,none,259,1
B-00587,2023-10-08 14:53:56.162022,B,llm_agent,chat,check_balance,0.788,1,1,103,871,0,0,none,181,1
B-00588,2023-10-19 01:33:46.837041,B,llm_agent,voice,freeze_card,0.661,1,3,99,257,0,0,none,600,1
B-00589,2023-07-14 09:39:28.032745,B,llm_agent,chat,dispute_charge,0.65,2,4,104,1134,0,0,none,198,1
B-00590,2023-12-06 18:02:10.165139,B,llm_agent,voice,transfer_funds,0.901,2,2,78,627,0,0,none,48,0
B-00591,2023-08-31 13:36:07.966810,B,llm_agent,voice,check_balance,0.833,1,2,70,307,0,0,none,42,1
B-00592,2023-08-17 11:16:15.442872,B,llm_agent,voice,transfer_funds,0.76,1,2,51,994,0,0,none,656,1
B-00593,2023-11-03 19:47:53.742553,B,llm_agent,chat,dispute_charge,0.906,2,4,100,361,0,0,none,396,1
B-00594,2023-10-21 06:45:33.536344,B,llm_agent,chat,loan_inquiry,0.803,1,1,59,806,0,0,none,39,1
B-00595,2023-12-29 16:28:06.046878,B,llm_agent,chat,freeze_card,0.83,2,2,101,551,0,0,none,200,1
B-00596,2023-09-14 02:16:17.216105,B,llm_agent,voice,check_balance,0.777,1,2,95,991,0,1,unresolved,256,0
B-00597,2023-08-03 12:49:31.088356,B,llm_agent,voice,request_statement,0.697,2,2,31,469,0,0,none,716,1
B-00598,2023-12-26 00:22:55.822090,B,llm_agent,mobile_app,update_address,0.791,2,1,65,234,0,0,none,401,1
B-00599,2023-09-27 05:01:03.501938,B,llm_agent,voice,loan_inquiry,0.91,2,1,80,1002,0,0,none,606,1
B-00600,2023-10-30 01:25:24.750661,B,llm_agent,voice,freeze_card,0.472,1,3,85,490,0,0,none,339,0
B-00601,2023-07-08 17:50:52.847511,B,llm_agent,chat,transfer_funds,0.826,2,3,102,838,0,0,none,527,0
B-00602,2023-08-31 11:12:40.241927,B,llm_agent,mobile_app,loan_inquiry,0.819,2,1,23,890,0,0,none,55,0
B-00603,2023-12-28 15:53:29.292762,B,llm_agent,voice,loan_inquiry,0.819,1,4,51,522,0,0,none,274,1
B-00604,2023-12-24 11:32:51.377791,B,llm_agent,voice,transfer_funds,0.812,1,1,67,591,0,0,none,347,1
B-00605,2023-12-28 02:23:34.746747,B,llm_agent,chat,check_balance,0.959,2,2,9,984,0,0,none,79,1
B-00606,2023-11-28 18:42:17.146435,B,llm_agent,voice,update_address,0.993,1,3,74,527,0,0,none,213,1
B-00607,2023-09-30 14:14:02.399737,B,llm_agent,mobile_app,check_balance,0.84,2,2,53,449,0,0,none,491,1
B-00608,2023-10-13 16:18:31.599187,B,llm_agent,voice,freeze_card,0.97,1,1,92,1093,0,1,customer_request,502,1
B-00609,2023-07-14 16:45:12.360127,B,llm_agent,voice,make_payment,0.794,1,1,94,373,0,0,none,45,1
B-00610,2023-11-23 04:03:45.136221,B,llm_agent,voice,check_balance,0.935,2,3,101,611,0,0,none,212,1
B-00611,2023-11-15 01:55:12.766636,B,llm_agent,voice,request_statement,0.805,1,4,5,564,0,0,none,334,1
B-00612,2023-11-07 14:50:30.155997,B,llm_agent,voice,request_statement,0.571,2,1,99,1192,0,0,none,218,1
B-00613,2023-09-09 00:13:49.575795,B,llm_agent,voice,request_statement,0.819,1,2,73,323,0,1,low_confidence,66,1
B-00614,2023-08-18 15:36:31.254485,B,llm_agent,mobile_app,check_balance,0.589,1,1,101,512,0,0,none,56,1
B-00615,2023-11-26 05:09:45.510667,B,llm_agent,voice,freeze_card,0.861,2,2,26,406,0,0,none,416,1
B-00616,2023-12-26 08:10:07.533402,B,llm_agent,voice,transfer_funds,0.617,2,2,43,301,0,0,none,283,1
B-00617,2023-09-16 11:56:29.416943,B,llm_agent,voice,update_address,0.593,1,4,80,257,0,0,none,416,1
B-00618,2023-07-11 03:49:18.131296,B,llm_agent,voice,request_statement,0.513,1,2,59,257,0,0,none,517,1
B-00619,2023-12-12 19:59:33.815074,B,llm_agent,chat,loan_inquiry,0.844,2,3,52,735,0,0,none,396,1
B-00620,2023-11-04 04:02:10.533466,B,llm_agent,voice,check_balance,0.98,1,1,34,810,0,1,customer_request,414,1
B-00621,2023-10-31 20:53:08.204267,B,llm_agent,voice,loan_inquiry,0.793,1,4,119,517,0,0,none,523,1
B-00622,2023-12-20 19:10:50.537791,B,llm_agent,chat,loan_inquiry,0.789,1,4,53,570,0,0,none,156,1
B-00623,2023-10-31 16:49:12.850184,B,llm_agent,voice,dispute_charge,0.925,2,3,107,281,0,0,none,187,1
B-00624,2023-10-22 00:06:06.078661,B,llm_agent,chat,update_address,0.711,1,2,48,642,0,0,none,531,1
B-00625,2023-11-07 22:48:25.599324,B,llm_agent,chat,transfer_funds,0.666,2,1,118,544,0,0,none,197,1
B-00626,2023-09-27 13:28:56.625242,B,llm_agent,voice,transfer_funds,0.804,1,2,52,725,0,0,none,633,1
B-00627,2023-08-22 12:26:35.167826,B,llm_agent,voice,request_statement,0.785,2,3,24,850,0,0,none,317,1
B-00628,2023-08-16 01:51:05.611308,B,llm_agent,voice,update_address,0.853,2,4,39,684,0,0,none,85,0
B-00629,2023-11-10 21:40:07.278986,B,llm_agent,mobile_app,make_payment,0.892,2,4,101,414,0,0,none,514,1
B-00630,2023-08-14 09:32:20.698829,B,llm_agent,chat,transfer_funds,0.75,1,4,103,600,0,0,none,323,1
B-00631,2023-12-18 09:38:07.963989,B,llm_agent,mobile_app,update_address,0.784,1,4,71,775,0,0,none,110,1
B-00632,2023-09-12 17:58:16.364306,B,llm_agent,chat,transfer_funds,0.91,2,1,33,449,0,0,none,176,1
B-00633,2023-10-24 22:38:03.312179,B,llm_agent,mobile_app,check_balance,0.792,1,2,111,233,0,0,none,641,1
B-00634,2023-07-08 19:58:29.802740,B,llm_agent,voice,make_payment,0.75,2,2,69,1121,0,1,timeout,347,1
B-00635,2023-09-21 03:44:34.276515,B,llm_agent,chat,make_payment,0.508,1,4,86,433,0,0,none,204,1
B-00636,2023-09-12 02:52:19.493771,B,llm_agent,voice,transfer_funds,0.731,2,4,97,607,0,0,none,404,1
B-00637,2023-11-16 02:27:28.674397,B,llm_agent,mobile_app,check_balance,0.711,2,1,27,619,0,0,none,118,0
B-00638,2023-07-11 03:24:14.980723,B,llm_agent,mobile_app,check_balance,0.97,2,4,72,491,0,0,none,300,1
B-00639,2023-09-12 15:07:54.392523,B,llm_agent,chat,transfer_funds,0.827,1,3,111,826,0,0,none,443,0
B-00640,2023-12-05 00:55:22.322133,B,llm_agent,chat,transfer_funds,0.884,1,3,115,239,0,0,none,690,0
B-00641,2023-10-31 08:02:47.132380,B,llm_agent,mobile_app,loan_inquiry,0.772,2,3,38,923,0,0,none,220,1
B-00642,2023-11-20 06:27:01.398059,B,llm_agent,voice,update_address,0.937,1,4,14,352,0,0,none,600,1
B-00643,2023-11-17 16:16:12.827438,B,llm_agent,voice,make_payment,0.722,2,2,57,956,0,0,none,312,0
B-00644,2023-10-30 03:15:59.241659,B,llm_agent,chat,request_statement,0.779,1,1,48,1074,0,0,none,645,1
B-00645,2023-09-10 14:34:32.815363,B,llm_agent,chat,check_balance,0.847,2,4,100,1013,0,1,timeout,72,1
B-00646,2023-09-12 02:08:06.816661,B,llm_agent,voice,check_balance,0.814,1,2,97,791,0,0,none,123,1
B-00647,2023-07-10 08:47:30.442163,B,llm_agent,voice,transfer_funds,0.724,2,4,96,1019,0,0,none,350,1
B-00648,2023-08-05 16:26:11.902710,B,llm_agent,voice,loan_inquiry,0.719,2,4,39,624,0,1,low_confidence,573,1
B-00649,2023-10-11 03:07:14.407453,B,llm_agent,mobile_app,check_balance,0.677,2,1,65,603,0,0,none,239,1
B-00650,2023-12-11 19:11:19.596193,B,llm_agent,chat,update_address,0.84,2,3,109,241,0,0,none,112,1
B-00651,2023-10-21 00:54:28.586327,B,llm_agent,chat,update_address,0.822,1,3,65,1095,0,0,none,147,1
B-00652,2023-09-09 19:54:51.504105,B,llm_agent,voice,check_balance,0.878,1,2,73,1183,0,0,none,229,1
B-00653,2023-11-30 05:51:18.691998,B,llm_agent,voice,check_balance,0.792,1,1,62,676,0,0,none,296,1
B-00654,2023-09-21 02:59:50.895808,B,llm_agent,voice,make_payment,0.842,1,1,24,874,0,0,none,426,1
B-00655,2023-08-17 13:23:56.667421,B,llm_agent,voice,check_balance,0.708,1,4,15,1092,0,0,none,561,1
B-00656,2023-07-15 15:40:47.704320,B,llm_agent,voice,update_address,0.858,1,1,111,778,0,1,unresolved,118,1
B-00657,2023-11-29 14:59:40.665752,B,llm_agent,voice,dispute_charge,0.567,2,1,107,1195,0,0,none,556,0
B-00658,2023-10-21 17:22:23.340791,B,llm_agent,voice,check_balance,0.883,2,3,8,1001,0,0,none,710,1
B-00659,2023-10-15 06:57:48.238734,B,llm_agent,voice,dispute_charge,0.933,1,4,110,568,0,0,none,278,1
B-00660,2023-11-09 21:10:59.915178,B,llm_agent,chat,freeze_card,0.618,1,4,114,424,0,0,none,171,1
B-00661,2023-10-19 17:20:14.186315,B,llm_agent,chat,loan_inquiry,0.776,2,2,54,288,0,0,none,702,1
B-00662,2023-09-03 03:30:47.399910,B,llm_agent,voice,freeze_card,0.915,2,3,70,845,0,0,none,658,1
B-00663,2023-10-22 00:25:03.094414,B,llm_agent,mobile_app,check_balance,0.972,1,3,22,677,0,0,none,116,0
B-00664,2023-07-26 15:03:52.904683,B,llm_agent,voice,update_address,0.404,1,1,87,962,0,0,none,612,1
B-00665,2023-08-24 04:47:56.539693,B,llm_agent,mobile_app,loan_inquiry,0.819,2,1,92,1128,0,0,none,619,0
B-00666,2023-10-07 07:52:51.351782,B,llm_agent,voice,check_balance,0.836,2,2,94,594,0,1,timeout,239,0
B-00667,2023-07-13 15:42:08.775445,B,llm_agent,voice,loan_inquiry,0.77,2,1,42,949,0,0,none,705,0
B-00668,2023-11-28 09:16:24.262323,B,llm_agent,voice,update_address,0.835,2,4,7,935,0,0,none,161,1
B-00669,2023-07-09 04:03:16.758528,B,llm_agent,mobile_app,check_balance,0.858,1,2,80,240,0,0,none,425,1
B-00670,2023-09-07 03:25:59.265574,B,llm_agent,mobile_app,check_balance,0.927,1,2,16,254,0,0,none,515,1
B-00671,2023-09-22 03:42:10.184228,B,llm_agent,voice,freeze_card,0.93,2,4,76,684,0,0,none,71,0
B-00672,2023-11-02 13:39:51.831152,B,llm_agent,chat,check_balance,0.822,1,4,49,1158,0,0,none,664,0
B-00673,2023-07-29 08:11:11.054380,B,llm_agent,voice,dispute_charge,0.704,1,1,55,286,0,0,none,665,0
B-00674,2023-11-28 07:26:54.219469,B,llm_agent,chat,check_balance,0.733,2,4,92,902,0,0,none,290,1
B-00675,2023-09-16 23:28:46.530544,B,llm_agent,voice,check_balance,0.935,2,1,26,286,0,0,none,331,1
B-00676,2023-08-15 23:03:02.494899,B,llm_agent,chat,transfer_funds,0.968,1,1,42,250,0,0,none,285,1
B-00677,2023-07-18 23:53:27.012463,B,llm_agent,voice,make_payment,0.817,2,4,47,214,0,0,none,148,1
B-00678,2023-12-17 07:58:31.775339,B,llm_agent,chat,request_statement,0.795,2,4,16,567,0,0,none,640,1
B-00679,2023-09-12 19:39:46.927371,B,llm_agent,voice,check_balance,0.748,2,1,66,886,0,1,customer_request,645,1
B-00680,2023-09-08 18:49:13.381616,B,llm_agent,chat,loan_inquiry,0.563,2,4,6,766,0,0,none,425,1
B-00681,2023-08-02 23:37:50.977604,B,llm_agent,voice,freeze_card,0.952,2,1,58,915,0,0,none,324,1
B-00682,2023-10-01 15:50:16.101156,B,llm_agent,voice,check_balance,0.925,2,4,65,734,0,0,none,497,1
B-00683,2023-08-28 12:55:45.606157,B,llm_agent,voice,check_balance,0.836,1,2,46,225,0,0,none,374,1
B-00684,2023-07-31 08:44:04.303882,B,llm_agent,voice,make_payment,0.754,1,1,102,350,0,0,none,549,1
B-00685,2023-11-15 18:36:21.199332,B,llm_agent,voice,freeze_card,0.696,1,1,89,552,0,0,none,424,1
B-00686,2023-12-12 09:10:58.890845,B,llm_agent,voice,update_address,0.852,2,3,20,903,0,0,none,150,1
B-00687,2023-09-03 11:16:34.601675,B,llm_agent,voice,freeze_card,0.865,2,2,74,644,0,0,none,655,1
B-00688,2023-08-22 10:17:11.938095,B,llm_agent,voice,freeze_card,0.969,1,4,95,1056,0,0,none,324,1
B-00689,2023-09-07 07:54:28.098125,B,llm_agent,voice,transfer_funds,0.85,2,4,109,795,0,0,none,377,1
B-00690,2023-12-17 05:52:28.092182,B,llm_agent,voice,check_balance,0.84,1,2,107,354,0,0,none,487,0
B-00691,2023-10-15 19:11:53.383304,B,llm_agent,voice,make_payment,0.924,2,3,37,436,0,0,none,642,1
B-00692,2023-07-31 08:41:04.588727,B,llm_agent,voice,make_payment,0.9,1,4,112,326,0,0,none,319,1
B-00693,2023-10-24 17:52:30.899855,B,llm_agent,chat,make_payment,0.902,1,2,69,796,0,0,none,147,1
B-00694,2023-09-12 10:19:18.034680,B,llm_agent,chat,transfer_funds,0.725,2,1,39,326,0,1,low_confidence,102,1
B-00695,2023-07-04 04:27:36.136242,B,llm_agent,voice,make_payment,0.854,2,3,98,356,0,0,none,455,0
B-00696,2023-12-25 11:55:58.310562,B,llm_agent,voice,check_balance,0.888,2,2,100,1144,0,0,none,319,1
B-00697,2023-07-22 00:37:25.175118,B,llm_agent,chat,check_balance,0.878,1,4,57,258,0,0,none,392,1
B-00698,2023-09-14 16:04:37.423528,B,llm_agent,voice,freeze_card,0.912,1,1,87,588,0,0,none,615,0
B-00699,2023-10-29 08:20:54.522927,B,llm_agent,voice,request_statement,0.709,2,2,14,1193,0,0,none,254,1
B-00700,2023-10-16 05:48:52.560809,B,llm_agent,voice,request_statement,0.732,1,1,19,349,0,1,customer_request,476,0
B-00701,2023-07-01 18:31:35.585092,B,llm_agent,mobile_app,update_address,0.963,2,1,83,861,0,0,none,176,0
B-00702,2023-10-20 05:49:58.664368,B,llm_agent,voice,check_balance,0.884,2,1,35,335,0,0,none,509,1
B-00703,2023-11-11 02:10:34.190522,B,llm_agent,voice,transfer_funds,0.798,1,1,59,901,0,1,customer_request,78,0
B-00704,2023-12-03 10:13:25.200858,B,llm_agent,voice,check_balance,0.893,1,1,47,1104,0,0,none,172,1
B-00705,2023-08-03 15:52:38.908316,B,llm_agent,voice,request_statement,0.393,1,4,95,301,0,0,none,210,1
B-00706,2023-07-07 17:25:52.187153,B,llm_agent,voice,request_statement,0.778,1,2,112,476,0,0,none,159,1
B-00707,2023-12-20 19:42:59.941017,B,llm_agent,mobile_app,freeze_card,0.879,1,2,78,593,0,0,none,499,0
B-00708,2023-11-02 12:26:39.123240,B,llm_agent,voice,make_payment,0.963,2,3,24,656,0,0,none,303,1
B-00709,2023-09-22 06:11:54.827714,B,llm_agent,chat,transfer_funds,0.963,1,2,66,307,0,0,none,221,1
B-00710,2023-11-10 16:25:23.044124,B,llm_agent,mobile_app,check_balance,0.941,1,2,41,306,0,0,none,214,1
B-00711,2023-07-29 17:53:47.102115,B,llm_agent,voice,request_statement,0.896,1,2,69,1084,0,0,none,532,1
B-00712,2023-12-23 09:17:03.925602,B,llm_agent,voice,update_address,0.65,1,3,38,326,0,0,none,408,1
B-00713,2023-10-28 17:26:27.563628,B,llm_agent,voice,freeze_card,0.877,2,1,30,255,0,1,customer_request,633,1
B-00714,2023-12-08 11:34:28.008100,B,llm_agent,chat,dispute_charge,0.821,2,4,108,408,0,0,none,378,1
B-00715,2023-10-10 21:03:47.361541,B,llm_agent,voice,make_payment,0.905,1,1,115,549,0,0,none,509,1
B-00716,2023-11-24 13:08:03.775752,B,llm_agent,voice,make_payment,0.707,1,1,79,481,0,0,none,664,1
B-00717,2023-08-29 23:08:52.925121,B,llm_agent,voice,check_balance,0.825,1,4,107,668,0,0,none,585,1
B-00718,2023-07-25 08:28:12.121532,B,llm_agent,voice,transfer_funds,0.904,2,3,96,202,0,0,none,552,0
B-00719,2023-09-03 17:58:49.416937,B,llm_agent,voice,make_payment,0.977,1,3,74,274,0,0,none,425,1
B-00720,2023-12-12 03:17:34.497895,B,llm_agent,voice,make_payment,0.892,1,4,49,565,0,0,none,630,1
B-00721,2023-11-05 18:01:04.756886,B,llm_agent,chat,loan_inquiry,0.799,1,4,107,358,0,0,none,683,1
B-00722,2023-09-22 11:48:46.825639,B,llm_agent,mobile_app,update_address,0.761,1,3,41,242,0,0,none,112,1
B-00723,2023-08-13 01:03:01.383414,B,llm_agent,mobile_app,request_statement,0.757,2,1,50,342,0,0,none,556,1
B-00724,2023-10-18 10:36:43.765543,B,llm_agent,voice,freeze_card,0.679,1,3,43,202,0,0,none,39,0
B-00725,2023-10-17 12:01:51.335400,B,llm_agent,voice,request_statement,0.876,2,3,64,679,0,0,none,252,1
B-00726,2023-10-06 03:48:06.581054,B,llm_agent,voice,check_balance,0.729,2,4,73,1116,0,0,none,589,1
B-00727,2023-11-13 00:26:02.560149,B,llm_agent,voice,dispute_charge,0.557,1,4,92,632,0,0,none,529,1
B-00728,2023-08-14 10:26:09.418155,B,llm_agent,mobile_app,transfer_funds,0.829,2,2,87,1170,0,0,none,454,0
B-00729,2023-10-02 12:15:52.370938,B,llm_agent,chat,dispute_charge,0.954,2,2,75,699,0,0,none,493,1
B-00730,2023-08-26 10:31:11.330068,B,llm_agent,voice,freeze_card,0.872,2,2,13,728,0,0,none,138,1
B-00731,2023-08-07 14:59:51.410150,B,llm_agent,chat,make_payment,0.84,1,4,31,511,0,0,none,548,0
B-00732,2023-08-30 21:34:33.793139,B,llm_agent,voice,check_balance,0.851,2,1,45,405,0,0,none,99,0
B-00733,2023-11-24 22:32:48.127692,B,llm_agent,chat,make_payment,0.926,1,4,84,510,0,0,none,250,1
B-00734,2023-07-21 20:11:40.576249,B,llm_agent,voice,update_address,0.862,2,1,82,479,0,0,none,88,1
B-00735,2023-08-20 09:54:49.251761,B,llm_agent,mobile_app,dispute_charge,0.92,1,2,92,891,0,0,none,381,1
B-00736,2023-10-06 13:02:46.024689,B,llm_agent,mobile_app,make_payment,0.532,1,4,112,866,0,0,none,623,0
B-00737,2023-09-12 09:03:10.020628,B,llm_agent,voice,transfer_funds,0.903,2,2,34,808,0,0,none,637,1
B-00738,2023-11-29 11:09:03.013296,B,llm_agent,chat,transfer_funds,0.94,2,2,111,325,0,0,none,36,0
B-00739,2023-11-20 14:25:44.361366,B,llm_agent,voice,transfer_funds,0.792,1,3,115,855,0,0,none,703,1
B-00740,2023-11-02 01:25:11.573831,B,llm_agent,chat,make_payment,0.858,2,2,38,439,0,0,none,172,1
B-00741,2023-08-21 16:43:49.921130,B,llm_agent,voice,make_payment,0.971,1,1,41,611,0,0,none,278,1
B-00742,2023-07-04 21:11:35.360288,B,llm_agent,mobile_app,check_balance,0.598,1,1,109,446,0,0,none,224,0
B-00743,2023-08-27 10:40:16.466501,B,llm_agent,mobile_app,check_balance,0.948,2,2,73,297,0,0,none,365,1
B-00744,2023-10-18 23:24:06.131445,B,llm_agent,voice,make_payment,0.742,1,4,39,757,0,0,none,35,1
B-00745,2023-07-19 13:33:26.889096,B,llm_agent,voice,make_payment,0.767,1,1,102,251,0,0,none,258,1
B-00746,2023-11-28 17:10:23.599166,B,llm_agent,chat,check_balance,0.783,1,4,92,458,0,0,none,239,1
B-00747,2023-12-28 13:07:55.779933,B,llm_agent,voice,update_address,0.723,2,2,98,782,0,0,none,525,1
B-00748,2023-11-12 23:21:59.610190,B,llm_agent,voice,loan_inquiry,0.79,2,2,101,841,0,0,none,622,1
B-00749,2023-09-14 20:58:41.938250,B,llm_agent,voice,update_address,0.982,1,3,99,1134,0,0,none,56,0
B-00750,2023-11-23 21:22:59.337214,B,llm_agent,voice,update_address,0.865,1,3,79,1181,0,0,none,312,1
B-00751,2023-08-19 21:14:39.205393,B,llm_agent,voice,dispute_charge,0.946,2,4,79,735,0,0,none,688,1
B-00752,2023-12-22 14:27:04.858384,B,llm_agent,voice,transfer_funds,0.954,1,3,84,689,0,0,none,669,1
B-00753,2023-09-06 02:08:51.360958,B,llm_agent,voice,make_payment,0.84,2,2,96,937,0,0,none,409,1
B-00754,2023-11-04 06:00:45.459511,B,llm_agent,voice,update_address,0.783,1,1,78,287,0,0,none,548,1
B-00755,2023-07-04 11:04:47.080287,B,llm_agent,chat,loan_inquiry,0.616,1,4,41,1014,0,0,none,216,1
B-00756,2023-10-24 10:07:01.519807,B,llm_agent,voice,transfer_funds,0.652,2,2,89,1049,0,1,unresolved,584,1
B-00757,2023-08-24 04:09:23.876588,B,llm_agent,voice,transfer_funds,0.829,2,2,40,1102,0,0,none,55,1
B-00758,2023-07-19 16:32:06.363956,B,llm_agent,mobile_app,make_payment,0.844,2,1,97,260,0,0,none,384,1
B-00759,2023-09-18 08:07:04.211474,B,llm_agent,mobile_app,check_balance,0.817,1,2,14,262,0,1,unresolved,416,0
B-00760,2023-07-20 08:54:43.820064,B,llm_agent,voice,loan_inquiry,0.705,2,2,93,883,0,0,none,148,1
B-00761,2023-08-03 20:47:40.485133,B,llm_agent,chat,make_payment,0.884,2,4,98,320,0,0,none,434,0
B-00762,2023-12-11 19:26:17.850166,B,llm_agent,voice,make_payment,0.875,2,4,69,579,0,0,none,677,1
B-00763,2023-07-12 14:40:33.781658,B,llm_agent,chat,transfer_funds,0.668,2,4,72,927,0,0,none,509,1
B-00764,2023-10-23 08:58:52.462220,B,llm_agent,voice,request_statement,0.85,2,1,16,435,0,0,none,129,1
B-00765,2023-07-12 00:47:02.884812,B,llm_agent,voice,dispute_charge,0.766,1,3,16,1199,0,0,none,392,0
B-00766,2023-11-09 09:40:29.704632,B,llm_agent,mobile_app,request_statement,0.571,1,4,70,717,0,0,none,516,1
B-00767,2023-12-26 22:53:42.002341,B,llm_agent,chat,make_payment,0.795,2,4,62,234,0,0,none,385,1
B-00768,2023-09-17 14:29:42.513178,B,llm_agent,voice,make_payment,0.689,2,2,117,1019,0,1,customer_request,136,1
B-00769,2023-12-25 04:07:10.354813,B,llm_agent,mobile_app,dispute_charge,0.813,1,1,80,502,0,0,none,239,1
B-00770,2023-10-26 09:24:52.389755,B,llm_agent,voice,check_balance,0.901,2,1,81,1194,0,0,none,346,0
B-00771,2023-10-17 23:17:48.118628,B,llm_agent,voice,make_payment,0.943,2,4,72,993,0,0,none,163,1
B-00772,2023-08-01 07:46:08.810142,B,llm_agent,voice,check_balance,0.779,1,3,15,927,0,1,low_confidence,322,1
B-00773,2023-12-22 06:45:35.750886,B,llm_agent,chat,freeze_card,0.814,1,2,66,834,0,0,none,203,1
B-00774,2023-12-05 15:55:27.065272,B,llm_agent,chat,make_payment,0.949,2,1,56,998,0,0,none,126,0
B-00775,2023-07-25 02:40:31.263041,B,llm_agent,voice,make_payment,0.852,2,3,33,1038,0,0,none,288,0
B-00776,2023-07-06 05:46:41.108062,B,llm_agent,voice,update_address,0.657,2,4,89,393,0,0,none,41,1
B-00777,2023-09-04 16:57:35.897164,B,llm_agent,voice,make_payment,0.795,2,4,42,1147,0,0,none,563,1
B-00778,2023-07-30 04:12:50.413350,B,llm_agent,voice,check_balance,0.771,2,3,111,1102,0,0,none,57,1
B-00779,2023-08-31 12:23:01.768956,B,llm_agent,voice,update_address,0.861,2,4,34,1077,0,1,customer_request,111,1
B-00780,2023-12-23 09:34:00.836781,B,llm_agent,voice,make_payment,0.637,1,2,25,416,0,0,none,238,1
B-00781,2023-12-05 17:28:36.752030,B,llm_agent,chat,loan_inquiry,0.875,2,1,71,390,0,0,none,474,0
B-00782,2023-09-19 13:00:40.333444,B,llm_agent,chat,make_payment,0.899,1,4,40,636,0,0,none,336,0
B-00783,2023-08-20 11:26:56.991740,B,llm_agent,voice,dispute_charge,0.906,2,3,78,799,0,1,low_confidence,56,1
B-00784,2023-10-14 17:43:48.525825,B,llm_agent,voice,dispute_charge,0.902,1,3,66,720,0,0,none,261,1
B-00785,2023-12-19 13:29:16.147732,B,llm_agent,chat,freeze_card,0.919,2,3,11,855,0,0,none,59,0
B-00786,2023-11-22 16:32:41.486762,B,llm_agent,voice,make_payment,0.938,1,1,43,417,0,0,none,324,1
B-00787,2023-12-06 19:10:18.664500,B,llm_agent,chat,transfer_funds,0.555,1,3,111,1144,0,0,none,218,1
B-00788,2023-11-17 06:48:05.656431,B,llm_agent,voice,make_payment,0.849,1,3,19,744,0,0,none,648,1
B-00789,2023-10-01 04:02:55.766623,B,llm_agent,voice,dispute_charge,0.719,2,4,8,640,0,0,none,276,1
B-00790,2023-07-26 21:30:04.614194,B,llm_agent,voice,check_balance,0.806,1,2,37,372,0,0,none,436,1
B-00791,2023-11-27 19:20:05.919090,B,llm_agent,mobile_app,check_balance,0.725,1,3,70,861,0,0,none,161,1
B-00792,2023-10-28 03:03:31.849268,B,llm_agent,voice,dispute_charge,0.9,2,4,102,748,0,0,none,361,1
B-00793,2023-11-19 09:35:50.839701,B,llm_agent,voice,update_address,0.826,1,3,81,602,0,0,none,641,1
B-00794,2023-11-12 07:46:15.430131,B,llm_agent,voice,freeze_card,0.908,2,1,97,951,0,0,none,47,1
B-00795,2023-08-15 00:55:33.382183,B,llm_agent,chat,request_statement,0.77,2,1,86,653,0,0,none,240,1
B-00796,2023-08-22 06:39:20.873558,B,llm_agent,chat,update_address,0.636,1,1,14,444,0,0,none,276,1
B-00797,2023-12-04 17:12:31.164400,B,llm_agent,voice,make_payment,0.885,2,3,18,254,0,0,none,353,1
B-00798,2023-09-13 12:45:06.364336,B,llm_agent,voice,dispute_charge,0.866,1,4,14,779,0,0,none,315,1
B-00799,2023-08-02 12:33:52.024037,B,llm_agent,voice,loan_inquiry,0.849,1,2,78,220,0,0,none,715,1
B-00800,2023-10-26 14:46:57.731400,B,llm_agent,voice,update_address,0.722,1,2,70,514,0,0,none,128,0
B-00801,2023-08-24 14:12:32.647721,B,llm_agent,voice,update_address,0.737,2,4,109,498,0,0,none,205,1
B-00802,2023-10-26 14:38:33.272303,B,llm_agent,voice,dispute_charge,0.646,1,2,14,987,0,0,none,355,1
B-00803,2023-10-16 23:33:32.369933,B,llm_agent,chat,make_payment,0.874,2,2,101,487,0,0,none,456,0
B-00804,2023-10-30 08:29:58.254852,B,llm_agent,chat,freeze_card,0.778,2,3,92,357,0,0,none,86,1
B-00805,2023-12-29 19:09:40.276538,B,llm_agent,mobile_app,loan_inquiry,0.575,1,4,45,331,0,0,none,545,1
B-00806,2023-08-20 17:56:33.346477,B,llm_agent,voice,freeze_card,0.888,1,2,88,241,0,0,none,393,1
B-00807,2023-12-26 12:59:42.883901,B,llm_agent,chat,check_balance,0.879,1,2,109,792,0,0,none,217,0
B-00808,2023-11-17 17:07:38.506316,B,llm_agent,mobile_app,transfer_funds,0.805,1,2,65,1046,0,0,none,292,1
B-00809,2023-12-04 12:54:50.977243,B,llm_agent,voice,transfer_funds,0.91,2,3,113,376,0,0,none,69,1
B-00810,2023-11-24 20:33:56.155955,B,llm_agent,voice,freeze_card,0.797,2,3,5,426,0,0,none,488,1
B-00811,2023-07-05 04:51:00.771775,B,llm_agent,chat,update_address,0.872,2,2,17,315,0,1,low_confidence,576,1
B-00812,2023-10-01 04:12:08.357738,B,llm_agent,chat,update_address,0.84,2,2,36,503,0,0,none,718,1
B-00813,2023-07-20 08:31:20.257136,B,llm_agent,mobile_app,check_balance,0.92,2,3,20,219,0,0,none,229,1
B-00814,2023-11-01 05:55:10.405620,B,llm_agent,chat,update_address,0.345,2,3,85,341,0,1,customer_request,217,1
B-00815,2023-07-11 21:57:24.917667,B,llm_agent,mobile_app,request_statement,0.801,1,3,96,336,0,0,none,251,1
B-00816,2023-07-07 01:48:27.963172,B,llm_agent,voice,update_address,0.662,2,2,31,734,0,0,none,120,1
B-00817,2023-12-13 22:21:36.709439,B,llm_agent,chat,make_payment,0.59,2,1,27,668,0,0,none,316,0
B-00818,2023-12-15 19:43:01.457212,B,llm_agent,voice,transfer_funds,0.949,1,4,40,869,0,0,none,116,1
B-00819,2023-10-23 03:36:02.619862,B,llm_agent,voice,dispute_charge,0.611,2,1,114,928,0,0,none,56,1
B-00820,2023-09-23 03:59:57.133580,B,llm_agent,voice,check_balance,0.811,1,4,108,661,0,0,none,264,0
B-00821,2023-11-29 14:44:46.567500,B,llm_agent,chat,make_payment,0.926,2,3,100,887,0,0,none,617,1
B-00822,2023-12-24 10:51:27.907710,B,llm_agent,voice,loan_inquiry,0.819,1,1,112,921,0,0,none,699,1
B-00823,2023-07-10 22:26:53.133629,B,llm_agent,voice,check_balance,0.828,1,3,10,205,0,0,none,625,1
B-00824,2023-07-19 22:41:29.108794,B,llm_agent,chat,freeze_card,0.786,1,1,88,325,0,1,low_confidence,690,1
B-00825,2023-12-13 15:08:47.592728,B,llm_agent,voice,check_balance,0.925,2,1,59,564,0,1,low_confidence,631,1
B-00826,2023-07-19 04:32:58.787691,B,llm_agent,voice,loan_inquiry,0.851,1,1,113,887,0,0,none,481,0
B-00827,2023-11-08 16:37:55.062856,B,llm_agent,voice,update_address,0.727,2,1,90,747,0,0,none,156,0
B-00828,2023-10-10 07:01:02.536173,B,llm_agent,mobile_app,request_statement,0.944,1,4,74,1064,0,0,none,589,1
B-00829,2023-10-04 11:01:35.915737,B,llm_agent,chat,update_address,0.789,1,4,112,230,0,0,none,703,0
B-00830,2023-07-18 20:50:38.554219,B,llm_agent,voice,make_payment,0.965,2,2,11,274,0,0,none,372,0
B-00831,2023-11-11 08:29:05.383286,B,llm_agent,chat,make_payment,0.823,2,2,90,660,0,1,customer_request,486,1
B-00832,2023-10-19 04:01:47.632897,B,llm_agent,mobile_app,check_balance,0.891,2,1,81,814,0,0,none,294,0
B-00833,2023-12-17 23:28:26.834127,B,llm_agent,voice,check_balance,0.907,2,2,48,1139,0,0,none,439,0
B-00834,2023-09-27 00:31:13.097817,B,llm_agent,voice,loan_inquiry,0.812,1,3,85,781,0,0,none,44,1
B-00835,2023-12-14 23:19:54.335489,B,llm_agent,voice,dispute_charge,0.841,1,4,60,1195,0,0,none,528,0
B-00836,2023-08-03 15:39:37.408651,B,llm_agent,chat,freeze_card,0.719,2,3,65,689,0,0,none,389,0
B-00837,2023-08-07 07:29:18.806160,B,llm_agent,mobile_app,loan_inquiry,0.98,2,2,47,1177,0,0,none,551,1
B-00838,2023-12-21 15:54:48.378406,B,llm_agent,voice,request_statement,0.463,2,2,104,464,0,0,none,288,1
B-00839,2023-07-19 04:28:53.396489,B,llm_agent,voice,dispute_charge,0.848,1,4,60,736,0,0,none,317,1
B-00840,2023-08-13 06:52:52.353889,B,llm_agent,voice,make_payment,0.907,2,3,96,927,0,1,customer_request,130,1
B-00841,2023-07-26 20:49:22.143509,B,llm_agent,voice,update_address,0.823,2,4,55,799,0,0,none,432,1
B-00842,2023-11-07 21:08:12.993277,B,llm_agent,mobile_app,check_balance,0.893,2,4,111,926,0,0,none,665,1
B-00843,2023-11-20 18:48:58.870321,B,llm_agent,chat,dispute_charge,0.864,2,2,104,763,0,0,none,433,1
B-00844,2023-12-12 23:16:47.896145,B,llm_agent,mobile_app,update_address,0.95,2,3,75,806,0,1,customer_request,648,1
B-00845,2023-07-27 20:46:17.387229,B,llm_agent,voice,dispute_charge,0.709,1,1,6,1113,0,0,none,35,1
B-00846,2023-08-28 21:04:29.230322,B,llm_agent,chat,loan_inquiry,0.816,1,3,25,367,0,0,none,538,1
B-00847,2023-08-28 01:07:19.531682,B,llm_agent,mobile_app,loan_inquiry,0.915,1,4,71,1038,0,0,none,36,0
B-00848,2023-12-26 03:29:23.457563,B,llm_agent,chat,check_balance,0.807,1,2,86,862,0,0,none,326,1
B-00849,2023-10-15 16:07:52.843367,B,llm_agent,mobile_app,freeze_card,0.888,1,1,102,970,0,0,none,354,1
B-00850,2023-08-31 18:17:30.360988,B,llm_agent,voice,make_payment,0.777,1,2,101,577,0,0,none,353,1
B-00851,2023-08-24 16:02:58.735023,B,llm_agent,voice,transfer_funds,0.877,2,3,107,1180,0,0,none,415,1
B-00852,2023-08-28 09:06:49.413978,B,llm_agent,voice,make_payment,0.478,1,2,77,1143,0,1,low_confidence,559,1
B-00853,2023-11-08 07:53:58.445311,B,llm_agent,mobile_app,update_address,0.774,1,1,31,728,0,0,none,517,1
B-00854,2023-10-09 12:27:02.302175,B,llm_agent,voice,request_statement,0.907,1,1,40,202,0,0,none,65,1
B-00855,2023-10-23 02:53:50.329686,B,llm_agent,chat,loan_inquiry,0.811,1,4,50,997,0,0,none,549,1
B-00856,2023-09-25 02:27:29.506959,B,llm_agent,voice,check_balance,0.884,2,2,70,572,0,0,none,304,1
B-00857,2023-07-05 19:18:58.367059,B,llm_agent,chat,dispute_charge,0.97,1,1,11,288,0,0,none,434,1
B-00858,2023-11-03 17:46:40.470379,B,llm_agent,chat,update_address,0.743,1,1,94,1011,0,0,none,664,0
B-00859,2023-11-10 12:21:52.420852,B,llm_agent,voice,request_statement,0.718,2,2,20,347,0,0,none,226,1
B-00860,2023-08-02 23:39:08.632024,B,llm_agent,voice,make_payment,0.533,1,2,27,294,0,0,none,449,1
B-00861,2023-10-27 20:02:49.507904,B,llm_agent,chat,make_payment,0.921,1,4,103,828,0,0,none,457,1
B-00862,2023-12-08 14:11:13.542808,B,llm_agent,mobile_app,freeze_card,0.77,2,2,52,998,0,0,none,377,1
B-00863,2023-10-19 07:21:34.388737,B,llm_agent,voice,dispute_charge,0.866,2,2,110,687,0,0,none,209,0
B-00864,2023-10-31 08:13:54.341867,B,llm_agent,voice,dispute_charge,0.827,1,2,40,770,0,0,none,546,1
B-00865,2023-11-06 05:31:42.980218,B,llm_agent,mobile_app,dispute_charge,0.64,2,4,25,778,0,0,none,594,1
B-00866,2023-08-29 08:28:48.089266,B,llm_agent,voice,check_balance,0.901,2,3,65,478,0,1,unresolved,682,1
B-00867,2023-07-29 05:39:53.186977,B,llm_agent,voice,freeze_card,0.614,2,4,55,1089,0,0,none,322,1
B-00868,2023-09-25 11:53:05.906413,B,llm_agent,mobile_app,check_balance,0.556,2,2,52,337,0,0,none,121,1
B-00869,2023-08-12 10:02:54.504540,B,llm_agent,chat,make_payment,0.928,2,4,51,1137,0,0,none,647,1
B-00870,2023-11-03 17:16:30.332913,B,llm_agent,voice,freeze_card,0.424,2,1,99,719,0,0,none,450,0
B-00871,2023-11-08 19:56:44.150674,B,llm_agent,mobile_app,transfer_funds,0.61,2,1,80,386,0,0,none,118,0
B-00872,2023-07-02 11:56:12.182809,B,llm_agent,chat,loan_inquiry,0.693,2,3,43,834,0,0,none,566,1
B-00873,2023-12-22 14:51:06.459961,B,llm_agent,voice,request_statement,0.943,2,3,60,969,0,0,none,516,1
B-00874,2023-12-17 06:36:26.651554,B,llm_agent,voice,request_statement,0.881,2,1,52,812,0,0,none,604,1
B-00875,2023-07-25 03:28:32.497456,B,llm_agent,mobile_app,check_balance,0.807,1,2,90,1112,0,1,low_confidence,326,1
B-00876,2023-09-26 10:28:25.057433,B,llm_agent,chat,dispute_charge,0.654,2,2,35,621,0,0,none,356,1
B-00877,2023-08-08 06:01:44.149349,B,llm_agent,chat,dispute_charge,0.615,1,2,101,351,0,0,none,117,1
B-00878,2023-12-24 09:31:38.052252,B,llm_agent,voice,make_payment,0.869,2,2,37,791,0,0,none,326,1
B-00879,2023-10-12 14:00:55.667604,B,llm_agent,voice,check_balance,0.825,1,2,76,1091,0,0,none,415,1
B-00880,2023-11-06 03:06:00.559461,B,llm_agent,chat,loan_inquiry,0.663,1,3,42,435,0,0,none,628,1
B-00881,2023-12-26 22:52:22.721203,B,llm_agent,voice,transfer_funds,0.855,2,3,52,690,0,0,none,176,1
B-00882,2023-11-01 03:49:16.255529,B,llm_agent,chat,transfer_funds,0.535,1,1,48,642,0,0,none,60,1
B-00883,2023-12-07 08:26:38.649693,B,llm_agent,voice,freeze_card,0.971,2,1,70,1013,0,0,none,231,1
B-00884,2023-08-14 00:30:16.227924,B,llm_agent,voice,request_statement,0.782,1,4,99,271,0,0,none,168,0
B-00885,2023-08-11 23:29:13.701489,B,llm_agent,voice,transfer_funds,0.956,2,3,34,680,0,0,none,344,1
B-00886,2023-09-19 17:44:07.299491,B,llm_agent,chat,transfer_funds,0.443,2,4,25,753,0,0,none,517,1
B-00887,2023-12-09 07:26:46.744066,B,llm_agent,voice,dispute_charge,0.689,2,2,104,1153,0,1,low_confidence,281,0
B-00888,2023-07-08 03:48:57.545476,B,llm_agent,voice,check_balance,0.886,2,3,78,759,0,0,none,266,1
B-00889,2023-09-19 18:33:26.762221,B,llm_agent,voice,dispute_charge,0.875,1,4,97,337,0,0,none,298,1
B-00890,2023-11-28 22:59:44.104710,B,llm_agent,chat,check_balance,0.933,2,4,74,221,0,0,none,704,0
B-00891,2023-08-02 11:22:18.441566,B,llm_agent,mobile_app,request_statement,0.947,2,3,71,1082,0,0,none,303,1
B-00892,2023-10-21 16:15:58.084388,B,llm_agent,voice,update_address,0.606,1,1,94,391,0,0,none,524,1
B-00893,2023-07-13 19:16:24.404096,B,llm_agent,voice,update_address,0.922,2,2,18,242,0,0,none,41,1
B-00894,2023-07-02 21:33:07.291729,B,llm_agent,mobile_app,dispute_charge,0.93,1,2,65,1100,0,0,none,106,1
B-00895,2023-08-28 08:37:07.638704,B,llm_agent,voice,update_address,0.915,2,1,69,427,0,0,none,283,1
B-00896,2023-11-25 10:23:09.767583,B,llm_agent,chat,transfer_funds,0.883,2,2,61,673,0,0,none,397,1
B-00897,2023-07-08 13:32:53.299622,B,llm_agent,voice,update_address,0.849,2,3,26,549,0,0,none,301,1
B-00898,2023-09-05 18:11:53.836127,B,llm_agent,mobile_app,loan_inquiry,0.921,2,3,31,298,0,0,none,214,1
B-00899,2023-11-11 08:08:44.683771,B,llm_agent,mobile_app,check_balance,0.949,1,2,19,605,0,0,none,438,1
B-00900,2023-09-06 13:14:04.790162,B,llm_agent,voice,make_payment,0.546,1,4,91,597,0,0,none,209,1
B-00901,2023-09-26 14:55:06.877895,B,llm_agent,voice,make_payment,0.715,2,4,37,768,0,0,none,361,1
B-00902,2023-09-30 13:32:03.296676,B,llm_agent,voice,check_balance,0.926,1,4,78,734,0,0,none,106,1
B-00903,2023-12-14 03:47:03.060517,B,llm_agent,voice,make_payment,0.699,2,2,65,943,0,0,none,149,0
B-00904,2023-12-08 06:54:58.368664,B,llm_agent,voice,check_balance,0.905,2,1,71,946,0,0,none,655,1
B-00905,2023-07-12 15:26:31.967644,B,llm_agent,voice,make_payment,0.976,2,3,109,316,0,0,none,435,0
B-00906,2023-11-04 16:11:16.655122,B,llm_agent,chat,request_statement,0.956,2,2,23,957,0,0,none,241,1
B-00907,2023-10-08 08:30:07.977663,B,llm_agent,voice,freeze_card,0.838,2,3,116,353,0,0,none,54,1
B-00908,2023-09-03 21:03:06.993005,B,llm_agent,voice,check_balance,0.556,2,2,87,337,0,0,none,568,1
B-00909,2023-09-29 03:16:16.547293,B,llm_agent,mobile_app,make_payment,0.884,2,1,84,520,0,0,none,259,1
B-00910,2023-12-09 00:06:19.731482,B,llm_agent,voice,check_balance,0.726,2,4,33,576,0,0,none,344,1
B-00911,2023-11-19 11:16:15.387729,B,llm_agent,mobile_app,loan_inquiry,0.671,2,4,85,985,0,0,none,457,1
B-00912,2023-10-12 22:58:29.405751,B,llm_agent,chat,check_balance,0.812,1,2,80,221,0,0,none,81,1
B-00913,2023-08-02 03:15:05.635468,B,llm_agent,voice,update_address,0.626,1,3,41,259,0,0,none,460,1
B-00914,2023-10-22 05:08:24.103046,B,llm_agent,chat,freeze_card,0.563,2,3,80,808,0,0,none,718,1
B-00915,2023-09-30 03:19:18.506343,B,llm_agent,mobile_app,request_statement,0.871,2,1,8,944,0,0,none,154,1
B-00916,2023-09-20 18:42:27.732698,B,llm_agent,chat,update_address,0.99,1,3,60,985,0,0,none,676,1
B-00917,2023-12-20 17:18:02.403101,B,llm_agent,voice,transfer_funds,0.714,1,3,95,879,0,1,low_confidence,264,1
B-00918,2023-12-29 15:37:57.961084,B,llm_agent,voice,loan_inquiry,0.888,2,1,64,925,0,1,unresolved,35,1
B-00919,2023-12-22 02:22:12.903392,B,llm_agent,voice,dispute_charge,0.926,2,2,105,671,0,0,none,345,1
B-00920,2023-11-13 05:08:26.351918,B,llm_agent,voice,freeze_card,0.695,1,1,109,1163,0,0,none,169,1
B-00921,2023-10-18 14:13:33.915785,B,llm_agent,voice,check_balance,0.733,2,4,107,682,0,1,unresolved,313,1
B-00922,2023-08-28 10:57:03.987478,B,llm_agent,mobile_app,request_statement,0.814,2,4,70,961,0,0,none,147,1
B-00923,2023-12-21 08:01:04.391660,B,llm_agent,chat,make_payment,0.94,2,3,39,555,0,0,none,502,1
B-00924,2023-09-22 09:05:03.025508,B,llm_agent,chat,loan_inquiry,0.601,1,3,49,238,0,1,low_confidence,281,1
B-00925,2023-08-06 21:33:33.258958,B,llm_agent,voice,transfer_funds,0.844,2,1,45,699,0,0,none,540,1
B-00926,2023-07-21 06:22:18.528298,B,llm_agent,voice,transfer_funds,0.783,2,1,83,795,0,0,none,175,0
B-00927,2023-11-30 22:45:55.043808,B,llm_agent,voice,check_balance,0.763,1,4,113,439,0,0,none,58,0
B-00928,2023-08-30 01:17:57.782379,B,llm_agent,chat,make_payment,0.871,2,3,109,400,0,0,none,254,0
B-00929,2023-11-18 05:14:49.331257,B,llm_agent,voice,make_payment,0.913,2,4,73,239,0,0,none,544,1
B-00930,2023-10-23 19:30:15.888475,B,llm_agent,voice,make_payment,0.544,1,1,81,667,0,0,none,708,0
B-00931,2023-08-21 21:13:53.860563,B,llm_agent,voice,freeze_card,0.839,1,4,85,285,0,0,none,636,1
B-00932,2023-12-03 16:08:23.258923,B,llm_agent,voice,update_address,0.557,2,2,30,1157,0,0,none,35,1
B-00933,2023-12-02 14:41:24.282055,B,llm_agent,voice,check_balance,0.715,2,4,22,1062,0,0,none,660,1
B-00934,2023-08-01 10:38:51.623826,B,llm_agent,voice,make_payment,0.955,2,4,115,238,0,0,none,305,1
B-00935,2023-07-23 06:42:36.996312,B,llm_agent,mobile_app,make_payment,0.716,2,2,36,1078,0,0,none,68,1
B-00936,2023-10-18 21:26:28.403924,B,llm_agent,chat,dispute_charge,0.982,1,4,67,787,0,0,none,194,1
B-00937,2023-08-12 17:07:43.846168,B,llm_agent,mobile_app,loan_inquiry,0.875,1,3,36,990,0,0,none,639,1
B-00938,2023-08-30 18:58:08.514841,B,llm_agent,mobile_app,transfer_funds,0.555,2,2,24,1165,0,1,customer_request,443,1
B-00939,2023-12-19 10:03:26.176666,B,llm_agent,chat,dispute_charge,0.717,2,2,59,439,0,0,none,142,0
B-00940,2023-08-02 03:02:10.358998,B,llm_agent,voice,freeze_card,0.624,1,3,11,264,0,0,none,580,1
B-00941,2023-09-25 02:24:16.414504,B,llm_agent,voice,loan_inquiry,0.951,2,3,103,389,0,0,none,263,1
B-00942,2023-08-23 23:13:08.071385,B,llm_agent,voice,make_payment,0.939,2,4,28,783,0,1,timeout,112,1
B-00943,2023-09-02 16:06:41.131721,B,llm_agent,chat,dispute_charge,0.829,1,4,55,737,0,0,none,293,1
B-00944,2023-09-06 17:26:39.566908,B,llm_agent,chat,transfer_funds,0.729,1,4,38,939,0,0,none,559,1
B-00945,2023-08-17 13:54:20.411701,B,llm_agent,voice,loan_inquiry,0.882,1,1,47,1113,0,0,none,236,1
B-00946,2023-11-17 17:15:17.130347,B,llm_agent,voice,request_statement,0.845,1,3,64,781,0,0,none,140,1
B-00947,2023-11-26 13:44:16.687875,B,llm_agent,voice,transfer_funds,0.853,1,4,96,973,0,0,none,233,0
B-00948,2023-10-07 17:33:35.488864,B,llm_agent,voice,check_balance,0.779,2,4,57,1152,0,0,none,578,1
B-00949,2023-12-12 13:44:26.531198,B,llm_agent,voice,check_balance,0.817,1,4,97,275,0,0,none,146,1
B-00950,2023-07-26 00:10:13.969610,B,llm_agent,mobile_app,loan_inquiry,0.854,1,4,104,367,0,1,low_confidence,348,1
B-00951,2023-10-01 16:58:14.906886,B,llm_agent,voice,make_payment,0.833,2,4,26,896,0,0,none,484,1
B-00952,2023-11-29 14:27:46.397135,B,llm_agent,mobile_app,request_statement,0.898,2,1,46,874,0,0,none,73,1
B-00953,2023-10-22 15:03:06.704204,B,llm_agent,voice,loan_inquiry,0.649,2,2,29,945,0,0,none,430,1
B-00954,2023-12-28 06:08:03.847138,B,llm_agent,voice,update_address,0.856,2,3,89,1185,0,0,none,569,1
B-00955,2023-10-18 00:30:28.753686,B,llm_agent,voice,transfer_funds,0.951,1,2,80,802,0,0,none,453,1
B-00956,2023-12-23 16:26:45.250646,B,llm_agent,voice,freeze_card,0.727,2,2,56,545,0,0,none,157,1
B-00957,2023-07-19 01:31:04.178831,B,llm_agent,voice,transfer_funds,0.653,1,2,78,794,0,0,none,389,1
B-00958,2023-07-08 19:12:29.962461,B,llm_agent,chat,check_balance,0.943,1,4,5,493,0,0,none,652,1
B-00959,2023-09-04 05:48:34.841379,B,llm_agent,voice,freeze_card,0.769,2,4,7,964,0,0,none,182,1
B-00960,2023-12-01 23:08:10.063039,B,llm_agent,voice,check_balance,0.884,2,1,37,798,0,0,none,140,1
B-00961,2023-07-10 05:50:14.504943,B,llm_agent,voice,make_payment,0.818,1,3,45,498,0,0,none,434,0
B-00962,2023-08-16 04:04:59.776253,B,llm_agent,voice,check_balance,0.925,2,4,10,570,0,0,none,318,1
B-00963,2023-12-28 06:12:03.498468,B,llm_agent,chat,loan_inquiry,0.759,1,4,43,805,0,1,customer_request,481,1
B-00964,2023-10-26 07:07:07.600236,B,llm_agent,chat,request_statement,0.763,2,2,22,270,0,0,none,446,1
B-00965,2023-09-10 22:32:13.613926,B,llm_agent,voice,request_statement,0.778,1,1,97,327,0,0,none,65,1
B-00966,2023-07-15 05:58:06.875732,B,llm_agent,chat,freeze_card,0.763,1,2,107,485,0,0,none,530,1
B-00967,2023-11-16 05:01:23.665429,B,llm_agent,voice,dispute_charge,0.678,1,3,14,996,0,0,none,711,1
B-00968,2023-12-17 07:56:38.936133,B,llm_agent,chat,freeze_card,0.755,2,4,15,1098,0,0,none,125,1
B-00969,2023-11-13 16:51:33.912011,B,llm_agent,voice,request_statement,0.882,1,3,108,1074,0,0,none,430,1
B-00970,2023-07-22 07:16:43.476469,B,llm_agent,chat,freeze_card,0.961,1,1,110,893,0,0,none,287,1
B-00971,2023-10-06 07:56:20.631651,B,llm_agent,voice,request_statement,0.963,2,4,97,364,0,0,none,470,1
B-00972,2023-09-12 16:58:13.346685,B,llm_agent,chat,transfer_funds,0.847,2,4,88,767,0,1,unresolved,437,1
B-00973,2023-12-13 10:33:38.291392,B,llm_agent,chat,dispute_charge,0.953,2,4,98,633,0,0,none,423,1
B-00974,2023-11-17 12:02:49.702083,B,llm_agent,voice,freeze_card,0.939,2,3,50,675,0,0,none,126,1
B-00975,2023-11-24 18:15:30.401035,B,llm_agent,voice,loan_inquiry,0.679,2,4,85,451,0,1,unresolved,506,1
B-00976,2023-09-14 17:08:22.117452,B,llm_agent,chat,update_address,0.886,1,1,111,214,0,1,unresolved,493,0
B-00977,2023-07-05 13:14:58.446189,B,llm_agent,voice,freeze_card,0.909,2,1,50,951,0,1,customer_request,483,1
B-00978,2023-11-16 23:16:42.919660,B,llm_agent,chat,dispute_charge,0.804,2,1,58,884,0,0,none,162,1
B-00979,2023-10-24 21:32:25.330746,B,llm_agent,voice,check_balance,0.689,1,4,65,739,0,1,low_confidence,581,1
B-00980,2023-07-26 21:23:29.605264,B,llm_agent,voice,check_balance,0.918,1,4,55,216,0,1,unresolved,178,1
B-00981,2023-11-16 11:45:15.286555,B,llm_agent,chat,make_payment,0.813,2,4,101,1114,0,0,none,141,1
B-00982,2023-07-28 07:43:40.921272,B,llm_agent,voice,dispute_charge,0.594,1,4,33,204,0,0,none,256,1
B-00983,2023-11-13 08:41:41.392722,B,llm_agent,voice,loan_inquiry,0.316,2,4,114,263,0,0,none,142,1
B-00984,2023-11-08 14:11:34.646055,B,llm_agent,voice,loan_inquiry,0.53,1,3,82,576,0,0,none,260,1
B-00985,2023-07-02 09:00:58.265776,B,llm_agent,chat,transfer_funds,0.581,1,3,99,507,0,0,none,181,1
B-00986,2023-11-19 18:49:04.293775,B,llm_agent,voice,transfer_funds,0.827,2,1,53,843,0,0,none,84,1
B-00987,2023-09-13 14:26:23.619860,B,llm_agent,voice,freeze_card,0.816,2,3,26,1041,0,0,none,694,1
B-00988,2023-10-01 16:54:47.195846,B,llm_agent,chat,make_payment,0.915,2,3,33,1025,0,0,none,497,1
B-00989,2023-12-24 12:55:39.119695,B,llm_agent,voice,make_payment,0.799,2,3,100,1110,0,0,none,276,0
B-00990,2023-12-16 07:58:40.885036,B,llm_agent,voice,check_balance,0.802,1,4,12,1170,0,0,none,293,1
B-00991,2023-09-09 00:40:41.584237,B,llm_agent,voice,update_address,0.899,1,2,81,1013,0,1,low_confidence,248,1
B-00992,2023-11-07 20:26:45.329446,B,llm_agent,voice,loan_inquiry,0.736,2,4,37,1054,0,0,none,546,1
B-00993,2023-10-02 21:28:21.130667,B,llm_agent,mobile_app,request_statement,0.651,2,2,73,1043,0,0,none,188,1
B-00994,2023-11-28 11:05:59.416123,B,llm_agent,chat,dispute_charge,0.953,1,2,24,1075,0,0,none,92,1
B-00995,2023-08-28 11:56:00.918630,B,llm_agent,chat,check_balance,0.796,2,2,35,795,0,0,none,362,1
B-00996,2023-09-25 04:21:27.626057,B,llm_agent,chat,update_address,0.741,1,2,62,649,0,0,none,183,1
B-00997,2023-07-21 13:42:11.495705,B,llm_agent,voice,request_statement,0.837,1,3,44,877,0,0,none,654,0
B-00998,2023-12-17 13:58:53.067226,B,llm_agent,chat,make_payment,0.91,1,2,73,323,0,0,none,277,1
B-00999,2023-12-12 19:57:26.909045,B,llm_agent,voice,make_payment,0.731,1,2,99,605,0,0,none,495,0
B-01000,2023-08-20 12:27:57.525262,B,llm_agent,chat,check_balance,0.973,1,2,21,928,0,0,none,302,1
B-01001,2023-10-15 16:25:07.272423,B,llm_agent,mobile_app,make_payment,0.726,1,3,66,887,0,0,none,159,1
B-01002,2023-09-08 05:46:00.238736,B,llm_agent,voice,transfer_funds,0.772,2,3,72,1163,0,0,none,249,0
B-01003,2023-07-29 12:15:10.102015,B,llm_agent,chat,freeze_card,0.766,1,2,73,929,0,0,none,607,1
B-01004,2023-07-09 05:44:28.084419,B,llm_agent,voice,request_statement,0.767,1,3,77,1017,0,0,none,84,1
B-01005,2023-11-28 13:52:45.189623,B,llm_agent,mobile_app,make_payment,0.886,2,1,18,686,0,0,none,682,1
B-01006,2023-08-22 21:53:43.788282,B,llm_agent,voice,make_payment,0.803,1,3,76,492,0,1,low_confidence,44,1
B-01007,2023-10-03 07:49:14.312573,B,llm_agent,voice,make_payment,0.744,1,3,40,412,0,0,none,522,0
B-01008,2023-12-13 04:35:00.500130,B,llm_agent,mobile_app,request_statement,0.773,1,2,73,680,0,0,none,506,1
B-01009,2023-07-04 15:20:15.145190,B,llm_agent,voice,loan_inquiry,0.489,1,4,84,356,0,0,none,439,1
B-01010,2023-10-09 04:09:36.367306,B,llm_agent,voice,loan_inquiry,0.807,1,3,30,778,0,0,none,76,0
B-01011,2023-12-22 20:31:31.958297,B,llm_agent,chat,dispute_charge,0.768,2,2,15,437,0,0,none,493,1
B-01012,2023-11-26 02:22:38.706068,B,llm_agent,chat,check_balance,0.911,2,1,45,364,0,0,none,77,1
B-01013,2023-08-10 03:12:53.380467,B,llm_agent,voice,check_balance,0.937,2,3,67,1161,0,0,none,537,1
B-01014,2023-08-06 18:14:48.849808,B,llm_agent,voice,check_balance,0.86,1,3,71,1105,0,0,none,565,1
B-01015,2023-11-17 12:50:26.801374,B,llm_agent,voice,update_address,0.71,1,3,36,618,0,0,none,622,1
B-01016,2023-07-15 14:10:35.885403,B,llm_agent,voice,request_statement,0.58,1,2,25,487,0,0,none,298,1
B-01017,2023-10-18 16:23:58.045811,B,llm_agent,mobile_app,update_address,0.746,2,4,83,492,0,0,none,484,1
B-01018,2023-08-12 20:10:40.897733,B,llm_agent,chat,update_address,0.427,1,4,96,725,0,0,none,157,0
B-01019,2023-12-01 14:01:03.500477,B,llm_agent,chat,dispute_charge,0.85,2,1,44,924,0,0,none,396,1
B-01020,2023-09-08 10:23:44.331381,B,llm_agent,voice,check_balance,0.866,1,2,89,910,0,0,none,527,1
B-01021,2023-09-14 22:33:32.091815,B,llm_agent,mobile_app,make_payment,0.731,2,2,88,665,0,0,none,155,1
B-01022,2023-11-23 09:04:20.227813,B,llm_agent,voice,check_balance,0.936,1,4,24,230,0,1,unresolved,603,1
B-01023,2023-07-17 02:52:51.929361,B,llm_agent,mobile_app,check_balance,0.946,1,2,12,305,0,0,none,288,1
B-01024,2023-10-18 23:25:19.492360,B,llm_agent,mobile_app,loan_inquiry,0.913,2,2,116,929,0,0,none,668,0
B-01025,2023-12-24 03:49:34.065270,B,llm_agent,mobile_app,freeze_card,0.942,1,3,97,1038,0,0,none,88,1
B-01026,2023-10-28 00:27:00.924153,B,llm_agent,voice,loan_inquiry,0.885,2,4,15,452,0,0,none,184,1
B-01027,2023-07-15 23:13:49.998640,B,llm_agent,voice,loan_inquiry,0.971,2,2,70,263,0,0,none,532,1
B-01028,2023-12-14 06:16:32.652867,B,llm_agent,chat,request_statement,0.799,1,4,67,435,0,0,none,164,1
B-01029,2023-07-24 14:20:06.914954,B,llm_agent,voice,request_statement,0.791,2,1,109,554,0,0,none,714,1
B-01030,2023-09-06 11:58:29.244887,B,llm_agent,voice,request_statement,0.804,2,3,100,883,0,0,none,679,1
B-01031,2023-08-03 05:55:56.537688,B,llm_agent,chat,make_payment,0.758,2,1,51,904,0,1,low_confidence,96,1
B-01032,2023-11-10 02:22:38.247107,B,llm_agent,chat,transfer_funds,0.855,2,2,40,810,0,0,none,613,1
B-01033,2023-08-18 11:24:15.769905,B,llm_agent,voice,update_address,0.741,1,4,14,318,0,0,none,333,1
B-01034,2023-08-17 18:47:27.964885,B,llm_agent,voice,check_balance,0.818,1,4,49,863,0,1,customer_request,610,1
B-01035,2023-09-14 16:21:11.393164,B,llm_agent,chat,transfer_funds,0.588,2,2,84,1025,0,0,none,513,1
B-01036,2023-08-22 08:31:39.197726,B,llm_agent,voice,freeze_card,0.809,2,3,84,983,0,0,none,246,1
B-01037,2023-11-21 13:46:35.822865,B,llm_agent,chat,dispute_charge,0.964,1,2,48,1078,0,0,none,50,1
B-01038,2023-10-05 09:11:33.896505,B,llm_agent,chat,loan_inquiry,0.742,2,2,36,483,0,0,none,248,1
B-01039,2023-10-10 17:36:14.783222,B,llm_agent,mobile_app,transfer_funds,0.921,2,4,59,622,0,0,none,333,1
B-01040,2023-07-30 13:51:44.162146,B,llm_agent,chat,freeze_card,0.669,1,4,108,1132,0,0,none,399,1
B-01041,2023-12-15 04:02:45.912208,B,llm_agent,voice,check_balance,0.546,1,3,101,1040,0,0,none,578,1
B-01042,2023-09-02 20:18:19.797723,B,llm_agent,mobile_app,update_address,0.634,2,1,53,680,0,0,none,593,1
B-01043,2023-09-08 01:27:11.383177,B,llm_agent,voice,check_balance,0.652,1,1,8,533,0,0,none,232,1
B-01044,2023-08-14 08:34:25.036604,B,llm_agent,chat,check_balance,0.906,2,1,94,495,0,0,none,164,1
B-01045,2023-12-23 17:08:37.925608,B,llm_agent,voice,freeze_card,0.901,1,1,95,430,0,0,none,485,1
B-01046,2023-10-20 02:10:32.269454,B,llm_agent,chat,make_payment,0.979,1,4,88,1122,0,0,none,542,0
B-01047,2023-07-12 03:43:10.626355,B,llm_agent,voice,make_payment,0.939,1,2,74,342,0,0,none,449,1
B-01048,2023-08-05 05:57:05.053514,B,llm_agent,voice,freeze_card,0.878,1,1,91,943,0,0,none,455,1
B-01049,2023-09-26 22:07:14.071601,B,llm_agent,voice,loan_inquiry,0.749,2,2,103,1195,0,0,none,513,1
B-01050,2023-08-04 09:02:49.854129,B,llm_agent,voice,request_statement,0.474,1,4,95,769,0,0,none,312,0
B-01051,2023-10-19 17:18:58.694796,B,llm_agent,voice,check_balance,0.786,1,3,38,1154,0,0,none,195,1
B-01052,2023-08-26 08:17:04.535609,B,llm_agent,chat,request_statement,0.879,1,2,43,876,0,0,none,574,1
B-01053,2023-09-02 23:30:21.890325,B,llm_agent,chat,request_statement,0.74,2,4,88,1041,0,0,none,146,0
B-01054,2023-11-21 22:59:47.138193,B,llm_agent,chat,check_balance,0.85,2,4,97,885,0,1,unresolved,69,0
B-01055,2023-10-04 23:02:42.239372,B,llm_agent,chat,transfer_funds,0.723,2,1,33,1099,0,0,none,41,0
B-01056,2023-07-21 16:25:14.418839,B,llm_agent,voice,dispute_charge,0.893,1,4,22,806,0,0,none,302,1
B-01057,2023-09-07 01:21:41.078723,B,llm_agent,mobile_app,check_balance,0.75,1,3,5,440,0,0,none,361,1
B-01058,2023-12-12 00:44:02.172909,B,llm_agent,voice,dispute_charge,0.786,1,1,83,584,0,0,none,404,1
B-01059,2023-12-02 20:19:46.706619,B,llm_agent,voice,check_balance,0.478,2,1,61,453,0,0,none,158,1
B-01060,2023-11-17 01:13:36.760243,B,llm_agent,voice,freeze_card,0.957,2,3,16,591,0,0,none,324,1
B-01061,2023-12-02 08:46:15.670106,B,llm_agent,chat,make_payment,0.915,2,4,16,227,0,0,none,479,1
B-01062,2023-07-17 17:54:26.154654,B,llm_agent,voice,update_address,0.725,1,3,64,812,0,1,low_confidence,230,1
B-01063,2023-07-23 08:35:19.784186,B,llm_agent,voice,check_balance,0.96,2,4,80,1186,0,0,none,408,1
B-01064,2023-07-04 09:51:12.532139,B,llm_agent,chat,make_payment,0.781,2,1,34,698,0,0,none,219,1
B-01065,2023-07-23 21:07:12.504001,B,llm_agent,chat,update_address,0.585,1,4,9,266,0,0,none,605,1
B-01066,2023-11-28 17:01:13.839821,B,llm_agent,chat,make_payment,0.787,1,4,110,1063,0,0,none,336,1
B-01067,2023-07-07 22:35:00.849480,B,llm_agent,voice,check_balance,0.797,1,3,23,1132,0,0,none,583,1
B-01068,2023-09-24 03:03:58.753657,B,llm_agent,voice,update_address,0.823,1,4,116,767,0,0,none,263,1
B-01069,2023-08-15 05:20:05.583809,B,llm_agent,chat,make_payment,0.896,1,2,52,1015,0,1,customer_request,279,1
B-01070,2023-11-30 08:20:06.018739,B,llm_agent,mobile_app,check_balance,0.585,2,3,52,1059,0,0,none,553,1
B-01071,2023-11-24 22:11:04.583275,B,llm_agent,voice,loan_inquiry,0.989,1,3,87,704,0,0,none,234,1
B-01072,2023-11-18 04:14:55.794102,B,llm_agent,chat,make_payment,0.681,2,2,26,605,0,0,none,526,1
B-01073,2023-09-08 05:18:07.503134,B,llm_agent,voice,make_payment,0.905,2,2,44,786,0,0,none,86,1
B-01074,2023-12-17 09:11:40.965574,B,llm_agent,voice,dispute_charge,0.786,1,3,13,1140,0,0,none,610,1
B-01075,2023-12-11 22:36:36.858031,B,llm_agent,voice,request_statement,0.882,1,3,83,222,0,0,none,551,1
B-01076,2023-10-28 02:22:44.652397,B,llm_agent,chat,freeze_card,0.482,2,3,119,427,0,0,none,418,1
B-01077,2023-10-21 02:30:20.668650,B,llm_agent,chat,make_payment,0.684,1,4,30,506,0,0,none,372,1
B-01078,2023-08-31 15:51:55.049632,B,llm_agent,voice,request_statement,0.858,2,3,110,1014,0,0,none,287,1
B-01079,2023-11-12 16:01:22.290926,B,llm_agent,chat,make_payment,0.947,2,2,87,1153,0,0,none,262,1
B-01080,2023-12-19 17:50:45.209437,B,llm_agent,voice,loan_inquiry,0.763,1,2,84,326,0,0,none,244,1
B-01081,2023-08-27 20:49:01.019931,B,llm_agent,voice,request_statement,0.834,1,3,28,661,0,1,low_confidence,515,0
B-01082,2023-08-22 07:48:09.987768,B,llm_agent,chat,check_balance,0.908,1,2,80,1012,0,0,none,169,1
B-01083,2023-08-18 05:39:19.238962,B,llm_agent,voice,request_statement,0.816,1,3,58,672,0,0,none,219,1
B-01084,2023-12-27 22:01:32.576412,B,llm_agent,mobile_app,update_address,0.627,1,1,94,376,0,0,none,299,1
B-01085,2023-10-07 21:04:30.249696,B,llm_agent,chat,check_balance,0.803,2,4,10,929,0,0,none,359,1
B-01086,2023-12-25 01:33:43.112508,B,llm_agent,chat,dispute_charge,0.979,1,1,74,1044,0,0,none,214,1
B-01087,2023-10-21 23:31:49.987122,B,llm_agent,chat,make_payment,0.602,1,4,79,1078,0,0,none,330,1
B-01088,2023-08-23 16:52:53.327041,B,llm_agent,chat,check_balance,0.656,1,2,86,248,0,0,none,586,0
B-01089,2023-10-16 07:27:02.939836,B,llm_agent,voice,request_statement,0.677,1,2,118,1004,0,0,none,216,1
B-01090,2023-07-29 10:43:14.223304,B,llm_agent,chat,check_balance,0.836,1,3,32,389,0,0,none,149,1
B-01091,2023-09-21 00:03:23.575825,B,llm_agent,voice,transfer_funds,0.887,1,4,89,891,0,0,none,575,1
B-01092,2023-09-20 01:06:34.912862,B,llm_agent,chat,transfer_funds,0.948,1,4,91,303,0,0,none,216,1
B-01093,2023-10-14 12:09:29.690406,B,llm_agent,chat,check_balance,0.791,2,3,15,1103,0,0,none,518,0
B-01094,2023-09-09 20:45:57.475243,B,llm_agent,voice,make_payment,0.62,2,2,90,701,0,0,none,687,1
B-01095,2023-09-22 06:57:34.416247,B,llm_agent,voice,check_balance,0.595,2,3,56,607,0,0,none,388,1
B-01096,2023-12-08 08:04:25.013853,B,llm_agent,chat,dispute_charge,0.963,1,4,24,548,0,0,none,407,1
B-01097,2023-08-03 00:16:42.234080,B,llm_agent,mobile_app,dispute_charge,0.868,1,4,107,529,0,0,none,506,1
B-01098,2023-12-16 20:16:28.766808,B,llm_agent,chat,make_payment,0.655,2,1,25,793,0,1,customer_request,116,1
B-01099,2023-10-07 13:16:28.585156,B,llm_agent,voice,dispute_charge,0.691,2,1,71,417,0,0,none,91,1
B-01100,2023-10-24 02:00:41.182763,B,llm_agent,mobile_app,check_balance,0.925,1,2,30,635,0,0,none,155,1
B-01101,2023-07-20 01:55:55.657894,B,llm_agent,chat,transfer_funds,0.648,2,2,37,276,0,0,none,326,1
B-01102,2023-07-27 13:58:21.997847,B,llm_agent,chat,transfer_funds,0.913,2,1,32,769,0,0,none,609,1
B-01103,2023-11-12 01:27:01.478906,B,llm_agent,voice,dispute_charge,0.837,2,1,98,1180,0,1,low_confidence,444,1
B-01104,2023-12-12 19:42:00.748538,B,llm_agent,voice,dispute_charge,0.964,1,4,28,641,0,0,none,622,1
B-01105,2023-10-03 22:48:47.065240,B,llm_agent,voice,update_address,0.814,2,4,54,293,0,0,none,301,1
B-01106,2023-07-31 15:46:31.270264,B,llm_agent,chat,transfer_funds,0.766,2,2,28,1164,0,0,none,586,1
B-01107,2023-11-23 20:03:07.705289,B,llm_agent,voice,freeze_card,0.876,1,1,26,1163,0,1,low_confidence,522,1
B-01108,2023-12-15 21:47:50.101176,B,llm_agent,chat,dispute_charge,0.795,1,3,103,570,0,0,none,99,1
B-01109,2023-10-31 15:25:15.035600,B,llm_agent,mobile_app,transfer_funds,0.61,2,4,12,999,0,1,customer_request,390,1
B-01110,2023-08-03 11:08:09.843431,B,llm_agent,chat,make_payment,0.878,1,3,39,785,0,0,none,467,1
B-01111,2023-09-14 11:34:07.029863,B,llm_agent,voice,make_payment,0.895,2,1,75,303,0,0,none,294,1
B-01112,2023-12-19 23:45:34.007613,B,llm_agent,voice,loan_inquiry,0.858,1,1,109,1060,0,0,none,561,1
B-01113,2023-08-05 01:25:15.793462,B,llm_agent,chat,update_address,0.969,1,4,81,709,0,0,none,316,1
B-01114,2023-08-01 05:56:54.545543,B,llm_agent,voice,request_statement,0.705,2,1,75,300,0,0,none,519,1
B-01115,2023-11-06 10:15:50.228131,B,llm_agent,voice,freeze_card,0.833,1,3,81,821,0,0,none,524,1
B-01116,2023-10-08 09:19:10.156374,B,llm_agent,voice,freeze_card,0.702,2,4,86,900,0,0,none,182,1
B-01117,2023-08-07 11:11:20.224676,B,llm_agent,chat,check_balance,0.896,1,2,44,957,0,0,none,75,1
B-01118,2023-10-21 19:45:08.182266,B,llm_agent,chat,transfer_funds,0.855,1,4,50,437,0,0,none,635,1
B-01119,2023-12-19 09:52:31.207524,B,llm_agent,voice,update_address,0.823,2,1,115,287,0,1,timeout,608,0
B-01120,2023-12-04 12:01:26.281281,B,llm_agent,chat,make_payment,0.79,2,3,62,1091,0,1,low_confidence,687,0
B-01121,2023-07-02 04:41:18.517008,B,llm_agent,voice,make_payment,0.961,2,4,18,281,0,0,none,69,1
B-01122,2023-12-08 10:49:05.398020,B,llm_agent,voice,freeze_card,0.697,2,2,20,505,0,0,none,512,1
B-01123,2023-10-23 17:21:13.256527,B,llm_agent,mobile_app,check_balance,0.893,1,3,28,580,0,0,none,121,1
B-01124,2023-08-18 21:12:58.060290,B,llm_agent,voice,request_statement,0.925,1,4,14,512,0,0,none,364,0
B-01125,2023-07-18 02:17:58.723386,B,llm_agent,voice,update_address,0.984,2,4,61,959,0,1,low_confidence,589,1
B-01126,2023-12-25 17:32:18.217569,B,llm_agent,voice,make_payment,0.933,1,3,65,436,0,0,none,205,1
B-01127,2023-07-06 07:32:00.515668,B,llm_agent,voice,freeze_card,0.589,2,2,35,992,0,0,none,288,1
B-01128,2023-08-03 18:50:54.137561,B,llm_agent,chat,loan_inquiry,0.955,2,3,10,299,0,0,none,368,0
B-01129,2023-10-31 20:07:09.673914,B,llm_agent,chat,check_balance,0.713,1,2,47,820,0,0,none,347,0
B-01130,2023-11-16 16:54:38.942027,B,llm_agent,chat,transfer_funds,0.945,2,3,15,1043,0,0,none,43,1
B-01131,2023-08-18 19:11:09.759950,B,llm_agent,mobile_app,dispute_charge,0.971,2,3,18,640,0,1,customer_request,287,1
B-01132,2023-11-12 21:12:49.041962,B,llm_agent,chat,dispute_charge,0.92,2,1,24,460,0,0,none,613,1
B-01133,2023-11-18 00:38:24.448478,B,llm_agent,voice,make_payment,0.679,1,3,77,259,0,0,none,94,1
B-01134,2023-11-24 21:34:35.482581,B,llm_agent,chat,dispute_charge,0.741,1,4,118,891,0,0,none,270,0
B-01135,2023-11-15 23:13:29.405485,B,llm_agent,chat,update_address,0.828,2,2,119,1009,0,0,none,449,1
B-01136,2023-07-06 23:27:14.267478,B,llm_agent,chat,check_balance,0.97,2,2,13,629,0,0,none,294,1
B-01137,2023-12-11 07:00:56.252858,B,llm_agent,voice,make_payment,0.87,2,3,82,1142,0,0,none,505,1
B-01138,2023-10-11 23:43:40.031945,B,llm_agent,mobile_app,check_balance,0.954,2,4,119,565,0,0,none,214,0
B-01139,2023-09-17 21:09:42.970771,B,llm_agent,voice,check_balance,0.461,2,4,52,655,0,0,none,161,1
B-01140,2023-07-05 11:18:43.786271,B,llm_agent,chat,update_address,0.852,1,4,31,212,0,0,none,667,0
B-01141,2023-10-17 02:47:46.130872,B,llm_agent,voice,request_statement,0.847,2,4,68,1144,0,0,none,548,1
B-01142,2023-07-30 18:50:24.762681,B,llm_agent,chat,update_address,0.867,1,3,104,459,0,0,none,236,1
B-01143,2023-10-09 05:23:09.998281,B,llm_agent,voice,freeze_card,0.421,1,4,9,384,0,0,none,98,1
B-01144,2023-08-04 15:01:48.951821,B,llm_agent,voice,check_balance,0.858,2,4,57,1190,0,0,none,333,1
B-01145,2023-11-03 21:19:32.615673,B,llm_agent,voice,transfer_funds,0.687,2,1,30,1014,0,0,none,564,1
B-01146,2023-07-17 06:12:36.600637,B,llm_agent,voice,make_payment,0.711,1,2,45,244,0,0,none,452,1
B-01147,2023-10-18 20:52:38.810856,B,llm_agent,voice,freeze_card,0.877,2,3,84,231,0,0,none,513,1
B-01148,2023-10-26 19:34:31.777202,B,llm_agent,chat,update_address,0.789,2,4,39,401,0,0,none,392,1
B-01149,2023-09-11 07:55:00.835825,B,llm_agent,mobile_app,freeze_card,0.861,2,2,29,505,0,0,none,659,1
B-01150,2023-12-15 20:08:46.775554,B,llm_agent,mobile_app,make_payment,0.662,2,4,45,372,0,0,none,112,1
B-01151,2023-10-05 08:36:20.825576,B,llm_agent,voice,freeze_card,0.795,2,3,16,751,0,0,none,591,1
B-01152,2023-11-15 08:16:31.355693,B,llm_agent,voice,transfer_funds,0.943,2,3,19,528,0,0,none,697,1
B-01153,2023-09-20 08:18:37.326677,B,llm_agent,mobile_app,make_payment,0.92,2,4,41,1074,0,0,none,612,1
B-01154,2023-11-22 21:12:33.824032,B,llm_agent,mobile_app,check_balance,0.901,1,1,40,456,0,0,none,223,1
B-01155,2023-12-12 05:22:51.907350,B,llm_agent,voice,request_statement,0.834,1,3,31,990,0,1,low_confidence,690,0
B-01156,2023-09-14 13:50:48.255699,B,llm_agent,voice,make_payment,0.796,1,1,77,730,0,0,none,695,1
B-01157,2023-12-25 00:38:59.408815,B,llm_agent,voice,check_balance,0.893,2,1,56,1041,0,0,none,612,0
B-01158,2023-07-29 00:32:29.074858,B,llm_agent,voice,check_balance,0.954,1,1,116,527,0,0,none,249,1
B-01159,2023-12-02 20:22:25.749303,B,llm_agent,chat,dispute_charge,0.799,2,3,94,532,0,1,customer_request,579,1
B-01160,2023-10-05 05:27:59.105135,B,llm_agent,voice,check_balance,0.841,1,4,114,370,0,0,none,621,1
B-01161,2023-07-26 07:54:23.908408,B,llm_agent,chat,request_statement,0.656,2,4,10,636,0,0,none,165,1
B-01162,2023-10-23 10:27:34.730451,B,llm_agent,voice,freeze_card,0.817,2,2,103,912,0,1,low_confidence,208,0
B-01163,2023-07-25 00:44:12.714420,B,llm_agent,voice,dispute_charge,0.957,2,4,104,228,0,0,none,551,1
B-01164,2023-12-10 09:50:05.405028,B,llm_agent,chat,transfer_funds,0.836,1,1,78,723,0,0,none,588,1
B-01165,2023-11-27 07:49:01.553783,B,llm_agent,chat,make_payment,0.903,2,2,98,272,0,0,none,466,0
B-01166,2023-10-28 17:45:02.591424,B,llm_agent,voice,transfer_funds,0.66,1,4,67,530,0,0,none,403,1
B-01167,2023-08-12 15:16:18.254317,B,llm_agent,voice,dispute_charge,0.841,2,1,100,591,0,0,none,693,1
B-01168,2023-12-24 04:37:52.376289,B,llm_agent,voice,loan_inquiry,0.755,1,3,13,1041,0,0,none,264,1
B-01169,2023-12-04 03:05:42.455119,B,llm_agent,mobile_app,dispute_charge,0.602,2,1,80,478,0,0,none,526,1
B-01170,2023-11-08 21:12:25.035289,B,llm_agent,mobile_app,check_balance,0.913,1,2,57,515,0,0,none,688,1
B-01171,2023-09-05 20:41:51.635338,B,llm_agent,voice,make_payment,0.98,1,4,100,566,0,0,none,209,1
B-01172,2023-09-27 14:27:44.081692,B,llm_agent,mobile_app,loan_inquiry,0.844,1,1,72,645,0,0,none,79,1
B-01173,2023-08-31 20:46:22.636571,B,llm_agent,chat,make_payment,0.814,2,4,103,1195,0,0,none,143,1
B-01174,2023-12-03 10:30:17.692541,B,llm_agent,voice,make_payment,0.832,2,3,97,280,0,0,none,490,0
B-01175,2023-08-26 12:36:49.514077,B,llm_agent,voice,check_balance,0.809,2,1,5,908,0,0,none,224,1
B-01176,2023-08-13 14:39:46.284095,B,llm_agent,mobile_app,freeze_card,0.513,2,4,90,520,0,0,none,522,1
B-01177,2023-08-09 05:24:30.046899,B,llm_agent,chat,check_balance,0.833,2,2,87,632,0,0,none,361,0
B-01178,2023-09-12 09:54:22.342334,B,llm_agent,mobile_app,check_balance,0.725,2,4,74,1188,0,0,none,623,1
B-01179,2023-10-23 00:04:35.745650,B,llm_agent,voice,update_address,0.726,1,2,37,315,0,0,none,480,1
B-01180,2023-11-30 04:36:06.133852,B,llm_agent,mobile_app,transfer_funds,0.99,1,2,70,462,0,0,none,438,0
B-01181,2023-12-17 05:18:56.511302,B,llm_agent,chat,request_statement,0.841,1,3,98,415,0,0,none,178,1
B-01182,2023-07-15 15:44:36.658392,B,llm_agent,chat,check_balance,0.742,2,3,19,546,0,0,none,254,1
B-01183,2023-07-09 15:15:11.580921,B,llm_agent,mobile_app,freeze_card,0.881,1,1,76,602,0,0,none,190,1
B-01184,2023-09-05 09:07:55.752301,B,llm_agent,voice,dispute_charge,0.738,1,2,54,954,0,0,none,72,1
B-01185,2023-11-26 05:58:25.825094,B,llm_agent,chat,check_balance,0.476,2,1,56,988,0,0,none,238,1
B-01186,2023-12-14 01:18:49.485236,B,llm_agent,voice,freeze_card,0.931,2,1,26,696,0,0,none,685,0
B-01187,2023-07-31 19:50:10.515047,B,llm_agent,mobile_app,freeze_card,0.841,1,4,91,887,0,0,none,587,1
B-01188,2023-08-22 07:03:24.093859,B,llm_agent,chat,transfer_funds,0.755,1,3,93,1038,0,0,none,192,1
B-01189,2023-12-13 01:24:57.954310,B,llm_agent,voice,check_balance,0.768,1,1,87,980,0,1,low_confidence,282,0
B-01190,2023-10-14 08:59:07.556572,B,llm_agent,voice,make_payment,0.817,1,4,49,611,0,0,none,529,1
B-01191,2023-09-13 14:36:07.993082,B,llm_agent,voice,dispute_charge,0.913,2,3,51,455,0,0,none,84,1
B-01192,2023-08-14 13:36:18.379171,B,llm_agent,voice,check_balance,0.956,1,3,51,525,0,1,low_confidence,527,0
B-01193,2023-07-21 15:50:07.963429,B,llm_agent,voice,check_balance,0.798,2,4,75,976,0,0,none,406,1
B-01194,2023-07-20 20:18:34.759450,B,llm_agent,mobile_app,check_balance,0.768,2,2,72,403,0,0,none,521,1
B-01195,2023-11-01 08:32:02.898026,B,llm_agent,chat,check_balance,0.864,2,1,86,660,0,0,none,34,0
B-01196,2023-11-09 20:03:34.614938,B,llm_agent,mobile_app,check_balance,0.826,2,4,22,302,0,0,none,674,1
B-01197,2023-09-05 22:05:11.018279,B,llm_agent,voice,make_payment,0.857,2,3,88,1094,0,0,none,494,1
B-01198,2023-10-19 21:33:11.383966,B,llm_agent,voice,request_statement,0.881,2,1,102,323,0,0,none,148,0
B-01199,2023-07-29 13:18:14.355849,B,llm_agent,mobile_app,freeze_card,0.909,2,3,82,1022,0,0,none,611,1
B-01200,2023-07-04 20:01:41.221410,B,llm_agent,chat,freeze_card,0.759,1,3,15,1164,0,0,none,50,0
B-01201,2023-07-19 06:26:06.358503,B,llm_agent,voice,check_balance,0.679,2,1,107,297,0,0,none,144,1
B-01202,2023-07-20 08:56:20.600228,B,llm_agent,mobile_app,update_address,0.729,2,2,23,568,0,0,none,575,0
B-01203,2023-12-28 05:06:45.025354,B,llm_agent,voice,freeze_card,0.845,2,3,35,999,0,0,none,612,1
B-01204,2023-08-13 04:34:18.886526,B,llm_agent,voice,transfer_funds,0.845,2,4,94,953,0,1,low_confidence,97,1
B-01205,2023-07-25 13:04:31.064095,B,llm_agent,chat,request_statement,0.851,1,1,52,1027,0,0,none,498,1
B-01206,2023-11-23 13:20:21.567028,B,llm_agent,chat,check_balance,0.914,1,3,82,1077,0,1,customer_request,588,1
B-01207,2023-09-06 02:22:16.507209,B,llm_agent,chat,loan_inquiry,0.909,2,4,54,646,0,0,none,98,1
B-01208,2023-08-07 17:53:52.026638,B,llm_agent,voice,request_statement,0.781,1,4,63,932,0,0,none,81,1
B-01209,2023-08-10 07:52:47.079244,B,llm_agent,voice,make_payment,0.811,2,4,51,798,0,0,none,187,0
B-01210,2023-07-26 10:39:22.278335,B,llm_agent,voice,transfer_funds,0.839,2,1,9,758,0,0,none,182,1
B-01211,2023-07-15 14:56:39.821023,B,llm_agent,voice,loan_inquiry,0.81,1,1,36,347,0,0,none,186,1
B-01212,2023-11-02 11:09:27.936630,B,llm_agent,voice,check_balance,0.949,1,3,9,620,0,0,none,577,1
B-01213,2023-09-19 12:24:24.461593,B,llm_agent,chat,freeze_card,0.717,1,2,11,202,0,0,none,171,1
B-01214,2023-07-28 03:56:49.218979,B,llm_agent,mobile_app,update_address,0.712,1,1,109,924,0,0,none,396,1
B-01215,2023-11-23 00:25:12.266764,B,llm_agent,mobile_app,transfer_funds,0.924,1,4,74,1127,0,0,none,260,1
B-01216,2023-07-04 11:59:50.617041,B,llm_agent,chat,check_balance,0.657,1,2,60,461,0,0,none,250,1
B-01217,2023-09-17 19:21:41.430613,B,llm_agent,voice,request_statement,0.588,2,3,29,1183,0,0,none,656,1
B-01218,2023-07-24 07:07:33.104784,B,llm_agent,voice,freeze_card,0.977,2,2,69,1183,0,0,none,250,1
B-01219,2023-07-06 01:58:16.421623,B,llm_agent,mobile_app,dispute_charge,0.881,2,1,8,804,0,0,none,184,1
B-01220,2023-10-09 18:30:31.708912,B,llm_agent,voice,freeze_card,0.733,1,1,73,654,0,0,none,187,1
B-01221,2023-07-29 10:39:42.509408,B,llm_agent,voice,freeze_card,0.574,2,2,48,686,0,0,none,669,1
B-01222,2023-07-13 12:55:42.677261,B,llm_agent,voice,check_balance,0.771,2,3,44,1166,0,0,none,606,1
B-01223,2023-09-26 14:46:00.493335,B,llm_agent,chat,check_balance,0.878,1,4,37,987,0,0,none,409,1
B-01224,2023-12-02 09:14:59.374937,B,llm_agent,mobile_app,transfer_funds,0.92,2,3,16,1068,0,0,none,409,1
B-01225,2023-09-27 20:52:54.869606,B,llm_agent,voice,make_payment,0.883,1,2,67,466,0,1,unresolved,386,1
B-01226,2023-07-15 13:50:29.669071,B,llm_agent,chat,update_address,0.789,1,1,7,711,0,0,none,434,0
B-01227,2023-08-25 16:44:05.824000,B,llm_agent,chat,check_balance,0.909,1,2,69,366,0,0,none,494,1
B-01228,2023-09-20 15:14:17.811085,B,llm_agent,mobile_app,update_address,0.836,1,4,26,382,0,0,none,70,1
B-01229,2023-08-21 10:50:09.881518,B,llm_agent,voice,check_balance,0.867,2,2,83,998,0,0,none,585,1
B-01230,2023-08-31 18:27:36.266734,B,llm_agent,chat,check_balance,0.825,1,4,110,1065,0,0,none,551,1
B-01231,2023-09-30 12:44:20.561125,B,llm_agent,mobile_app,request_statement,0.9,2,2,98,560,0,0,none,690,1
B-01232,2023-12-20 11:19:41.621877,B,llm_agent,mobile_app,transfer_funds,0.968,1,3,29,205,0,1,low_confidence,325,1
B-01233,2023-11-25 06:54:02.965343,B,llm_agent,voice,make_payment,0.878,2,1,106,580,0,0,none,31,1
B-01234,2023-08-07 09:37:16.594910,B,llm_agent,voice,check_balance,0.765,2,3,33,1118,0,0,none,287,0
B-01235,2023-11-21 16:51:16.409031,B,llm_agent,mobile_app,check_balance,0.887,1,1,109,1169,0,0,none,304,1
B-01236,2023-09-11 04:50:22.667039,B,llm_agent,mobile_app,check_balance,0.93,1,1,102,428,0,0,none,451,1
B-01237,2023-11-27 06:37:31.898951,B,llm_agent,voice,make_payment,0.886,2,4,35,864,0,1,low_confidence,153,1
B-01238,2023-10-21 22:20:04.283354,B,llm_agent,voice,dispute_charge,0.939,1,3,31,530,0,0,none,84,0
B-01239,2023-11-02 06:05:56.778113,B,llm_agent,voice,freeze_card,0.832,2,3,58,285,0,0,none,134,1
B-01240,2023-09-05 06:21:10.527449,B,llm_agent,chat,request_statement,0.927,1,3,113,622,0,0,none,502,1
B-01241,2023-11-08 12:20:15.133117,B,llm_agent,voice,make_payment,0.914,1,2,41,1034,0,0,none,131,1
B-01242,2023-10-12 12:30:43.341601,B,llm_agent,voice,update_address,0.749,1,3,66,275,0,0,none,467,1
B-01243,2023-10-22 04:46:04.522743,B,llm_agent,chat,check_balance,0.729,2,1,64,827,0,0,none,519,0
B-01244,2023-10-09 02:37:19.129034,B,llm_agent,voice,freeze_card,0.949,2,4,8,517,0,0,none,422,1
B-01245,2023-07-11 05:01:57.642335,B,llm_agent,mobile_app,check_balance,0.66,2,3,46,1049,0,0,none,65,1
B-01246,2023-09-25 18:53:44.963404,B,llm_agent,voice,update_address,0.838,1,4,30,950,0,0,none,108,1
B-01247,2023-07-10 09:06:53.517678,B,llm_agent,voice,freeze_card,0.888,2,3,70,812,0,0,none,607,1
B-01248,2023-07-31 20:03:27.896735,B,llm_agent,mobile_app,freeze_card,0.936,1,4,67,488,0,0,none,458,1
B-01249,2023-09-26 00:48:05.095014,B,llm_agent,voice,make_payment,0.715,1,4,35,467,0,0,none,549,1
B-01250,2023-09-13 07:55:04.635073,B,llm_agent,voice,check_balance,0.666,2,4,103,335,0,0,none,678,1
B-01251,2023-07-09 18:32:20.392439,B,llm_agent,voice,request_statement,0.512,1,2,109,878,0,0,none,312,1
B-01252,2023-07-26 02:41:29.388021,B,llm_agent,chat,check_balance,0.862,2,3,13,617,0,0,none,649,1
B-01253,2023-09-24 03:34:13.816020,B,llm_agent,voice,dispute_charge,0.763,1,4,37,455,0,0,none,323,0
B-01254,2023-12-25 01:57:38.683273,B,llm_agent,mobile_app,check_balance,0.812,2,1,50,1040,0,0,none,653,0
B-01255,2023-09-28 00:15:02.392595,B,llm_agent,mobile_app,update_address,0.852,1,4,119,273,0,0,none,498,0
B-01256,2023-11-19 09:03:18.050713,B,llm_agent,voice,loan_inquiry,0.618,1,1,109,415,0,0,none,183,1
B-01257,2023-09-20 01:54:41.551799,B,llm_agent,voice,freeze_card,0.904,1,4,93,311,0,0,none,37,1
B-01258,2023-08-05 02:03:19.387693,B,llm_agent,chat,check_balance,0.79,2,3,99,852,0,0,none,661,1
B-01259,2023-07-04 21:01:54.615195,B,llm_agent,mobile_app,make_payment,0.554,2,2,16,526,0,0,none,297,1
B-01260,2023-09-07 17:09:55.592530,B,llm_agent,voice,make_payment,0.822,1,1,96,1090,0,0,none,625,0
B-01261,2023-12-16 06:24:19.292481,B,llm_agent,voice,loan_inquiry,0.824,2,3,59,950,0,0,none,154,1
B-01262,2023-08-29 10:37:46.827341,B,llm_agent,voice,update_address,0.959,2,2,49,811,0,0,none,346,0
B-01263,2023-09-06 10:34:20.116007,B,llm_agent,mobile_app,make_payment,0.901,1,1,23,258,0,0,none,154,0
B-01264,2023-11-04 18:25:27.160179,B,llm_agent,voice,freeze_card,0.879,2,3,27,608,0,0,none,112,1
B-01265,2023-11-12 20:31:16.258980,B,llm_agent,chat,check_balance,0.817,2,3,70,803,0,0,none,409,1
B-01266,2023-10-20 08:01:29.322665,B,llm_agent,voice,transfer_funds,0.874,2,3,75,1178,0,0,none,335,0
B-01267,2023-08-31 21:29:41.299087,B,llm_agent,chat,loan_inquiry,0.838,1,1,23,1125,0,0,none,199,1
B-01268,2023-12-20 23:33:49.781064,B,llm_agent,voice,dispute_charge,0.86,2,3,25,440,0,0,none,261,0
B-01269,2023-09-03 12:13:32.302324,B,llm_agent,chat,update_address,0.955,1,3,94,1152,0,0,none,288,1
B-01270,2023-08-23 10:30:25.488111,B,llm_agent,voice,make_payment,0.834,2,4,57,551,0,0,none,182,1
B-01271,2023-12-02 07:09:25.918660,B,llm_agent,voice,request_statement,0.488,2,2,38,995,0,0,none,524,1
B-01272,2023-12-19 03:29:44.488048,B,llm_agent,voice,request_statement,0.667,1,1,88,623,0,0,none,233,1
B-01273,2023-12-23 01:13:33.117359,B,llm_agent,chat,make_payment,0.802,1,4,96,806,0,0,none,458,1
B-01274,2023-10-06 13:53:40.141378,B,llm_agent,chat,make_payment,0.881,1,4,83,1067,0,0,none,539,1
B-01275,2023-12-07 02:48:22.280282,B,llm_agent,voice,make_payment,0.732,1,2,21,477,0,0,none,257,1
B-01276,2023-08-03 14:51:18.391447,B,llm_agent,voice,make_payment,0.623,2,2,91,983,0,0,none,74,1
B-01277,2023-12-10 16:29:02.481903,B,llm_agent,voice,transfer_funds,0.633,1,2,72,757,0,0,none,64,1
B-01278,2023-11-16 17:58:42.338655,B,llm_agent,voice,transfer_funds,0.961,2,4,106,716,0,0,none,435,1
B-01279,2023-09-12 01:13:49.120408,B,llm_agent,chat,loan_inquiry,0.849,2,1,104,466,0,0,none,48,1
B-01280,2023-08-14 20:51:00.401125,B,llm_agent,voice,request_statement,0.791,1,1,95,258,0,0,none,115,1
B-01281,2023-11-17 00:22:54.802706,B,llm_agent,chat,request_statement,0.884,2,3,55,522,0,0,none,366,1
B-01282,2023-09-17 19:07:45.468342,B,llm_agent,chat,check_balance,0.742,1,4,14,356,0,1,low_confidence,227,1
B-01283,2023-12-27 02:04:44.745917,B,llm_agent,mobile_app,make_payment,0.824,1,3,68,245,0,0,none,320,1
B-01284,2023-12-04 09:24:15.874957,B,llm_agent,chat,check_balance,0.914,2,4,85,830,0,0,none,513,1
B-01285,2023-11-22 15:34:22.667305,B,llm_agent,voice,check_balance,0.768,2,4,101,939,0,0,none,579,1
B-01286,2023-08-31 02:00:54.722000,B,llm_agent,voice,check_balance,0.695,1,2,40,538,0,0,none,295,1
B-01287,2023-11-08 05:34:27.838218,B,llm_agent,voice,transfer_funds,0.943,1,2,99,643,0,0,none,86,1
B-01288,2023-11-16 08:01:19.086520,B,llm_agent,voice,update_address,0.822,2,1,117,706,0,0,none,166,1
B-01289,2023-09-13 22:17:46.372489,B,llm_agent,voice,make_payment,0.976,1,1,92,991,0,0,none,616,1
B-01290,2023-07-18 07:24:46.269124,B,llm_agent,mobile_app,make_payment,0.871,1,3,39,948,0,0,none,39,1
B-01291,2023-11-12 13:21:58.493000,B,llm_agent,voice,check_balance,0.333,1,3,5,992,0,0,none,176,1
B-01292,2023-08-23 21:17:39.489051,B,llm_agent,chat,loan_inquiry,0.779,1,4,57,338,0,0,none,697,1
B-01293,2023-07-25 07:05:26.314839,B,llm_agent,voice,update_address,0.686,2,3,27,770,0,0,none,272,0
B-01294,2023-07-08 19:27:47.571779,B,llm_agent,voice,make_payment,0.848,1,1,8,878,0,0,none,53,1
B-01295,2023-08-29 21:19:01.080481,B,llm_agent,voice,make_payment,0.946,2,3,87,207,0,0,none,623,1
B-01296,2023-10-02 07:40:13.670148,B,llm_agent,voice,freeze_card,0.913,2,3,86,609,0,0,none,539,1
B-01297,2023-07-08 00:38:11.175516,B,llm_agent,voice,update_address,0.79,1,4,74,327,0,0,none,607,1
B-01298,2023-10-12 02:27:32.961471,B,llm_agent,mobile_app,make_payment,0.617,1,3,13,1117,0,0,none,496,1
B-01299,2023-12-11 20:32:20.417666,B,llm_agent,chat,make_payment,0.907,2,4,22,478,0,0,none,385,1
B-01300,2023-10-18 10:04:52.152245,B,llm_agent,voice,loan_inquiry,0.73,2,3,83,592,0,0,none,518,0
B-01301,2023-10-04 23:59:12.529902,B,llm_agent,voice,transfer_funds,0.816,2,4,108,748,0,0,none,86,1
B-01302,2023-08-12 12:06:34.487002,B,llm_agent,mobile_app,freeze_card,0.77,1,1,83,1058,0,0,none,100,1
B-01303,2023-09-19 09:10:52.616719,B,llm_agent,voice,check_balance,0.782,2,4,9,504,0,0,none,437,1
B-01304,2023-10-18 21:41:11.521120,B,llm_agent,voice,loan_inquiry,0.659,1,2,75,245,0,0,none,353,1
B-01305,2023-12-06 07:31:18.682742,B,llm_agent,chat,check_balance,0.829,2,3,66,1044,0,0,none,555,1
B-01306,2023-12-09 09:02:09.212182,B,llm_agent,chat,check_balance,0.768,2,2,30,847,0,0,none,674,1
B-01307,2023-09-21 16:52:12.953485,B,llm_agent,voice,loan_inquiry,0.73,2,3,33,374,0,0,none,210,1
B-01308,2023-08-03 14:39:12.206703,B,llm_agent,chat,update_address,0.983,2,2,81,856,0,0,none,259,1
B-01309,2023-11-07 10:46:56.909522,B,llm_agent,voice,check_balance,0.861,1,4,59,956,0,0,none,156,1
B-01310,2023-12-21 22:54:09.771944,B,llm_agent,chat,freeze_card,0.601,1,1,20,483,0,0,none,585,1
B-01311,2023-12-23 07:06:37.824954,B,llm_agent,voice,loan_inquiry,0.798,2,1,99,1113,0,0,none,372,0
B-01312,2023-12-30 04:54:23.514144,B,llm_agent,mobile_app,dispute_charge,0.729,2,1,17,679,0,0,none,267,1
B-01313,2023-08-16 03:48:43.270108,B,llm_agent,chat,transfer_funds,0.682,1,2,45,599,0,0,none,547,1
B-01314,2023-12-01 03:46:07.237540,B,llm_agent,voice,dispute_charge,0.706,1,4,19,1131,0,0,none,351,1
B-01315,2023-07-10 11:05:03.593081,B,llm_agent,chat,update_address,0.851,1,4,38,585,0,1,unresolved,378,1
B-01316,2023-07-03 18:02:46.871729,B,llm_agent,voice,transfer_funds,0.81,2,3,9,679,0,0,none,604,1
B-01317,2023-11-01 07:11:01.718157,B,llm_agent,mobile_app,loan_inquiry,0.675,1,1,98,870,0,1,unresolved,195,1
B-01318,2023-07-22 22:31:13.288979,B,llm_agent,voice,make_payment,0.919,1,4,98,649,0,0,none,482,0
B-01319,2023-09-10 01:40:35.301092,B,llm_agent,voice,check_balance,0.745,2,1,68,658,0,0,none,629,1
B-01320,2023-07-03 06:41:28.286207,B,llm_agent,chat,check_balance,0.91,1,4,14,975,0,0,none,635,1
B-01321,2023-07-16 21:11:15.424683,B,llm_agent,voice,freeze_card,0.525,1,2,73,916,0,0,none,631,1
B-01322,2023-08-08 04:25:06.672898,B,llm_agent,voice,make_payment,0.845,1,3,72,516,0,1,low_confidence,176,1
B-01323,2023-10-10 11:13:09.653777,B,llm_agent,chat,request_statement,0.856,1,1,80,633,0,0,none,484,1
B-01324,2023-08-30 17:53:01.970421,B,llm_agent,chat,make_payment,0.685,2,4,10,1030,0,0,none,426,1
B-01325,2023-10-12 04:27:32.774033,B,llm_agent,voice,update_address,0.853,1,4,23,221,0,0,none,81,1
B-01326,2023-10-27 18:17:24.456049,B,llm_agent,voice,make_payment,0.874,2,4,66,980,0,0,none,400,0
B-01327,2023-07-01 14:46:52.909493,B,llm_agent,chat,dispute_charge,0.967,1,1,43,641,0,1,customer_request,190,0
B-01328,2023-12-03 03:05:39.449370,B,llm_agent,mobile_app,transfer_funds,0.965,2,2,22,680,0,0,none,387,1
B-01329,2023-07-11 13:37:06.681478,B,llm_agent,chat,dispute_charge,0.818,2,3,37,1096,0,0,none,456,1
B-01330,2023-12-07 18:27:21.034048,B,llm_agent,chat,check_balance,0.926,1,2,13,486,0,0,none,511,1
B-01331,2023-12-26 14:51:19.774405,B,llm_agent,chat,update_address,0.789,2,1,109,416,0,0,none,569,1
B-01332,2023-12-13 08:15:39.739332,B,llm_agent,voice,request_statement,0.586,1,1,101,1199,0,0,none,433,1
B-01333,2023-10-08 05:13:45.316496,B,llm_agent,voice,request_statement,0.779,2,4,42,475,0,1,unresolved,357,0
B-01334,2023-11-18 20:22:15.146668,B,llm_agent,chat,check_balance,0.916,2,2,8,1093,0,0,none,701,1
B-01335,2023-08-01 14:25:11.812326,B,llm_agent,voice,freeze_card,0.812,1,2,85,547,0,0,none,239,1
B-01336,2023-12-19 11:42:36.469930,B,llm_agent,voice,dispute_charge,0.913,2,2,27,724,0,0,none,234,0
B-01337,2023-07-05 06:27:40.441388,B,llm_agent,voice,transfer_funds,0.872,1,4,40,803,0,0,none,640,1
B-01338,2023-10-09 22:05:47.452138,B,llm_agent,chat,make_payment,0.942,2,4,16,843,0,0,none,695,1
B-01339,2023-09-23 09:32:30.856431,B,llm_agent,chat,check_balance,0.952,1,3,53,254,0,0,none,293,1
B-01340,2023-11-23 19:57:55.108622,B,llm_agent,mobile_app,check_balance,0.97,1,3,83,744,0,0,none,624,1
B-01341,2023-11-14 08:11:08.206904,B,llm_agent,voice,make_payment,0.419,2,4,21,865,0,0,none,662,1
B-01342,2023-08-30 10:08:45.697677,B,llm_agent,mobile_app,freeze_card,0.869,1,2,6,1188,0,0,none,617,1
B-01343,2023-07-30 22:13:02.523768,B,llm_agent,voice,update_address,0.716,1,2,12,544,0,1,timeout,397,1
B-01344,2023-11-23 08:26:56.529756,B,llm_agent,chat,make_payment,0.687,1,1,10,366,0,0,none,554,1
B-01345,2023-12-26 21:04:52.680336,B,llm_agent,chat,update_address,0.834,2,3,103,475,0,0,none,453,1
B-01346,2023-07-18 21:50:40.320248,B,llm_agent,voice,dispute_charge,0.749,1,2,74,914,0,0,none,54,1
B-01347,2023-11-12 02:50:24.244460,B,llm_agent,mobile_app,request_statement,0.888,1,1,80,807,0,1,unresolved,116,1
B-01348,2023-10-03 08:53:51.074018,B,llm_agent,voice,freeze_card,0.946,2,1,52,233,0,0,none,678,0
B-01349,2023-08-27 02:14:35.960993,B,llm_agent,voice,check_balance,0.909,2,1,93,491,0,0,none,214,0
B-01350,2023-07-03 15:27:08.035568,B,llm_agent,voice,update_address,0.682,1,1,61,744,0,0,none,150,1
B-01351,2023-11-10 12:06:09.927550,B,llm_agent,voice,update_address,0.888,2,2,45,803,0,0,none,702,0
B-01352,2023-07-25 03:52:37.319981,B,llm_agent,chat,freeze_card,0.889,1,4,13,326,0,0,none,264,1
B-01353,2023-12-03 16:46:57.674783,B,llm_agent,voice,make_payment,0.952,2,1,96,383,0,1,low_confidence,525,1
B-01354,2023-08-18 10:04:56.640281,B,llm_agent,voice,check_balance,0.913,1,3,75,1123,0,0,none,573,1
B-01355,2023-10-17 09:34:31.203113,B,llm_agent,voice,dispute_charge,0.699,2,1,86,955,0,1,low_confidence,359,0
B-01356,2023-08-22 00:23:16.388318,B,llm_agent,chat,update_address,0.615,1,3,114,1073,0,0,none,467,1
B-01357,2023-11-06 12:19:28.848484,B,llm_agent,voice,freeze_card,0.617,1,3,73,1087,0,0,none,389,1
B-01358,2023-07-22 10:31:29.310522,B,llm_agent,chat,make_payment,0.945,1,3,18,465,0,0,none,343,1
B-01359,2023-09-01 18:32:14.248020,B,llm_agent,voice,check_balance,0.836,2,3,29,658,0,0,none,90,1
B-01360,2023-10-02 03:20:56.703497,B,llm_agent,chat,check_balance,0.783,2,1,13,704,0,0,none,102,1
B-01361,2023-10-16 03:19:38.757656,B,llm_agent,mobile_app,check_balance,0.837,1,4,114,1079,0,0,none,570,1
B-01362,2023-10-15 01:30:21.073625,B,llm_agent,voice,check_balance,0.836,1,2,59,412,0,0,none,617,1
B-01363,2023-07-15 12:42:24.641624,B,llm_agent,voice,request_statement,0.663,2,1,81,848,0,1,timeout,79,1
B-01364,2023-07-07 04:20:44.067540,B,llm_agent,mobile_app,make_payment,0.769,1,2,52,944,0,0,none,243,1
B-01365,2023-08-13 09:44:43.618281,B,llm_agent,voice,loan_inquiry,0.837,1,1,104,640,0,0,none,297,1
B-01366,2023-07-07 21:36:22.304238,B,llm_agent,chat,update_address,0.881,1,2,53,977,0,0,none,57,1
B-01367,2023-08-10 08:53:23.310070,B,llm_agent,voice,make_payment,0.849,1,4,5,780,0,0,none,313,1
B-01368,2023-07-11 20:15:52.424386,B,llm_agent,voice,make_payment,0.872,2,4,52,877,0,0,none,686,1
B-01369,2023-10-05 12:06:11.966566,B,llm_agent,chat,make_payment,0.974,1,1,79,241,0,0,none,446,1
B-01370,2023-07-20 03:10:47.731210,B,llm_agent,voice,check_balance,0.926,2,4,27,940,0,0,none,658,1
B-01371,2023-09-14 23:44:41.466127,B,llm_agent,mobile_app,update_address,0.968,2,3,78,944,0,0,none,316,1
B-01372,2023-11-18 19:54:57.237894,B,llm_agent,voice,request_statement,0.79,2,2,35,546,0,1,low_confidence,551,1
B-01373,2023-11-19 08:21:20.332423,B,llm_agent,voice,check_balance,0.786,2,4,80,912,0,0,none,692,1
B-01374,2023-10-11 21:07:13.463951,B,llm_agent,voice,check_balance,0.699,2,2,33,1109,0,0,none,401,1
B-01375,2023-07-06 15:11:25.381950,B,llm_agent,chat,transfer_funds,0.663,1,2,6,1014,0,0,none,580,1
B-01376,2023-10-07 05:10:23.987609,B,llm_agent,voice,transfer_funds,0.894,2,2,47,735,0,1,low_confidence,164,1
B-01377,2023-08-16 05:40:58.772351,B,llm_agent,voice,check_balance,0.863,2,3,53,807,0,0,none,691,1
B-01378,2023-10-13 00:26:28.811742,B,llm_agent,voice,check_balance,0.919,2,1,81,891,0,0,none,710,0
B-01379,2023-12-14 05:44:30.400017,B,llm_agent,chat,loan_inquiry,0.973,1,1,63,1085,0,0,none,387,1
B-01380,2023-10-18 14:13:48.325225,B,llm_agent,voice,make_payment,0.826,1,2,104,438,0,0,none,99,1
B-01381,2023-12-20 03:02:53.409946,B,llm_agent,mobile_app,request_statement,0.895,2,3,85,599,0,0,none,238,1
B-01382,2023-08-08 04:13:29.150199,B,llm_agent,voice,make_payment,0.834,1,1,97,1193,0,0,none,239,1
B-01383,2023-08-19 02:28:25.413482,B,llm_agent,voice,dispute_charge,0.879,2,3,81,534,0,0,none,707,1
B-01384,2023-07-28 05:15:59.514707,B,llm_agent,voice,freeze_card,0.76,1,2,107,1175,0,1,unresolved,70,1
B-01385,2023-07-15 08:02:09.192024,B,llm_agent,voice,make_payment,0.432,1,2,119,235,0,0,none,86,0
B-01386,2023-07-02 22:07:11.792880,B,llm_agent,chat,check_balance,0.754,1,4,9,969,0,1,unresolved,605,0
B-01387,2023-12-17 19:29:14.198773,B,llm_agent,mobile_app,loan_inquiry,0.83,2,1,115,504,0,0,none,669,1
B-01388,2023-09-21 16:00:35.996022,B,llm_agent,chat,transfer_funds,0.968,2,3,119,309,0,0,none,207,1
B-01389,2023-12-19 19:27:34.543627,B,llm_agent,mobile_app,loan_inquiry,0.864,1,4,9,887,0,0,none,96,0
B-01390,2023-12-06 02:41:48.279415,B,llm_agent,chat,loan_inquiry,0.559,1,3,9,650,0,1,unresolved,684,0
B-01391,2023-11-14 03:15:32.823599,B,llm_agent,voice,update_address,0.781,1,2,29,872,0,0,none,586,1
B-01392,2023-12-15 23:10:12.477271,B,llm_agent,voice,request_statement,0.932,1,2,118,752,0,0,none,531,1
B-01393,2023-08-18 07:31:53.176832,B,llm_agent,chat,request_statement,0.884,1,2,27,524,0,0,none,568,1
B-01394,2023-12-04 17:12:22.538136,B,llm_agent,mobile_app,loan_inquiry,0.565,2,2,46,968,0,0,none,683,1
B-01395,2023-11-02 10:28:17.512929,B,llm_agent,chat,freeze_card,0.532,2,4,42,1166,0,0,none,485,1
B-01396,2023-10-18 17:11:06.843642,B,llm_agent,chat,transfer_funds,0.605,1,4,101,255,0,0,none,99,1
B-01397,2023-10-22 05:10:41.803234,B,llm_agent,voice,update_address,0.812,2,3,78,979,0,0,none,569,0
B-01398,2023-12-13 19:50:41.641213,B,llm_agent,chat,make_payment,0.706,2,2,105,706,0,0,none,88,1
B-01399,2023-12-17 23:48:13.575487,B,llm_agent,chat,freeze_card,0.81,1,3,92,510,0,0,none,90,1
B-01400,2023-08-02 09:13:25.498869,B,llm_agent,mobile_app,freeze_card,0.919,2,2,12,590,0,0,none,363,1
B-01401,2023-07-15 18:43:14.917618,B,llm_agent,chat,dispute_charge,0.792,2,2,81,773,0,0,none,287,1
B-01402,2023-08-19 21:26:43.872716,B,llm_agent,voice,transfer_funds,0.902,2,4,98,297,0,0,none,421,1
B-01403,2023-11-26 06:18:54.999179,B,llm_agent,chat,update_address,0.489,1,3,22,492,0,0,none,262,1
B-01404,2023-07-18 18:17:44.371387,B,llm_agent,voice,check_balance,0.916,2,2,18,1183,0,0,none,612,1
B-01405,2023-10-30 02:27:12.571158,B,llm_agent,voice,check_balance,0.655,1,2,33,494,0,0,none,707,1
B-01406,2023-09-12 01:20:27.614679,B,llm_agent,chat,make_payment,0.785,1,1,52,831,0,0,none,695,1
B-01407,2023-12-14 22:56:24.368630,B,llm_agent,mobile_app,make_payment,0.944,2,1,33,1180,0,1,customer_request,356,1
B-01408,2023-11-28 01:31:31.858129,B,llm_agent,chat,make_payment,0.761,2,2,7,705,0,0,none,394,0
B-01409,2023-10-01 22:13:58.901729,B,llm_agent,voice,make_payment,0.985,1,4,20,576,0,0,none,64,1
B-01410,2023-09-08 15:53:21.037487,B,llm_agent,voice,dispute_charge,0.67,1,4,49,273,0,0,none,637,1
B-01411,2023-11-30 17:36:43.172206,B,llm_agent,voice,make_payment,0.975,1,2,29,733,0,0,none,208,1
B-01412,2023-08-14 17:10:07.739541,B,llm_agent,chat,make_payment,0.766,1,1,53,543,0,0,none,200,1
B-01413,2023-10-08 10:24:42.651184,B,llm_agent,chat,dispute_charge,0.887,2,2,11,769,0,0,none,612,1
B-01414,2023-12-18 11:52:05.085316,B,llm_agent,voice,make_payment,0.798,1,4,90,860,0,0,none,706,1
B-01415,2023-10-19 11:26:43.859623,B,llm_agent,voice,make_payment,0.707,1,3,30,1010,0,0,none,645,1
B-01416,2023-12-18 04:56:18.596382,B,llm_agent,chat,make_payment,0.938,1,4,30,206,0,0,none,46,1
B-01417,2023-09-19 21:18:17.383096,B,llm_agent,voice,request_statement,0.733,2,2,16,489,0,0,none,669,1
B-01418,2023-10-24 03:52:21.152401,B,llm_agent,chat,dispute_charge,0.645,1,2,22,855,0,0,none,321,1
B-01419,2023-12-20 02:13:06.640794,B,llm_agent,chat,request_statement,0.925,1,1,34,322,0,0,none,129,0
B-01420,2023-11-12 22:07:22.392430,B,llm_agent,voice,make_payment,0.881,1,3,45,573,0,0,none,133,1
B-01421,2023-12-13 17:22:54.383004,B,llm_agent,voice,loan_inquiry,0.671,2,1,77,918,0,1,low_confidence,504,1
B-01422,2023-11-30 06:19:38.872732,B,llm_agent,chat,transfer_funds,0.959,1,1,7,943,0,0,none,587,1
B-01423,2023-07-15 05:42:31.892984,B,llm_agent,voice,transfer_funds,0.894,2,1,70,656,0,0,none,307,1
B-01424,2023-08-17 07:11:21.796605,B,llm_agent,voice,check_balance,0.875,2,3,109,299,0,1,customer_request,444,1
B-01425,2023-11-13 16:35:30.992569,B,llm_agent,mobile_app,make_payment,0.693,1,4,35,323,0,0,none,537,1
B-01426,2023-12-10 21:03:27.665384,B,llm_agent,voice,check_balance,0.95,1,2,56,816,0,0,none,321,0
B-01427,2023-11-24 19:44:36.601234,B,llm_agent,mobile_app,freeze_card,0.568,2,2,70,921,0,0,none,598,1
B-01428,2023-08-27 07:23:37.630993,B,llm_agent,voice,check_balance,0.886,1,3,17,853,0,1,customer_request,231,1
B-01429,2023-10-22 15:37:40.397357,B,llm_agent,voice,check_balance,0.865,2,1,81,723,0,0,none,210,0
B-01430,2023-10-30 00:49:32.759665,B,llm_agent,voice,dispute_charge,0.697,2,3,115,244,0,0,none,359,0
B-01431,2023-09-19 00:40:43.688468,B,llm_agent,chat,loan_inquiry,0.977,2,4,106,885,0,0,none,375,1
B-01432,2023-10-16 13:10:15.220998,B,llm_agent,mobile_app,update_address,0.799,1,1,53,952,0,0,none,247,0
B-01433,2023-12-28 10:29:45.052365,B,llm_agent,voice,update_address,0.587,2,2,58,256,0,1,low_confidence,255,1
B-01434,2023-10-08 16:15:29.480744,B,llm_agent,mobile_app,update_address,0.855,2,4,77,676,0,0,none,238,1
B-01435,2023-08-05 13:37:35.129818,B,llm_agent,chat,update_address,0.773,2,4,65,983,0,1,low_confidence,344,1
B-01436,2023-10-01 06:01:46.133489,B,llm_agent,mobile_app,update_address,0.739,1,2,9,553,0,0,none,508,1
B-01437,2023-08-02 03:53:57.214852,B,llm_agent,chat,dispute_charge,0.825,1,4,24,434,0,0,none,230,1
B-01438,2023-11-03 22:36:35.979959,B,llm_agent,chat,request_statement,0.959,1,3,118,504,0,0,none,502,1
B-01439,2023-12-13 01:09:15.174094,B,llm_agent,mobile_app,request_statement,0.723,1,2,54,222,0,0,none,264,1
B-01440,2023-11-01 16:24:28.623491,B,llm_agent,chat,request_statement,0.681,2,3,30,994,0,0,none,161,1
B-01441,2023-12-08 14:33:34.708814,B,llm_agent,chat,freeze_card,0.94,1,3,98,703,0,0,none,217,1
B-01442,2023-11-11 04:00:54.323922,B,llm_agent,voice,check_balance,0.902,1,2,18,727,0,0,none,595,1
B-01443,2023-09-19 01:18:36.279404,B,llm_agent,voice,check_balance,0.947,2,4,95,291,0,0,none,235,1
B-01444,2023-10-07 11:45:22.868142,B,llm_agent,chat,request_statement,0.918,2,2,107,902,0,0,none,477,1
B-01445,2023-10-06 11:00:10.660038,B,llm_agent,voice,dispute_charge,0.655,2,3,86,865,0,0,none,428,1
B-01446,2023-09-10 19:49:58.681933,B,llm_agent,voice,check_balance,0.498,2,2,49,235,0,0,none,507,1
B-01447,2023-07-18 00:06:45.215275,B,llm_agent,mobile_app,dispute_charge,0.913,1,3,96,1086,0,0,none,444,1
B-01448,2023-11-06 10:22:27.699740,B,llm_agent,chat,check_balance,0.6,1,2,95,718,0,0,none,716,0
B-01449,2023-07-09 15:08:02.552068,B,llm_agent,mobile_app,make_payment,0.713,1,1,79,692,0,0,none,665,0
B-01450,2023-08-07 08:10:39.073172,B,llm_agent,voice,make_payment,0.645,1,4,48,981,0,0,none,253,1
B-01451,2023-09-22 01:25:22.767312,B,llm_agent,voice,check_balance,0.808,2,3,113,335,0,0,none,299,1
B-01452,2023-12-28 15:16:41.368752,B,llm_agent,voice,check_balance,0.863,1,2,76,347,0,0,none,282,0
B-01453,2023-08-26 03:45:02.065649,B,llm_agent,mobile_app,dispute_charge,0.937,2,4,55,760,0,0,none,483,1
B-01454,2023-11-23 10:20:36.981198,B,llm_agent,voice,request_statement,0.452,2,1,111,513,0,0,none,367,1
B-01455,2023-09-15 18:18:51.317752,B,llm_agent,mobile_app,dispute_charge,0.916,1,4,54,829,0,0,none,696,1
B-01456,2023-08-10 13:04:18.790435,B,llm_agent,voice,make_payment,0.724,1,1,31,288,0,0,none,523,1
B-01457,2023-07-05 20:44:51.532827,B,llm_agent,voice,make_payment,0.964,2,3,94,317,0,0,none,351,0
B-01458,2023-07-17 04:27:44.226221,B,llm_agent,chat,make_payment,0.909,2,4,77,650,0,0,none,248,1
B-01459,2023-09-15 06:17:52.199527,B,llm_agent,chat,make_payment,0.97,2,2,97,1026,0,0,none,567,0
B-01460,2023-09-12 05:36:38.188697,B,llm_agent,voice,update_address,0.709,2,2,11,354,0,0,none,602,1
B-01461,2023-10-23 14:57:29.664372,B,llm_agent,voice,check_balance,0.875,2,3,55,567,0,0,none,699,0
B-01462,2023-07-12 09:15:54.538918,B,llm_agent,voice,loan_inquiry,0.892,2,1,36,892,0,0,none,407,1
B-01463,2023-08-21 23:02:02.858652,B,llm_agent,chat,check_balance,0.661,1,4,95,243,0,0,none,574,1
B-01464,2023-07-05 06:52:42.632134,B,llm_agent,voice,make_payment,0.928,2,1,79,894,0,1,timeout,639,1
B-01465,2023-12-07 13:26:15.673763,B,llm_agent,voice,check_balance,0.891,1,2,95,805,0,0,none,85,0
B-01466,2023-09-11 18:00:51.678855,B,llm_agent,voice,transfer_funds,0.878,2,4,87,855,0,0,none,131,1
B-01467,2023-10-15 22:10:59.671885,B,llm_agent,voice,make_payment,0.663,2,4,83,230,0,0,none,163,1
B-01468,2023-11-08 00:46:06.054485,B,llm_agent,chat,transfer_funds,0.859,2,4,23,1066,0,1,low_confidence,188,1
B-01469,2023-08-19 00:55:14.914606,B,llm_agent,chat,dispute_charge,0.746,1,4,23,279,0,0,none,233,1
B-01470,2023-07-25 16:41:45.076757,B,llm_agent,mobile_app,check_balance,0.827,1,4,43,451,0,0,none,32,1
B-01471,2023-10-15 04:33:03.703596,B,llm_agent,chat,check_balance,0.903,1,4,10,530,0,0,none,503,1
B-01472,2023-12-13 07:32:52.823120,B,llm_agent,voice,transfer_funds,0.826,2,4,6,204,0,0,none,448,1
B-01473,2023-12-11 08:12:35.132664,B,llm_agent,chat,transfer_funds,0.71,2,3,58,834,0,0,none,493,1
B-01474,2023-08-26 09:47:18.632648,B,llm_agent,mobile_app,transfer_funds,0.502,1,3,75,897,0,0,none,571,1
B-01475,2023-08-18 16:58:31.620203,B,llm_agent,voice,check_balance,0.947,1,3,106,624,0,0,none,124,1
B-01476,2023-09-03 16:49:22.666513,B,llm_agent,voice,loan_inquiry,0.918,2,1,51,859,0,0,none,255,1
B-01477,2023-08-14 21:07:28.771652,B,llm_agent,voice,update_address,0.654,1,2,17,292,0,0,none,340,0
B-01478,2023-12-24 12:08:36.444405,B,llm_agent,mobile_app,make_payment,0.738,2,3,14,353,0,0,none,213,0
B-01479,2023-07-07 08:15:28.300461,B,llm_agent,voice,freeze_card,0.759,2,1,113,1057,0,1,unresolved,321,1
B-01480,2023-08-05 00:18:13.378684,B,llm_agent,voice,dispute_charge,0.771,2,3,41,742,0,0,none,350,1
B-01481,2023-07-06 04:17:18.620366,B,llm_agent,chat,make_payment,0.713,1,2,50,330,0,0,none,506,1
B-01482,2023-12-04 06:40:57.973783,B,llm_agent,chat,check_balance,0.921,2,3,67,834,0,0,none,182,1
B-01483,2023-09-25 06:51:34.203288,B,llm_agent,voice,loan_inquiry,0.646,2,4,41,548,0,0,none,210,1
B-01484,2023-08-11 17:36:16.546685,B,llm_agent,voice,dispute_charge,0.866,1,3,116,336,0,0,none,226,1
B-01485,2023-09-11 08:34:12.725908,B,llm_agent,chat,update_address,0.386,2,3,102,975,0,1,low_confidence,194,1
B-01486,2023-07-20 09:55:15.892034,B,llm_agent,voice,freeze_card,0.865,2,3,28,708,0,0,none,600,1
B-01487,2023-07-20 16:53:03.933747,B,llm_agent,voice,transfer_funds,0.915,1,1,34,801,0,0,none,441,1
B-01488,2023-12-21 06:43:13.613047,B,llm_agent,voice,check_balance,0.971,1,1,73,227,0,0,none,584,1
B-01489,2023-11-05 09:09:59.486448,B,llm_agent,chat,check_balance,0.955,1,1,114,324,0,0,none,87,1
B-01490,2023-10-25 21:08:10.533239,B,llm_agent,voice,loan_inquiry,0.837,2,4,33,686,0,0,none,517,1
B-01491,2023-09-25 12:20:55.555072,B,llm_agent,chat,check_balance,0.93,2,1,116,528,0,0,none,491,1
B-01492,2023-09-28 15:17:06.937394,B,llm_agent,voice,freeze_card,0.977,2,3,16,403,0,1,unresolved,572,1
B-01493,2023-11-19 06:49:12.578118,B,llm_agent,voice,freeze_card,0.837,1,4,92,923,0,0,none,333,1
B-01494,2023-07-10 14:06:07.689135,B,llm_agent,chat,make_payment,0.923,2,3,20,401,0,0,none,542,1
B-01495,2023-10-31 03:24:13.123933,B,llm_agent,voice,make_payment,0.831,1,3,43,326,0,0,none,400,1
B-01496,2023-10-09 17:48:27.586379,B,llm_agent,voice,make_payment,0.772,1,2,31,1149,0,0,none,587,1
B-01497,2023-08-26 03:01:31.575001,B,llm_agent,mobile_app,make_payment,0.952,1,2,58,667,0,0,none,583,1
B-01498,2023-08-09 11:13:46.781198,B,llm_agent,mobile_app,request_statement,0.696,2,2,102,1082,0,0,none,612,0
B-01499,2023-12-05 16:49:45.488965,B,llm_agent,chat,update_address,0.861,2,3,104,876,0,0,none,154,1
B-01500,2023-12-18 11:24:00.498104,B,llm_agent,chat,dispute_charge,0.913,2,1,68,783,0,0,none,525,1
B-01501,2023-07-18 12:50:53.618734,B,llm_agent,chat,freeze_card,0.635,2,2,56,208,0,0,none,174,1
B-01502,2023-08-01 01:53:25.981678,B,llm_agent,voice,make_payment,0.807,2,3,115,614,0,0,none,358,1
B-01503,2023-10-31 01:56:40.170549,B,llm_agent,voice,check_balance,0.878,1,4,103,847,0,0,none,651,1
B-01504,2023-11-19 15:28:01.216951,B,llm_agent,chat,check_balance,0.799,1,4,71,424,0,0,none,117,1
B-01505,2023-09-28 21:57:51.234912,B,llm_agent,chat,make_payment,0.899,2,2,5,820,0,0,none,541,1
B-01506,2023-12-17 14:54:42.326779,B,llm_agent,voice,transfer_funds,0.788,2,3,72,1197,0,0,none,240,1
B-01507,2023-12-07 18:21:18.735209,B,llm_agent,mobile_app,loan_inquiry,0.897,2,2,118,292,0,0,none,211,1
B-01508,2023-07-24 02:30:27.660264,B,llm_agent,voice,check_balance,0.766,2,4,32,1059,0,0,none,64,1
B-01509,2023-07-27 01:37:30.289219,B,llm_agent,voice,dispute_charge,0.953,1,4,103,451,0,1,customer_request,527,0
B-01510,2023-07-16 17:15:19.221676,B,llm_agent,voice,update_address,0.854,2,3,82,342,0,0,none,602,1
B-01511,2023-12-08 04:50:56.211046,B,llm_agent,chat,transfer_funds,0.895,1,2,68,582,0,0,none,345,1
B-01512,2023-10-11 01:06:43.870010,B,llm_agent,voice,check_balance,0.709,2,1,20,1146,0,0,none,165,1
B-01513,2023-12-20 06:35:44.200996,B,llm_agent,voice,freeze_card,0.816,1,4,58,359,0,1,customer_request,455,0
B-01514,2023-11-11 10:47:43.194179,B,llm_agent,chat,update_address,0.743,2,1,67,607,0,0,none,703,1
B-01515,2023-11-11 22:56:41.575439,B,llm_agent,chat,request_statement,0.717,2,2,42,551,0,0,none,572,1
B-01516,2023-07-23 21:39:29.933327,B,llm_agent,voice,dispute_charge,0.717,1,3,49,278,0,1,low_confidence,553,1
B-01517,2023-07-21 01:00:58.885591,B,llm_agent,chat,freeze_card,0.849,2,2,29,233,0,0,none,60,1
B-01518,2023-12-18 08:45:45.612794,B,llm_agent,mobile_app,check_balance,0.681,2,3,20,1126,0,0,none,650,0
B-01519,2023-09-27 07:35:05.038992,B,llm_agent,voice,transfer_funds,0.962,1,4,73,869,0,0,none,451,1
B-01520,2023-12-29 21:19:41.642594,B,llm_agent,chat,make_payment,0.862,2,3,81,770,0,0,none,478,1
B-01521,2023-08-29 02:46:03.169142,B,llm_agent,voice,check_balance,0.804,2,3,38,708,0,0,none,263,1
B-01522,2023-10-22 17:15:38.232650,B,llm_agent,voice,transfer_funds,0.885,2,1,80,322,0,0,none,638,1
B-01523,2023-10-13 19:46:23.890884,B,llm_agent,voice,dispute_charge,0.496,1,4,91,237,0,1,low_confidence,386,1
B-01524,2023-07-13 10:59:53.829473,B,llm_agent,mobile_app,make_payment,0.837,1,2,88,697,0,0,none,200,1
B-01525,2023-10-03 22:48:47.652515,B,llm_agent,voice,update_address,0.685,2,2,79,700,0,0,none,280,1
B-01526,2023-12-17 03:53:14.070489,B,llm_agent,mobile_app,loan_inquiry,0.819,2,2,83,722,0,0,none,182,1
B-01527,2023-09-22 01:23:48.715361,B,llm_agent,voice,make_payment,0.849,1,1,6,1131,0,0,none,679,1
B-01528,2023-09-25 11:47:14.057588,B,llm_agent,voice,transfer_funds,0.848,1,4,45,484,0,0,none,583,1
B-01529,2023-11-06 06:07:20.655087,B,llm_agent,voice,transfer_funds,0.756,1,4,30,634,0,0,none,442,1
B-01530,2023-11-20 20:52:23.799941,B,llm_agent,voice,transfer_funds,0.746,1,1,46,303,0,0,none,561,0
B-01531,2023-11-29 12:24:13.366527,B,llm_agent,voice,check_balance,0.931,1,1,87,722,0,0,none,614,0
B-01532,2023-09-21 17:02:22.365586,B,llm_agent,voice,make_payment,0.717,2,1,74,793,0,0,none,270,1
B-01533,2023-09-20 06:06:31.845970,B,llm_agent,chat,make_payment,0.535,2,2,20,421,0,0,none,207,1
B-01534,2023-09-25 14:58:50.486583,B,llm_agent,chat,check_balance,0.697,2,2,5,732,0,0,none,659,1
B-01535,2023-12-25 07:47:43.965828,B,llm_agent,mobile_app,check_balance,0.815,1,2,86,534,0,0,none,281,1
B-01536,2023-12-18 00:58:15.573840,B,llm_agent,voice,check_balance,0.779,2,3,114,270,0,0,none,58,0
B-01537,2023-10-22 23:06:47.183096,B,llm_agent,chat,make_payment,0.632,1,3,52,591,0,0,none,573,1
B-01538,2023-08-22 00:46:30.489764,B,llm_agent,voice,loan_inquiry,0.654,2,3,33,776,0,0,none,184,1
B-01539,2023-12-12 18:37:36.122301,B,llm_agent,voice,loan_inquiry,0.791,1,1,56,1051,0,0,none,191,1
B-01540,2023-08-01 06:43:22.478616,B,llm_agent,voice,freeze_card,0.839,1,3,119,914,0,0,none,514,0
B-01541,2023-07-20 12:50:54.334549,B,llm_agent,mobile_app,make_payment,0.789,1,1,57,939,0,0,none,719,1
B-01542,2023-09-14 20:46:14.668005,B,llm_agent,voice,freeze_card,0.924,1,1,27,1059,0,0,none,91,0
B-01543,2023-11-03 09:51:11.399013,B,llm_agent,voice,update_address,0.855,1,3,51,316,0,0,none,485,0
B-01544,2023-07-10 14:58:24.081078,B,llm_agent,voice,transfer_funds,0.631,1,2,23,1154,0,0,none,259,1
B-01545,2023-08-27 06:12:37.398070,B,llm_agent,voice,loan_inquiry,0.877,2,4,56,1143,0,0,none,648,1
B-01546,2023-11-21 11:58:35.677175,B,llm_agent,voice,update_address,0.691,1,2,115,775,0,0,none,650,1
B-01547,2023-10-29 15:17:29.293330,B,llm_agent,chat,update_address,0.494,2,3,12,294,0,0,none,102,1
B-01548,2023-07-16 10:58:45.683494,B,llm_agent,chat,request_statement,0.614,2,4,34,213,0,0,none,62,1
B-01549,2023-08-06 22:21:22.457711,B,llm_agent,voice,dispute_charge,0.973,1,2,69,272,0,0,none,315,0
B-01550,2023-11-10 16:56:54.591906,B,llm_agent,voice,transfer_funds,0.974,1,3,30,990,0,0,none,73,1
B-01551,2023-07-22 08:18:13.326239,B,llm_agent,voice,dispute_charge,0.751,1,4,55,1064,0,0,none,261,1
B-01552,2023-07-02 18:37:18.294762,B,llm_agent,voice,request_statement,0.843,2,2,49,1092,0,1,unresolved,149,1
B-01553,2023-12-29 15:51:17.049915,B,llm_agent,voice,request_statement,0.78,1,4,84,842,0,0,none,699,1
B-01554,2023-10-21 08:23:50.434304,B,llm_agent,voice,check_balance,0.862,2,2,37,338,0,1,low_confidence,519,1
B-01555,2023-09-17 11:57:44.213152,B,llm_agent,voice,dispute_charge,0.732,2,3,45,321,0,1,unresolved,129,1
B-01556,2023-10-18 06:22:00.851506,B,llm_agent,voice,check_balance,0.942,2,4,32,465,0,1,unresolved,458,1
B-01557,2023-10-31 15:26:45.449129,B,llm_agent,chat,check_balance,0.636,1,2,85,711,0,0,none,546,1
B-01558,2023-09-29 16:14:32.198306,B,llm_agent,chat,loan_inquiry,0.924,2,1,108,1047,0,0,none,588,1
B-01559,2023-10-29 10:14:05.396541,B,llm_agent,voice,freeze_card,0.874,1,3,17,498,0,1,customer_request,465,1
B-01560,2023-11-07 16:02:20.947965,B,llm_agent,voice,freeze_card,0.747,2,4,69,369,0,0,none,434,1
B-01561,2023-08-02 20:10:26.431204,B,llm_agent,chat,check_balance,0.994,1,3,94,689,0,0,none,617,1
B-01562,2023-09-16 12:55:51.569716,B,llm_agent,voice,make_payment,0.555,1,4,56,502,0,0,none,202,1
B-01563,2023-08-25 17:50:38.999826,B,llm_agent,mobile_app,dispute_charge,0.895,2,3,89,209,0,0,none,704,1
B-01564,2023-11-23 21:57:21.905855,B,llm_agent,chat,make_payment,0.572,2,1,63,846,0,0,none,177,0
B-01565,2023-11-18 21:25:44.998740,B,llm_agent,chat,dispute_charge,0.508,1,3,108,654,0,0,none,586,1
B-01566,2023-11-26 08:10:48.727833,B,llm_agent,voice,transfer_funds,0.867,1,1,32,554,0,0,none,696,1
B-01567,2023-09-19 01:24:32.354685,B,llm_agent,voice,transfer_funds,0.795,1,4,72,962,0,0,none,203,1
B-01568,2023-10-14 06:50:58.853303,B,llm_agent,voice,update_address,0.941,1,2,93,939,0,0,none,479,1
B-01569,2023-11-07 03:02:06.553641,B,llm_agent,voice,transfer_funds,0.73,2,4,76,532,0,0,none,605,1
B-01570,2023-08-28 22:42:57.941056,B,llm_agent,chat,check_balance,0.509,2,3,58,715,0,0,none,236,0
B-01571,2023-12-26 21:59:50.260819,B,llm_agent,mobile_app,check_balance,0.734,2,1,99,775,0,0,none,393,1
B-01572,2023-09-08 06:54:56.698477,B,llm_agent,mobile_app,request_statement,0.842,2,2,85,598,0,0,none,582,1
B-01573,2023-10-07 06:34:15.988751,B,llm_agent,voice,check_balance,0.577,2,1,62,931,0,0,none,480,1
B-01574,2023-11-29 07:16:31.603039,B,llm_agent,mobile_app,update_address,0.939,1,2,64,873,0,0,none,587,1
B-01575,2023-11-14 17:12:25.430690,B,llm_agent,chat,dispute_charge,0.683,1,1,18,860,0,0,none,223,1
B-01576,2023-09-30 18:55:35.015619,B,llm_agent,voice,update_address,0.843,2,2,69,445,0,0,none,380,1
B-01577,2023-09-13 17:22:14.850244,B,llm_agent,mobile_app,freeze_card,0.702,1,1,119,1114,0,0,none,593,1
B-01578,2023-10-25 14:02:07.704930,B,llm_agent,mobile_app,transfer_funds,0.845,2,4,21,1159,0,0,none,185,1
B-01579,2023-09-18 17:39:00.218974,B,llm_agent,voice,update_address,0.796,2,3,113,478,0,0,none,336,1
B-01580,2023-10-17 08:06:03.097926,B,llm_agent,chat,dispute_charge,0.867,2,2,73,1101,0,0,none,393,1
B-01581,2023-11-24 09:30:43.786259,B,llm_agent,chat,dispute_charge,0.98,2,1,28,524,0,1,low_confidence,587,1
B-01582,2023-07-23 06:51:58.148677,B,llm_agent,chat,check_balance,0.85,2,1,92,813,0,0,none,548,1
B-01583,2023-11-05 14:45:24.904811,B,llm_agent,voice,loan_inquiry,0.657,2,2,88,268,0,0,none,324,1
B-01584,2023-07-10 20:26:12.638705,B,llm_agent,voice,transfer_funds,0.827,1,3,107,890,0,0,none,688,1
B-01585,2023-11-12 07:46:23.628079,B,llm_agent,mobile_app,check_balance,0.922,1,2,36,777,0,0,none,455,1
B-01586,2023-08-08 06:36:22.458581,B,llm_agent,voice,make_payment,0.776,1,3,7,1031,0,0,none,456,1
B-01587,2023-09-29 06:54:09.170275,B,llm_agent,voice,transfer_funds,0.791,1,3,48,875,0,0,none,101,1
B-01588,2023-08-18 20:37:48.088148,B,llm_agent,voice,request_statement,0.733,1,3,107,900,0,0,none,187,1
B-01589,2023-08-28 21:49:24.038168,B,llm_agent,voice,check_balance,0.833,2,1,105,1113,0,0,none,93,1
B-01590,2023-10-24 01:21:23.484364,B,llm_agent,voice,make_payment,0.453,1,4,93,810,0,0,none,41,1
B-01591,2023-09-17 21:43:00.984345,B,llm_agent,voice,request_statement,0.761,2,2,8,543,0,0,none,687,1
B-01592,2023-09-28 05:24:23.933193,B,llm_agent,mobile_app,request_statement,0.886,2,2,13,219,0,0,none,224,0
B-01593,2023-12-30 19:20:54.754959,B,llm_agent,voice,freeze_card,0.865,1,4,56,1180,0,0,none,530,1
B-01594,2023-07-23 06:07:34.856394,B,llm_agent,mobile_app,make_payment,0.652,1,2,75,455,0,0,none,391,0
B-01595,2023-09-09 07:42:52.104146,B,llm_agent,mobile_app,transfer_funds,0.769,1,1,69,969,0,0,none,149,1
B-01596,2023-10-06 00:40:51.602961,B,llm_agent,voice,dispute_charge,0.662,1,2,21,798,0,0,none,590,1
B-01597,2023-11-26 21:47:52.812917,B,llm_agent,voice,loan_inquiry,0.909,1,3,118,835,0,0,none,442,1
B-01598,2023-08-21 16:16:02.694775,B,llm_agent,voice,loan_inquiry,0.766,2,3,11,828,0,0,none,549,1
B-01599,2023-09-11 01:46:32.751785,B,llm_agent,mobile_app,make_payment,0.864,1,1,66,1176,0,0,none,569,1
B-01600,2023-11-28 06:58:54.153004,B,llm_agent,chat,transfer_funds,0.819,1,4,100,1167,0,0,none,595,0
B-01601,2023-10-06 01:23:22.371170,B,llm_agent,chat,make_payment,0.685,2,2,117,453,0,0,none,443,1
B-01602,2023-12-04 15:50:26.471982,B,llm_agent,mobile_app,check_balance,0.804,1,2,60,808,0,0,none,141,1
B-01603,2023-07-12 18:36:58.149743,B,llm_agent,voice,make_payment,0.542,2,4,119,345,0,0,none,339,1
B-01604,2023-08-22 12:51:14.060703,B,llm_agent,mobile_app,check_balance,0.834,2,1,107,389,0,0,none,536,1
B-01605,2023-10-11 01:39:08.347664,B,llm_agent,chat,make_payment,0.573,2,3,114,241,0,0,none,606,1
B-01606,2023-07-23 07:45:47.485225,B,llm_agent,voice,make_payment,0.788,1,3,24,636,0,0,none,391,1
B-01607,2023-09-27 04:00:32.706647,B,llm_agent,mobile_app,loan_inquiry,0.847,2,3,117,464,0,0,none,65,1
B-01608,2023-07-04 05:27:25.625093,B,llm_agent,chat,dispute_charge,0.925,2,4,113,925,0,0,none,713,1
B-01609,2023-10-01 08:28:30.861651,B,llm_agent,voice,freeze_card,0.739,1,4,96,710,0,1,low_confidence,467,1
B-01610,2023-12-16 10:01:34.242042,B,llm_agent,voice,request_statement,0.904,2,1,75,903,0,0,none,415,1
B-01611,2023-12-21 13:00:47.247687,B,llm_agent,chat,dispute_charge,0.926,2,4,33,451,0,0,none,356,1
B-01612,2023-08-28 09:32:29.907956,B,llm_agent,chat,check_balance,0.655,1,2,84,492,0,0,none,328,1
B-01613,2023-07-01 15:10:49.267498,B,llm_agent,voice,loan_inquiry,0.823,2,3,98,1107,0,0,none,477,1
B-01614,2023-12-14 22:09:27.094031,B,llm_agent,voice,request_statement,0.982,2,4,56,395,0,0,none,461,1
B-01615,2023-10-12 19:05:53.076047,B,llm_agent,voice,dispute_charge,0.848,1,2,45,531,0,0,none,230,1
B-01616,2023-10-15 06:05:25.936928,B,llm_agent,chat,loan_inquiry,0.744,2,2,54,272,0,1,customer_request,300,1
B-01617,2023-11-27 03:46:43.783420,B,llm_agent,chat,make_payment,0.51,1,1,36,899,0,0,none,142,1
B-01618,2023-09-10 23:36:04.666553,B,llm_agent,chat,freeze_card,0.915,2,1,71,758,0,0,none,247,1
B-01619,2023-09-15 21:09:12.099837,B,llm_agent,voice,update_address,0.899,2,2,11,547,0,0,none,702,1
B-01620,2023-12-03 19:43:50.733209,B,llm_agent,voice,make_payment,0.793,2,2,39,890,0,0,none,202,1
B-01621,2023-09-28 22:50:17.539754,B,llm_agent,voice,update_address,0.714,2,4,58,949,0,0,none,626,1
B-01622,2023-11-12 15:40:11.198093,B,llm_agent,mobile_app,freeze_card,0.747,1,1,38,346,0,0,none,334,1
B-01623,2023-12-13 14:54:47.353456,B,llm_agent,voice,dispute_charge,0.931,1,1,95,1021,0,0,none,657,1
B-01624,2023-09-11 00:39:20.624342,B,llm_agent,voice,check_balance,0.812,2,3,41,511,0,0,none,424,0
B-01625,2023-12-10 16:11:31.739072,B,llm_agent,voice,check_balance,0.981,1,4,61,220,0,0,none,560,0
B-01626,2023-08-29 21:56:07.945409,B,llm_agent,voice,check_balance,0.885,2,4,14,1124,0,0,none,297,1
B-01627,2023-12-18 02:42:07.730844,B,llm_agent,chat,loan_inquiry,0.658,1,2,34,1064,0,0,none,74,1
B-01628,2023-08-25 21:11:09.592718,B,llm_agent,voice,freeze_card,0.899,2,2,23,780,0,1,unresolved,275,0
B-01629,2023-08-12 20:42:59.301964,B,llm_agent,chat,make_payment,0.799,2,3,89,268,0,0,none,463,1
B-01630,2023-11-09 21:50:51.519218,B,llm_agent,voice,loan_inquiry,0.937,2,3,93,223,0,0,none,191,0
B-01631,2023-12-16 17:25:03.368084,B,llm_agent,voice,check_balance,0.912,1,1,26,938,0,0,none,293,1
B-01632,2023-11-18 13:42:19.154376,B,llm_agent,chat,make_payment,0.808,2,4,19,495,0,0,none,59,1
B-01633,2023-11-13 10:36:55.130931,B,llm_agent,voice,dispute_charge,0.728,2,3,99,798,0,0,none,260,1
B-01634,2023-12-26 01:31:39.022790,B,llm_agent,voice,transfer_funds,0.925,2,1,64,990,0,1,low_confidence,97,1
B-01635,2023-10-11 00:17:23.501377,B,llm_agent,voice,make_payment,0.9,1,3,84,899,0,0,none,201,1
B-01636,2023-12-10 10:25:25.366541,B,llm_agent,chat,request_statement,0.873,1,2,116,207,0,1,timeout,295,0
B-01637,2023-07-07 18:55:09.669205,B,llm_agent,chat,update_address,0.833,1,2,73,393,0,0,none,154,1
B-01638,2023-07-25 04:25:56.418650,B,llm_agent,voice,loan_inquiry,0.874,2,2,33,275,0,1,unresolved,85,1
B-01639,2023-08-19 16:23:29.400054,B,llm_agent,chat,transfer_funds,0.79,2,3,88,267,0,0,none,126,1
B-01640,2023-12-21 03:22:50.588278,B,llm_agent,voice,make_payment,0.753,2,1,79,533,0,0,none,481,1
B-01641,2023-08-06 00:54:53.089771,B,llm_agent,chat,make_payment,0.824,2,4,119,1169,0,0,none,113,0
B-01642,2023-09-09 02:29:58.431391,B,llm_agent,chat,dispute_charge,0.739,1,1,46,537,0,0,none,53,1
B-01643,2023-07-07 12:02:26.158653,B,llm_agent,voice,update_address,0.811,2,1,90,457,0,0,none,520,1
B-01644,2023-07-15 07:24:17.108798,B,llm_agent,mobile_app,transfer_funds,0.644,1,4,28,737,0,0,none,350,1
B-01645,2023-10-15 14:59:27.309860,B,llm_agent,voice,make_payment,0.922,1,1,28,801,0,0,none,671,1
B-01646,2023-07-18 21:15:52.770781,B,llm_agent,voice,make_payment,0.833,1,1,40,811,0,0,none,294,1
B-01647,2023-12-12 13:18:06.634978,B,llm_agent,voice,update_address,0.747,2,1,30,251,0,0,none,292,1
B-01648,2023-12-10 02:26:11.620285,B,llm_agent,chat,freeze_card,0.749,1,1,12,1129,0,0,none,64,0
B-01649,2023-10-22 20:46:01.306721,B,llm_agent,voice,freeze_card,0.787,1,1,56,579,0,0,none,103,1
B-01650,2023-09-11 12:29:33.647741,B,llm_agent,voice,transfer_funds,0.898,2,4,59,432,0,0,none,609,1
B-01651,2023-12-10 11:18:49.263814,B,llm_agent,mobile_app,freeze_card,0.839,2,4,49,290,0,0,none,182,1
B-01652,2023-09-28 06:29:37.706135,B,llm_agent,mobile_app,make_payment,0.793,1,2,36,667,0,0,none,80,1
B-01653,2023-08-04 21:10:46.277800,B,llm_agent,chat,transfer_funds,0.805,2,2,26,1065,0,0,none,545,1
B-01654,2023-09-02 06:07:58.523802,B,llm_agent,voice,loan_inquiry,0.64,1,3,15,480,0,0,none,718,1
B-01655,2023-09-05 10:55:30.408657,B,llm_agent,chat,dispute_charge,0.992,2,1,116,398,0,0,none,270,1
B-01656,2023-10-15 02:31:16.566352,B,llm_agent,voice,check_balance,0.915,1,3,18,796,0,0,none,295,1
B-01657,2023-09-12 10:05:54.040301,B,llm_agent,voice,make_payment,0.931,2,3,86,845,0,0,none,487,1
B-01658,2023-11-27 17:53:01.283119,B,llm_agent,voice,loan_inquiry,0.713,2,4,37,565,0,0,none,104,1
B-01659,2023-10-23 15:38:12.855623,B,llm_agent,mobile_app,transfer_funds,0.861,2,2,97,930,0,0,none,171,1
B-01660,2023-08-16 03:19:50.132075,B,llm_agent,voice,check_balance,0.993,2,2,39,1002,0,0,none,632,1
B-01661,2023-09-12 13:56:21.529055,B,llm_agent,voice,freeze_card,0.647,1,2,32,1145,0,0,none,552,1
B-01662,2023-11-10 08:30:02.924032,B,llm_agent,voice,request_statement,0.704,2,4,20,940,0,1,unresolved,130,0
B-01663,2023-08-14 07:56:43.885930,B,llm_agent,chat,update_address,0.921,1,1,95,490,0,0,none,482,1
B-01664,2023-07-17 18:27:20.969061,B,llm_agent,chat,check_balance,0.752,1,3,27,343,0,0,none,690,1
B-01665,2023-11-08 03:20:59.372251,B,llm_agent,voice,update_address,0.903,1,3,115,264,0,1,customer_request,183,1
B-01666,2023-09-13 10:02:24.775748,B,llm_agent,chat,dispute_charge,0.88,2,1,16,315,0,0,none,178,1
B-01667,2023-07-23 17:49:54.910923,B,llm_agent,voice,update_address,0.707,1,2,39,387,0,0,none,673,1
B-01668,2023-09-26 17:49:47.161503,B,llm_agent,voice,make_payment,0.86,1,4,85,1118,0,1,unresolved,692,0
B-01669,2023-10-11 12:53:55.115628,B,llm_agent,voice,loan_inquiry,0.926,1,2,34,825,0,0,none,390,1
B-01670,2023-07-05 17:07:34.484151,B,llm_agent,voice,update_address,0.913,2,3,44,600,0,0,none,360,1
B-01671,2023-11-22 18:35:58.402736,B,llm_agent,mobile_app,check_balance,0.954,2,3,13,845,0,0,none,181,0
B-01672,2023-09-28 22:42:59.106132,B,llm_agent,chat,update_address,0.654,2,1,79,427,0,1,low_confidence,68,1
B-01673,2023-07-05 16:12:47.183508,B,llm_agent,voice,update_address,0.669,1,2,34,475,0,0,none,421,0
B-01674,2023-12-05 16:57:54.846194,B,llm_agent,mobile_app,transfer_funds,0.674,1,4,29,606,0,0,none,134,0
B-01675,2023-10-16 02:26:51.249860,B,llm_agent,chat,transfer_funds,0.894,1,4,109,359,0,0,none,316,1
B-01676,2023-12-24 06:36:16.739968,B,llm_agent,voice,transfer_funds,0.821,1,1,53,908,0,0,none,676,0
B-01677,2023-08-21 11:06:37.837978,B,llm_agent,mobile_app,dispute_charge,0.779,1,2,84,215,0,1,low_confidence,662,1
B-01678,2023-09-14 12:10:47.225707,B,llm_agent,chat,check_balance,0.765,1,4,36,1136,0,0,none,348,1
B-01679,2023-10-30 07:37:23.262078,B,llm_agent,chat,make_payment,0.834,1,1,36,384,0,0,none,243,1
B-01680,2023-12-15 06:12:24.787243,B,llm_agent,voice,make_payment,0.787,2,3,18,920,0,1,unresolved,703,1
B-01681,2023-11-22 18:47:58.323927,B,llm_agent,voice,request_statement,0.965,1,3,27,739,0,0,none,641,1
B-01682,2023-10-26 16:08:25.289163,B,llm_agent,mobile_app,request_statement,0.975,1,4,13,371,0,0,none,446,1
B-01683,2023-11-23 13:54:44.317538,B,llm_agent,chat,freeze_card,0.813,1,1,70,1165,0,0,none,542,1
B-01684,2023-07-18 08:32:48.191175,B,llm_agent,chat,check_balance,0.875,2,3,88,614,0,0,none,333,1
B-01685,2023-11-10 12:35:42.784348,B,llm_agent,chat,request_statement,0.833,2,3,68,694,0,0,none,499,1
B-01686,2023-10-14 21:20:05.024671,B,llm_agent,mobile_app,update_address,0.951,1,1,50,325,0,0,none,412,1
B-01687,2023-08-20 04:31:02.988764,B,llm_agent,voice,make_payment,0.874,2,4,33,582,0,0,none,156,1
B-01688,2023-08-13 15:42:28.619235,B,llm_agent,voice,loan_inquiry,0.715,1,2,35,1100,0,1,unresolved,77,1
B-01689,2023-08-22 18:04:55.283069,B,llm_agent,voice,update_address,0.966,2,2,111,942,0,0,none,89,0
B-01690,2023-07-23 11:39:25.414521,B,llm_agent,voice,make_payment,0.792,2,2,112,483,0,0,none,581,1
B-01691,2023-08-20 00:08:07.846762,B,llm_agent,voice,request_statement,0.708,1,1,44,395,0,0,none,626,0
B-01692,2023-07-14 00:56:34.299675,B,llm_agent,voice,check_balance,0.851,1,1,79,792,0,0,none,384,1
B-01693,2023-11-01 02:40:09.668958,B,llm_agent,voice,loan_inquiry,0.679,1,4,16,428,0,0,none,423,1
B-01694,2023-10-02 17:59:58.994171,B,llm_agent,chat,request_statement,0.925,1,2,95,915,0,0,none,663,1
B-01695,2023-07-24 08:46:29.960928,B,llm_agent,voice,make_payment,0.748,1,4,29,894,0,0,none,696,0
B-01696,2023-11-05 14:04:56.105915,B,llm_agent,voice,make_payment,0.836,1,2,59,284,0,0,none,523,1
B-01697,2023-08-02 13:49:37.996292,B,llm_agent,voice,freeze_card,0.776,2,3,114,787,0,0,none,386,0
B-01698,2023-09-29 13:32:17.322987,B,llm_agent,voice,freeze_card,0.71,1,1,18,618,0,0,none,340,1
B-01699,2023-12-16 09:06:17.315269,B,llm_agent,chat,loan_inquiry,0.638,2,2,22,780,0,0,none,438,1
B-01700,2023-11-17 05:57:23.953360,B,llm_agent,voice,request_statement,0.717,2,1,47,1095,0,0,none,546,0
B-01701,2023-10-15 21:32:10.297845,B,llm_agent,voice,make_payment,0.896,1,3,46,848,0,0,none,718,1
B-01702,2023-10-16 00:57:55.463609,B,llm_agent,voice,make_payment,0.674,1,1,49,1169,0,0,none,487,1
B-01703,2023-07-12 17:56:00.955272,B,llm_agent,voice,loan_inquiry,0.661,2,1,117,1107,0,0,none,523,1
B-01704,2023-09-17 03:25:46.765697,B,llm_agent,chat,freeze_card,0.901,1,2,7,311,0,0,none,47,1
B-01705,2023-08-26 04:52:43.595226,B,llm_agent,mobile_app,update_address,0.798,1,4,27,492,0,1,customer_request,278,1
B-01706,2023-09-25 20:36:00.654947,B,llm_agent,voice,dispute_charge,0.841,1,1,65,982,0,0,none,222,1
B-01707,2023-12-22 02:39:17.739506,B,llm_agent,voice,loan_inquiry,0.952,2,4,23,520,0,0,none,601,1
B-01708,2023-11-21 22:22:55.100951,B,llm_agent,chat,loan_inquiry,0.943,2,1,58,1162,0,0,none,206,1
B-01709,2023-10-20 15:01:04.232726,B,llm_agent,chat,check_balance,0.57,2,1,84,830,0,0,none,233,1
B-01710,2023-11-06 22:59:49.519618,B,llm_agent,voice,freeze_card,0.827,1,2,90,678,0,0,none,480,1
B-01711,2023-11-11 16:47:36.831906,B,llm_agent,chat,request_statement,0.671,1,2,98,742,0,0,none,392,1
B-01712,2023-09-22 12:23:26.670657,B,llm_agent,mobile_app,make_payment,0.873,2,2,48,431,0,0,none,311,1
B-01713,2023-12-06 13:02:28.380244,B,llm_agent,voice,make_payment,0.703,1,3,84,275,0,0,none,194,1
B-01714,2023-10-21 23:12:27.791612,B,llm_agent,chat,check_balance,0.827,1,1,16,860,0,0,none,649,1
B-01715,2023-11-13 01:26:41.017351,B,llm_agent,chat,transfer_funds,0.87,1,1,15,513,0,0,none,716,1
B-01716,2023-07-03 00:31:33.698724,B,llm_agent,voice,dispute_charge,0.733,2,1,25,564,0,0,none,74,1
B-01717,2023-10-07 10:32:00.853835,B,llm_agent,mobile_app,check_balance,0.829,2,1,25,1037,0,0,none,674,1
B-01718,2023-09-05 15:29:54.292049,B,llm_agent,mobile_app,check_balance,0.969,2,4,56,948,0,0,none,598,1
B-01719,2023-07-11 03:19:52.775714,B,llm_agent,chat,update_address,0.705,2,2,93,267,0,1,unresolved,632,1
B-01720,2023-10-27 05:49:04.327889,B,llm_agent,voice,dispute_charge,0.852,1,1,84,1056,0,0,none,333,1
B-01721,2023-12-17 23:06:54.222687,B,llm_agent,chat,update_address,0.666,2,2,69,600,0,0,none,306,1
B-01722,2023-11-12 02:15:47.400759,B,llm_agent,chat,loan_inquiry,0.873,1,1,7,1151,0,0,none,452,1
B-01723,2023-07-15 14:52:55.990456,B,llm_agent,voice,loan_inquiry,0.93,2,1,13,762,0,0,none,532,1
B-01724,2023-07-11 08:59:08.125252,B,llm_agent,voice,check_balance,0.72,1,2,76,499,0,1,low_confidence,674,1
B-01725,2023-09-02 03:22:52.323844,B,llm_agent,voice,transfer_funds,0.578,2,2,94,1045,0,0,none,209,1
B-01726,2023-08-13 15:42:06.792394,B,llm_agent,voice,check_balance,0.853,1,4,101,480,0,0,none,696,1
B-01727,2023-07-06 01:05:48.199535,B,llm_agent,chat,check_balance,0.898,2,3,88,221,0,0,none,299,1
B-01728,2023-07-08 07:59:46.926390,B,llm_agent,mobile_app,update_address,0.556,2,2,50,641,0,0,none,487,1
B-01729,2023-09-02 03:53:00.001534,B,llm_agent,voice,check_balance,0.73,2,4,79,879,0,0,none,585,1
B-01730,2023-07-25 10:30:08.671590,B,llm_agent,chat,check_balance,0.702,2,3,113,1180,0,0,none,481,1
B-01731,2023-08-05 14:58:28.669530,B,llm_agent,chat,check_balance,0.662,2,2,36,855,0,0,none,68,1
B-01732,2023-12-07 02:55:33.901144,B,llm_agent,voice,freeze_card,0.858,2,4,85,620,0,1,unresolved,635,0
B-01733,2023-12-29 20:14:00.213571,B,llm_agent,chat,update_address,0.569,2,2,80,984,0,0,none,64,1
B-01734,2023-11-25 05:42:43.144555,B,llm_agent,voice,loan_inquiry,0.826,2,4,109,551,0,0,none,401,1
B-01735,2023-08-12 14:18:43.182449,B,llm_agent,voice,loan_inquiry,0.748,1,1,35,1030,0,0,none,486,1
B-01736,2023-08-02 04:17:50.892026,B,llm_agent,voice,make_payment,0.947,2,3,60,753,0,0,none,202,1
B-01737,2023-10-14 20:39:54.474609,B,llm_agent,mobile_app,freeze_card,0.958,2,4,90,380,0,0,none,564,1
B-01738,2023-11-21 10:56:33.689273,B,llm_agent,mobile_app,make_payment,0.593,2,2,48,435,0,0,none,442,1
B-01739,2023-10-29 07:29:22.767419,B,llm_agent,chat,update_address,0.701,2,3,49,612,0,0,none,294,1
B-01740,2023-11-25 02:04:39.996435,B,llm_agent,chat,check_balance,0.785,2,2,89,447,0,0,none,136,0
B-01741,2023-09-28 02:53:29.201390,B,llm_agent,chat,dispute_charge,0.796,2,1,65,953,0,0,none,495,1
B-01742,2023-12-28 18:16:37.534573,B,llm_agent,voice,transfer_funds,0.763,1,4,17,241,0,0,none,99,1
B-01743,2023-11-21 23:55:28.772960,B,llm_agent,voice,dispute_charge,0.531,1,4,79,329,0,1,low_confidence,653,1
B-01744,2023-07-10 07:44:04.577531,B,llm_agent,voice,make_payment,0.842,2,1,61,778,0,0,none,109,1
B-01745,2023-09-05 14:55:44.025898,B,llm_agent,voice,loan_inquiry,0.847,2,2,82,707,0,0,none,98,1
B-01746,2023-10-11 09:51:18.231558,B,llm_agent,mobile_app,freeze_card,0.897,2,2,113,731,0,0,none,171,1
B-01747,2023-08-11 00:40:34.646432,B,llm_agent,chat,loan_inquiry,0.703,1,4,101,602,0,0,none,603,0
B-01748,2023-09-12 19:31:01.984425,B,llm_agent,chat,dispute_charge,0.731,2,3,36,468,0,0,none,613,1
B-01749,2023-10-24 05:15:00.703549,B,llm_agent,chat,loan_inquiry,0.862,1,3,100,1184,0,0,none,431,1
B-01750,2023-10-10 01:07:18.124495,B,llm_agent,chat,check_balance,0.805,1,4,22,999,0,0,none,578,1
B-01751,2023-12-05 15:29:16.091842,B,llm_agent,chat,loan_inquiry,0.807,2,2,49,556,0,0,none,321,1
B-01752,2023-08-18 00:56:58.651636,B,llm_agent,chat,check_balance,0.616,2,4,54,786,0,0,none,717,0
B-01753,2023-12-16 13:39:40.350641,B,llm_agent,voice,update_address,0.632,1,3,13,837,0,0,none,65,1
B-01754,2023-08-28 22:51:28.715627,B,llm_agent,voice,dispute_charge,0.986,2,3,38,1007,0,0,none,452,1
B-01755,2023-12-16 10:22:41.312293,B,llm_agent,chat,freeze_card,0.774,1,4,26,1059,0,0,none,295,1
B-01756,2023-08-15 10:28:38.057324,B,llm_agent,voice,update_address,0.851,1,4,105,328,0,0,none,274,1
B-01757,2023-10-01 21:07:44.786840,B,llm_agent,chat,transfer_funds,0.946,2,2,65,1188,0,0,none,577,1
B-01758,2023-12-18 14:23:53.493519,B,llm_agent,chat,update_address,0.662,2,1,60,733,0,0,none,559,1
B-01759,2023-08-20 18:46:26.334304,B,llm_agent,chat,freeze_card,0.778,1,1,105,588,0,0,none,403,1
B-01760,2023-12-03 07:43:12.605294,B,llm_agent,voice,check_balance,0.652,2,4,90,585,0,0,none,631,1
B-01761,2023-09-30 17:24:22.041778,B,llm_agent,voice,transfer_funds,0.86,1,1,67,218,0,0,none,151,0
B-01762,2023-09-15 19:44:26.881459,B,llm_agent,mobile_app,make_payment,0.563,2,3,14,1048,0,0,none,83,1
B-01763,2023-10-30 10:55:19.705855,B,llm_agent,mobile_app,update_address,0.746,2,4,85,1078,0,0,none,190,1
B-01764,2023-08-06 08:02:11.314280,B,llm_agent,voice,update_address,0.87,1,1,30,688,0,0,none,96,1
B-01765,2023-10-29 13:34:52.891115,B,llm_agent,mobile_app,request_statement,0.88,1,3,19,238,0,0,none,614,1
B-01766,2023-08-02 07:44:34.721514,B,llm_agent,mobile_app,loan_inquiry,0.882,1,2,46,330,0,0,none,384,1
B-01767,2023-11-08 02:07:31.647965,B,llm_agent,voice,freeze_card,0.692,2,1,111,676,0,0,none,328,1
B-01768,2023-10-20 17:58:24.793542,B,llm_agent,voice,check_balance,0.582,2,1,6,897,0,0,none,372,1
B-01769,2023-07-26 14:15:49.169105,B,llm_agent,mobile_app,loan_inquiry,0.626,1,2,99,835,0,0,none,95,1
B-01770,2023-07-19 10:12:15.920668,B,llm_agent,chat,check_balance,0.727,2,3,85,747,0,0,none,477,1
B-01771,2023-10-20 03:29:43.502491,B,llm_agent,chat,loan_inquiry,0.933,2,1,77,954,0,0,none,701,1
B-01772,2023-07-23 05:33:56.778733,B,llm_agent,mobile_app,loan_inquiry,0.51,2,2,16,912,0,1,customer_request,128,1
B-01773,2023-10-23 09:24:44.735241,B,llm_agent,mobile_app,dispute_charge,0.943,1,1,39,1150,0,0,none,204,1
B-01774,2023-12-30 19:42:11.543882,B,llm_agent,voice,dispute_charge,0.723,1,2,115,218,0,1,customer_request,566,1
B-01775,2023-07-23 12:06:36.381812,B,llm_agent,voice,make_payment,0.91,1,1,62,1080,0,0,none,579,1
B-01776,2023-09-25 16:58:38.634730,B,llm_agent,mobile_app,request_statement,0.689,1,3,21,643,0,0,none,224,1
B-01777,2023-12-17 03:58:47.488777,B,llm_agent,voice,make_payment,0.633,2,4,116,725,0,0,none,38,1
B-01778,2023-12-19 11:45:10.609538,B,llm_agent,voice,make_payment,0.821,1,4,30,225,0,1,unresolved,526,1
B-01779,2023-07-06 11:22:09.897395,B,llm_agent,mobile_app,request_statement,0.914,1,3,117,897,0,0,none,206,1
B-01780,2023-11-25 20:46:12.237103,B,llm_agent,chat,transfer_funds,0.917,2,1,29,1122,0,0,none,588,0
B-01781,2023-08-13 15:41:35.591247,B,llm_agent,voice,make_payment,0.945,2,3,58,791,0,0,none,262,0
B-01782,2023-11-14 14:55:42.205133,B,llm_agent,voice,make_payment,0.841,1,4,48,834,0,0,none,704,1
B-01783,2023-09-03 23:10:25.693220,B,llm_agent,chat,make_payment,0.819,1,4,74,230,0,0,none,623,1
B-01784,2023-08-11 03:42:44.488635,B,llm_agent,voice,check_balance,0.742,1,3,6,638,0,0,none,77,0
B-01785,2023-09-25 03:24:35.507285,B,llm_agent,voice,update_address,0.698,2,1,53,492,0,0,none,546,1
B-01786,2023-08-02 04:38:05.503265,B,llm_agent,mobile_app,check_balance,0.792,2,3,41,719,0,0,none,525,0
B-01787,2023-09-16 15:03:58.985380,B,llm_agent,chat,dispute_charge,0.664,1,2,10,631,0,0,none,242,1
B-01788,2023-09-11 06:02:43.282288,B,llm_agent,voice,loan_inquiry,0.954,2,4,107,743,0,0,none,663,1
B-01789,2023-12-24 04:53:25.252774,B,llm_agent,chat,freeze_card,0.899,2,4,83,536,0,1,unresolved,573,1
B-01790,2023-10-08 05:00:22.669242,B,llm_agent,voice,freeze_card,0.739,1,4,41,1159,0,0,none,213,1
B-01791,2023-11-05 13:31:55.401187,B,llm_agent,voice,update_address,0.87,1,1,119,231,0,0,none,588,1
B-01792,2023-08-02 00:19:56.480910,B,llm_agent,mobile_app,dispute_charge,0.528,1,2,50,676,0,1,low_confidence,520,1
B-01793,2023-12-30 12:09:03.765376,B,llm_agent,voice,freeze_card,0.879,2,1,43,409,0,0,none,383,1
B-01794,2023-09-30 01:48:48.556981,B,llm_agent,chat,freeze_card,0.819,1,3,73,285,0,0,none,644,0
B-01795,2023-07-14 18:24:49.622616,B,llm_agent,voice,make_payment,0.86,1,1,43,746,0,0,none,380,0
B-01796,2023-10-20 11:59:00.092307,B,llm_agent,voice,check_balance,0.772,2,3,66,646,0,1,unresolved,216,1
B-01797,2023-08-28 05:17:54.843723,B,llm_agent,voice,request_statement,0.708,1,2,86,429,0,1,low_confidence,381,1
B-01798,2023-08-23 18:57:04.355201,B,llm_agent,voice,make_payment,0.833,1,1,18,839,0,1,unresolved,363,1
B-01799,2023-08-28 00:20:43.962945,B,llm_agent,chat,freeze_card,0.907,1,4,81,1015,0,0,none,145,1
B-01800,2023-09-21 10:13:48.511505,B,llm_agent,chat,make_payment,0.692,1,1,118,1122,0,0,none,425,0
B-01801,2023-08-22 13:03:17.435681,B,llm_agent,chat,make_payment,0.601,1,4,69,442,0,0,none,590,1
B-01802,2023-11-20 11:57:07.951669,B,llm_agent,voice,update_address,0.645,2,2,117,200,0,0,none,636,1
B-01803,2023-08-02 17:59:20.212187,B,llm_agent,voice,loan_inquiry,0.556,1,4,102,378,0,0,none,523,1
B-01804,2023-07-26 23:23:50.293878,B,llm_agent,voice,dispute_charge,0.723,1,2,56,495,0,0,none,367,0
B-01805,2023-07-20 02:50:30.129125,B,llm_agent,chat,loan_inquiry,0.944,2,4,55,354,0,0,none,616,1
B-01806,2023-09-14 02:18:14.864654,B,llm_agent,mobile_app,update_address,0.717,2,4,115,918,0,0,none,672,1
B-01807,2023-07-21 15:44:54.915821,B,llm_agent,chat,request_statement,0.611,2,4,43,275,0,0,none,592,1
B-01808,2023-07-05 14:03:25.217312,B,llm_agent,voice,update_address,0.513,1,1,110,539,0,0,none,576,1
B-01809,2023-08-23 21:01:42.556481,B,llm_agent,chat,make_payment,0.956,1,2,76,519,0,0,none,571,1
B-01810,2023-12-27 08:17:27.189160,B,llm_agent,voice,make_payment,0.812,1,4,82,1149,0,0,none,367,1
B-01811,2023-07-02 23:56:52.589384,B,llm_agent,voice,loan_inquiry,0.635,1,1,31,913,0,1,low_confidence,568,1
B-01812,2023-07-12 16:30:39.236542,B,llm_agent,voice,check_balance,0.854,2,4,64,1150,0,0,none,294,1
B-01813,2023-10-15 17:07:48.023174,B,llm_agent,voice,freeze_card,0.776,1,2,27,825,0,0,none,681,1
B-01814,2023-09-30 02:41:03.175674,B,llm_agent,voice,loan_inquiry,0.457,1,4,34,913,0,0,none,639,1
B-01815,2023-07-20 02:08:13.377724,B,llm_agent,voice,make_payment,0.888,1,2,50,935,0,0,none,447,1
B-01816,2023-12-11 17:37:53.584328,B,llm_agent,chat,request_statement,0.758,1,3,74,526,0,0,none,526,1
B-01817,2023-11-01 10:06:13.183291,B,llm_agent,voice,make_payment,0.731,2,1,88,668,0,0,none,601,1
B-01818,2023-09-29 12:39:18.146014,B,llm_agent,voice,make_payment,0.506,2,4,85,1126,0,1,unresolved,428,1
B-01819,2023-10-08 12:04:14.387177,B,llm_agent,voice,loan_inquiry,0.901,2,3,114,1038,0,1,low_confidence,582,1
B-01820,2023-11-23 16:47:21.339366,B,llm_agent,voice,check_balance,0.861,2,1,101,1179,0,0,none,539,1
B-01821,2023-07-18 22:46:05.052295,B,llm_agent,voice,transfer_funds,0.786,1,2,14,961,0,1,low_confidence,216,1
B-01822,2023-12-18 18:28:09.097299,B,llm_agent,voice,make_payment,0.71,1,2,16,1116,0,0,none,134,0
B-01823,2023-07-21 14:41:27.810614,B,llm_agent,voice,transfer_funds,0.611,1,1,63,649,0,0,none,420,1
B-01824,2023-09-22 21:56:34.020858,B,llm_agent,chat,update_address,0.821,2,4,45,328,0,0,none,30,1
B-01825,2023-08-15 07:22:50.526716,B,llm_agent,voice,make_payment,0.644,1,1,95,432,0,0,none,533,1
B-01826,2023-10-30 17:36:46.587948,B,llm_agent,chat,request_statement,0.719,2,4,85,471,0,1,unresolved,501,1
B-01827,2023-12-01 16:31:59.989648,B,llm_agent,voice,check_balance,0.618,1,1,5,408,0,0,none,101,1
B-01828,2023-10-21 20:25:17.705770,B,llm_agent,chat,check_balance,0.676,1,2,20,786,0,0,none,243,1
B-01829,2023-08-10 23:42:38.499032,B,llm_agent,voice,request_statement,0.87,2,2,101,814,0,0,none,396,1
B-01830,2023-11-20 15:01:55.407205,B,llm_agent,mobile_app,dispute_charge,0.782,1,2,25,227,0,0,none,530,1
B-01831,2023-12-20 12:10:13.558998,B,llm_agent,voice,check_balance,0.608,2,2,35,291,0,0,none,31,0
B-01832,2023-07-30 11:03:30.877362,B,llm_agent,mobile_app,loan_inquiry,0.858,2,1,20,1156,0,0,none,413,0
B-01833,2023-08-16 09:25:08.044884,B,llm_agent,voice,freeze_card,0.786,1,3,91,737,0,0,none,195,1
B-01834,2023-10-05 21:59:39.169239,B,llm_agent,chat,check_balance,0.768,1,1,37,596,0,0,none,304,1
B-01835,2023-11-13 09:04:50.163075,B,llm_agent,voice,make_payment,0.789,1,3,9,664,0,0,none,365,1
B-01836,2023-07-24 05:43:26.651495,B,llm_agent,voice,dispute_charge,0.453,1,1,101,1161,0,0,none,167,1
B-01837,2023-07-10 06:27:30.380115,B,llm_agent,voice,dispute_charge,0.67,1,2,44,1070,0,0,none,241,1
B-01838,2023-10-12 18:04:58.726711,B,llm_agent,voice,update_address,0.95,2,4,69,965,0,0,none,314,1
B-01839,2023-11-23 21:25:07.085843,B,llm_agent,voice,loan_inquiry,0.689,1,4,51,367,0,0,none,562,1
B-01840,2023-08-24 11:11:11.747933,B,llm_agent,chat,freeze_card,0.77,1,2,45,620,0,0,none,227,1
B-01841,2023-10-15 16:28:06.979023,B,llm_agent,voice,request_statement,0.823,1,1,27,995,0,0,none,469,1
B-01842,2023-11-25 00:45:34.467142,B,llm_agent,chat,freeze_card,0.75,2,4,73,524,0,0,none,279,1
B-01843,2023-07-06 06:35:12.736343,B,llm_agent,voice,update_address,0.577,1,3,5,654,0,0,none,214,0
B-01844,2023-08-31 12:25:57.037752,B,llm_agent,chat,check_balance,0.635,1,1,88,1105,0,0,none,106,1
B-01845,2023-08-25 11:38:30.923419,B,llm_agent,chat,request_statement,0.62,1,2,15,419,0,0,none,41,1
B-01846,2023-11-10 07:40:10.856673,B,llm_agent,voice,check_balance,0.828,2,1,38,250,0,0,none,267,1
B-01847,2023-10-30 22:02:02.039568,B,llm_agent,chat,dispute_charge,0.719,1,1,73,275,0,0,none,205,1
B-01848,2023-11-29 07:20:15.594574,B,llm_agent,voice,check_balance,0.826,2,4,78,1065,0,0,none,549,0
B-01849,2023-10-09 09:38:43.620955,B,llm_agent,voice,freeze_card,0.805,2,3,13,884,0,0,none,388,1
B-01850,2023-08-11 16:53:34.508522,B,llm_agent,chat,make_payment,0.694,1,3,102,1076,0,0,none,68,1
B-01851,2023-09-18 06:11:29.866054,B,llm_agent,chat,freeze_card,0.879,2,4,53,376,0,0,none,555,1
B-01852,2023-09-11 11:27:12.155680,B,llm_agent,voice,check_balance,0.781,2,3,56,1121,0,0,none,304,1
B-01853,2023-10-31 04:44:58.970326,B,llm_agent,voice,transfer_funds,0.894,2,2,92,871,0,0,none,446,1
B-01854,2023-12-22 13:37:48.474154,B,llm_agent,chat,check_balance,0.877,1,4,72,378,0,0,none,116,0
B-01855,2023-09-22 18:13:55.273918,B,llm_agent,voice,update_address,0.716,1,3,113,839,0,0,none,68,0
B-01856,2023-10-25 21:48:05.622240,B,llm_agent,mobile_app,dispute_charge,0.84,2,1,69,880,0,0,none,101,1
B-01857,2023-08-02 12:26:09.941703,B,llm_agent,chat,loan_inquiry,0.7,1,2,28,719,0,0,none,351,1
B-01858,2023-10-14 02:44:30.610137,B,llm_agent,voice,loan_inquiry,0.809,1,2,119,709,0,0,none,640,1
B-01859,2023-11-11 07:11:25.436877,B,llm_agent,voice,freeze_card,0.823,1,4,89,526,0,0,none,692,1
B-01860,2023-11-17 18:22:12.493764,B,llm_agent,chat,loan_inquiry,0.827,1,1,109,1123,0,0,none,583,0
B-01861,2023-12-26 04:09:47.264341,B,llm_agent,chat,transfer_funds,0.619,1,4,119,798,0,0,none,653,0
B-01862,2023-12-28 17:22:41.362078,B,llm_agent,voice,loan_inquiry,0.667,1,2,36,1149,0,0,none,560,1
B-01863,2023-10-03 07:54:27.677401,B,llm_agent,chat,check_balance,0.727,1,4,52,843,0,0,none,542,1
B-01864,2023-12-05 11:44:37.208734,B,llm_agent,chat,freeze_card,0.972,2,3,6,566,0,0,none,320,1
B-01865,2023-11-12 21:27:48.460555,B,llm_agent,voice,freeze_card,0.937,1,2,90,430,0,0,none,225,1
B-01866,2023-10-05 00:02:18.076044,B,llm_agent,voice,freeze_card,0.841,1,4,110,447,0,0,none,464,0
B-01867,2023-07-06 12:03:38.063351,B,llm_agent,chat,make_payment,0.666,2,4,19,784,0,0,none,45,1
B-01868,2023-12-26 19:03:26.666422,B,llm_agent,chat,make_payment,0.636,1,1,8,303,0,0,none,153,1
B-01869,2023-12-24 15:16:29.276864,B,llm_agent,voice,update_address,0.811,1,2,54,1110,0,0,none,344,1
B-01870,2023-10-03 19:40:55.553633,B,llm_agent,voice,make_payment,0.914,2,3,108,244,0,0,none,466,1
B-01871,2023-09-02 00:45:55.470106,B,llm_agent,voice,make_payment,0.83,1,1,108,330,0,0,none,288,0
B-01872,2023-07-21 10:57:30.941259,B,llm_agent,voice,check_balance,0.894,2,1,102,791,0,0,none,561,1
B-01873,2023-07-11 02:08:37.711320,B,llm_agent,chat,make_payment,0.809,1,1,43,738,0,1,customer_request,496,1
B-01874,2023-11-25 00:33:31.720144,B,llm_agent,voice,check_balance,0.932,2,1,36,336,0,0,none,209,1
B-01875,2023-09-13 22:15:33.480827,B,llm_agent,chat,check_balance,0.665,2,1,67,803,0,0,none,78,1
B-01876,2023-10-11 23:57:11.110819,B,llm_agent,voice,update_address,0.858,1,2,79,237,0,0,none,218,1
B-01877,2023-08-25 04:05:10.167106,B,llm_agent,chat,loan_inquiry,0.982,1,1,20,968,0,0,none,667,1
B-01878,2023-10-21 08:40:06.829874,B,llm_agent,mobile_app,make_payment,0.643,1,4,105,307,0,0,none,188,1
B-01879,2023-11-16 20:30:50.739180,B,llm_agent,voice,check_balance,0.852,2,1,86,312,0,0,none,537,0
B-01880,2023-12-11 09:35:02.793746,B,llm_agent,mobile_app,freeze_card,0.826,1,3,15,593,0,1,low_confidence,502,1
B-01881,2023-09-29 18:48:08.485887,B,llm_agent,chat,make_payment,0.805,1,1,111,457,0,0,none,699,1
B-01882,2023-08-24 22:24:43.705020,B,llm_agent,mobile_app,dispute_charge,0.787,2,1,42,949,0,1,unresolved,666,0
B-01883,2023-07-15 01:19:53.790027,B,llm_agent,voice,dispute_charge,0.671,1,2,37,446,0,0,none,627,1
B-01884,2023-12-04 06:49:34.653530,B,llm_agent,mobile_app,check_balance,0.931,2,2,56,636,0,0,none,243,1
B-01885,2023-12-04 04:52:09.976328,B,llm_agent,voice,transfer_funds,0.782,2,3,26,757,0,1,customer_request,326,0
B-01886,2023-09-03 16:03:44.279162,B,llm_agent,voice,request_statement,0.552,2,1,31,774,0,1,unresolved,367,1
B-01887,2023-08-07 22:17:15.210102,B,llm_agent,mobile_app,request_statement,0.717,1,2,20,507,0,0,none,487,1
B-01888,2023-11-01 05:31:47.615539,B,llm_agent,mobile_app,loan_inquiry,0.797,2,3,89,808,0,0,none,129,1
B-01889,2023-11-16 11:14:55.162505,B,llm_agent,voice,check_balance,0.768,1,4,14,1136,0,0,none,613,1
B-01890,2023-11-10 02:14:31.596923,B,llm_agent,voice,dispute_charge,0.481,2,4,89,889,0,0,none,473,1
B-01891,2023-07-14 01:04:22.410540,B,llm_agent,mobile_app,make_payment,0.72,1,4,115,925,0,0,none,170,1
B-01892,2023-12-28 02:43:58.353035,B,llm_agent,voice,make_payment,0.705,2,3,86,1005,0,0,none,64,0
B-01893,2023-10-08 15:31:59.184850,B,llm_agent,voice,freeze_card,0.824,2,2,23,206,0,0,none,36,1
B-01894,2023-10-20 07:51:15.352426,B,llm_agent,voice,loan_inquiry,0.501,1,4,43,438,0,0,none,278,1
B-01895,2023-07-09 07:03:48.654763,B,llm_agent,voice,loan_inquiry,0.734,1,3,59,234,0,0,none,242,1
B-01896,2023-07-03 03:50:25.827282,B,llm_agent,voice,check_balance,0.692,1,1,100,887,0,0,none,133,1
B-01897,2023-07-24 02:51:22.915874,B,llm_agent,chat,make_payment,0.693,2,2,88,789,0,0,none,331,1
B-01898,2023-09-10 13:10:49.279631,B,llm_agent,voice,freeze_card,0.732,2,1,115,305,0,0,none,46,1
B-01899,2023-12-20 21:26:54.179956,B,llm_agent,chat,check_balance,0.846,1,4,104,382,0,0,none,460,1
B-01900,2023-11-11 05:28:15.105319,B,llm_agent,voice,make_payment,0.805,1,2,115,1079,0,1,unresolved,334,1
B-01901,2023-12-30 20:36:44.818950,B,llm_agent,chat,check_balance,0.965,2,4,46,304,0,0,none,211,1
B-01902,2023-11-02 10:00:32.117280,B,llm_agent,voice,transfer_funds,0.561,1,2,8,753,0,0,none,345,1
B-01903,2023-07-19 06:08:33.771509,B,llm_agent,chat,request_statement,0.855,1,4,58,678,0,0,none,335,0
B-01904,2023-11-05 02:13:40.416040,B,llm_agent,chat,dispute_charge,0.726,2,2,114,783,0,1,low_confidence,611,1
B-01905,2023-10-26 08:43:18.435790,B,llm_agent,chat,freeze_card,0.594,2,4,118,505,0,0,none,477,0
B-01906,2023-12-10 04:40:08.855944,B,llm_agent,voice,transfer_funds,0.816,2,4,39,629,0,0,none,191,0
B-01907,2023-10-08 14:19:12.293764,B,llm_agent,chat,dispute_charge,0.89,1,2,46,539,0,0,none,598,0
B-01908,2023-08-14 22:33:30.842870,B,llm_agent,voice,transfer_funds,0.743,1,1,13,768,0,0,none,258,1
B-01909,2023-11-12 02:05:36.453813,B,llm_agent,voice,freeze_card,0.78,2,4,71,1111,0,1,low_confidence,186,1
B-01910,2023-11-15 20:56:58.685284,B,llm_agent,chat,transfer_funds,0.874,2,3,60,977,0,0,none,531,1
B-01911,2023-10-03 02:23:31.516955,B,llm_agent,voice,update_address,0.702,1,4,118,545,0,0,none,581,1
B-01912,2023-07-18 08:28:39.066831,B,llm_agent,voice,check_balance,0.574,1,4,6,1029,0,0,none,34,1
B-01913,2023-09-14 17:18:07.474691,B,llm_agent,mobile_app,check_balance,0.856,1,1,101,334,0,1,low_confidence,678,1
B-01914,2023-12-01 16:56:30.048146,B,llm_agent,voice,check_balance,0.911,1,4,94,434,0,1,timeout,464,1
B-01915,2023-08-25 13:32:40.533694,B,llm_agent,chat,request_statement,0.414,1,3,52,751,0,0,none,312,1
B-01916,2023-11-11 21:25:15.627318,B,llm_agent,chat,make_payment,0.897,1,2,64,1029,0,0,none,550,1
B-01917,2023-08-16 09:24:48.812019,B,llm_agent,voice,make_payment,0.674,2,4,62,470,0,0,none,410,1
B-01918,2023-08-30 03:41:17.431994,B,llm_agent,voice,freeze_card,0.846,1,4,8,1056,0,0,none,688,1
B-01919,2023-08-31 16:18:34.990229,B,llm_agent,voice,check_balance,0.856,1,4,14,369,0,0,none,36,1
B-01920,2023-07-25 19:16:08.745418,B,llm_agent,chat,check_balance,0.929,2,1,18,740,0,0,none,399,1
B-01921,2023-09-03 06:18:51.710558,B,llm_agent,chat,make_payment,0.929,2,1,60,695,0,0,none,520,1
B-01922,2023-11-10 10:07:20.893059,B,llm_agent,voice,make_payment,0.713,2,2,80,335,0,0,none,53,1
B-01923,2023-09-12 10:33:16.841740,B,llm_agent,chat,check_balance,0.884,2,3,44,238,0,1,low_confidence,631,1
B-01924,2023-08-24 20:26:24.920687,B,llm_agent,voice,check_balance,0.914,2,1,105,747,0,0,none,271,1
B-01925,2023-11-06 05:31:02.569606,B,llm_agent,chat,make_payment,0.736,1,2,112,853,0,0,none,43,1
B-01926,2023-10-03 07:58:58.171735,B,llm_agent,voice,update_address,0.94,2,1,110,611,0,0,none,296,1
B-01927,2023-09-18 18:19:11.597533,B,llm_agent,voice,loan_inquiry,0.897,2,1,75,738,0,0,none,612,0
B-01928,2023-11-23 16:43:01.064841,B,llm_agent,voice,check_balance,0.911,1,1,6,297,0,0,none,691,1
B-01929,2023-09-08 21:30:07.093744,B,llm_agent,chat,loan_inquiry,0.74,2,1,11,899,0,0,none,132,1
B-01930,2023-10-08 14:46:32.066054,B,llm_agent,voice,loan_inquiry,0.945,1,2,79,595,0,0,none,299,1
B-01931,2023-07-06 19:33:18.409636,B,llm_agent,voice,transfer_funds,0.989,2,1,108,663,0,0,none,611,1
B-01932,2023-09-01 02:42:56.798396,B,llm_agent,mobile_app,loan_inquiry,0.587,2,4,52,1167,0,1,low_confidence,44,1
B-01933,2023-08-13 08:28:46.003811,B,llm_agent,voice,dispute_charge,0.756,2,2,37,413,0,0,none,403,1
B-01934,2023-12-10 02:12:46.539088,B,llm_agent,voice,request_statement,0.759,2,3,47,491,0,0,none,404,1
B-01935,2023-07-04 20:27:47.872646,B,llm_agent,voice,freeze_card,0.781,2,4,74,338,0,0,none,285,1
B-01936,2023-11-06 02:35:57.687404,B,llm_agent,chat,request_statement,0.964,2,2,115,579,0,0,none,250,1
B-01937,2023-11-16 09:13:31.651223,B,llm_agent,voice,freeze_card,0.82,1,3,95,364,0,0,none,679,1
B-01938,2023-08-30 20:20:43.907918,B,llm_agent,mobile_app,transfer_funds,0.944,1,3,55,1181,0,0,none,277,1
B-01939,2023-08-17 01:10:29.832006,B,llm_agent,voice,request_statement,0.736,2,2,12,1023,0,0,none,452,1
B-01940,2023-07-31 03:57:14.279662,B,llm_agent,mobile_app,make_payment,0.901,2,3,100,902,0,0,none,550,1
B-01941,2023-08-20 17:02:28.552981,B,llm_agent,voice,dispute_charge,0.774,1,2,91,927,0,0,none,56,1
B-01942,2023-12-15 06:01:31.385494,B,llm_agent,chat,make_payment,0.81,1,3,111,489,0,0,none,601,1
B-01943,2023-07-08 22:20:09.931395,B,llm_agent,voice,freeze_card,0.724,2,2,83,778,0,1,low_confidence,558,1
B-01944,2023-09-22 13:53:37.880258,B,llm_agent,voice,update_address,0.829,1,3,77,347,0,0,none,163,1
B-01945,2023-08-18 09:09:42.565439,B,llm_agent,mobile_app,check_balance,0.68,2,4,14,768,0,0,none,155,1
B-01946,2023-11-05 08:15:54.602932,B,llm_agent,voice,check_balance,0.86,2,2,102,483,0,0,none,421,0
B-01947,2023-08-31 02:29:59.860131,B,llm_agent,chat,freeze_card,0.966,1,3,24,572,0,0,none,667,1
B-01948,2023-09-02 07:27:43.327429,B,llm_agent,chat,loan_inquiry,0.828,2,3,49,558,0,0,none,645,1
B-01949,2023-07-11 16:01:47.292005,B,llm_agent,voice,check_balance,0.913,1,1,76,422,0,1,customer_request,144,1
B-01950,2023-12-14 14:54:02.681849,B,llm_agent,voice,dispute_charge,0.901,2,3,64,1134,0,0,none,445,1
B-01951,2023-10-04 10:48:41.462836,B,llm_agent,mobile_app,check_balance,0.875,2,3,64,453,0,0,none,366,1
B-01952,2023-07-13 14:59:22.925107,B,llm_agent,chat,make_payment,0.898,1,3,48,221,0,0,none,506,1
B-01953,2023-11-15 13:34:14.754047,B,llm_agent,mobile_app,request_statement,0.823,2,4,82,530,0,0,none,390,1
B-01954,2023-11-20 17:54:27.815370,B,llm_agent,chat,freeze_card,0.585,1,3,28,749,0,1,low_confidence,424,1
B-01955,2023-09-23 09:19:34.468444,B,llm_agent,chat,loan_inquiry,0.881,2,2,80,511,0,1,customer_request,419,1
B-01956,2023-12-27 04:19:52.808364,B,llm_agent,chat,loan_inquiry,0.954,2,3,6,921,0,0,none,42,1
B-01957,2023-08-11 08:35:32.500110,B,llm_agent,voice,check_balance,0.831,2,3,14,264,0,0,none,397,0
B-01958,2023-12-02 11:47:16.321336,B,llm_agent,mobile_app,update_address,0.851,2,4,19,447,0,0,none,133,1
B-01959,2023-12-02 21:31:33.823079,B,llm_agent,chat,loan_inquiry,0.431,2,1,92,495,0,0,none,332,1
B-01960,2023-10-04 09:13:36.320237,B,llm_agent,chat,update_address,0.888,1,3,18,551,0,0,none,404,1
B-01961,2023-10-07 20:09:13.750868,B,llm_agent,mobile_app,make_payment,0.756,1,3,109,485,0,0,none,521,1
B-01962,2023-07-21 13:07:43.328527,B,llm_agent,voice,make_payment,0.871,1,1,84,653,0,0,none,615,0
B-01963,2023-07-25 09:04:14.917887,B,llm_agent,voice,loan_inquiry,0.875,2,2,59,963,0,0,none,137,1
B-01964,2023-09-16 08:52:05.719981,B,llm_agent,voice,loan_inquiry,0.752,2,4,37,225,0,0,none,433,1
B-01965,2023-12-16 00:18:18.891042,B,llm_agent,chat,dispute_charge,0.823,2,4,36,397,0,0,none,573,1
B-01966,2023-08-09 06:11:39.419784,B,llm_agent,voice,make_payment,0.933,2,1,110,840,0,0,none,256,1
B-01967,2023-09-25 22:12:50.772665,B,llm_agent,voice,make_payment,0.907,1,2,110,224,0,0,none,55,1
B-01968,2023-07-12 18:09:34.838312,B,llm_agent,chat,dispute_charge,0.851,2,3,119,201,0,0,none,668,0
B-01969,2023-08-24 18:14:01.601276,B,llm_agent,voice,check_balance,0.85,2,3,45,574,0,0,none,611,0
B-01970,2023-09-07 01:50:49.027379,B,llm_agent,voice,make_payment,0.88,1,2,65,1109,0,0,none,519,1
B-01971,2023-12-24 04:58:14.471621,B,llm_agent,voice,transfer_funds,0.823,2,4,114,814,0,0,none,547,1
B-01972,2023-08-05 07:49:44.372928,B,llm_agent,voice,make_payment,0.663,2,2,97,349,0,0,none,237,1
B-01973,2023-07-19 10:21:16.548014,B,llm_agent,voice,make_payment,0.875,1,4,15,673,0,0,none,578,1
B-01974,2023-07-10 20:04:56.701725,B,llm_agent,voice,transfer_funds,0.86,1,4,40,206,0,0,none,716,0
B-01975,2023-10-04 12:48:54.034925,B,llm_agent,voice,make_payment,0.707,1,2,30,404,0,0,none,234,1
B-01976,2023-10-04 01:26:00.595678,B,llm_agent,voice,freeze_card,0.874,2,3,17,773,0,0,none,356,1
B-01977,2023-08-05 20:10:19.588398,B,llm_agent,mobile_app,request_statement,0.783,2,4,112,787,0,0,none,616,1
B-01978,2023-08-15 07:05:56.773990,B,llm_agent,voice,make_payment,0.801,1,3,91,405,0,1,unresolved,182,1
B-01979,2023-08-28 08:23:33.015862,B,llm_agent,voice,request_statement,0.878,2,4,67,587,0,0,none,506,0
B-01980,2023-07-02 17:30:15.382543,B,llm_agent,chat,make_payment,0.722,2,2,74,1007,0,0,none,49,1
B-01981,2023-11-27 12:30:31.946042,B,llm_agent,voice,make_payment,0.909,1,1,101,776,0,0,none,698,1
B-01982,2023-11-19 10:00:52.823383,B,llm_agent,voice,check_balance,0.904,1,1,53,592,0,0,none,78,1
B-01983,2023-08-28 14:33:19.242710,B,llm_agent,chat,freeze_card,0.798,1,1,81,502,0,0,none,43,1
B-01984,2023-10-14 02:19:03.966483,B,llm_agent,voice,make_payment,0.43,1,4,57,275,0,0,none,317,1
B-01985,2023-08-30 01:21:57.970963,B,llm_agent,mobile_app,check_balance,0.941,1,4,93,878,0,0,none,575,1
B-01986,2023-07-05 21:40:09.844214,B,llm_agent,voice,make_payment,0.519,2,2,35,608,0,0,none,173,1
B-01987,2023-10-16 22:21:10.673627,B,llm_agent,chat,loan_inquiry,0.456,1,3,51,501,0,0,none,460,1
B-01988,2023-11-10 01:21:17.446017,B,llm_agent,mobile_app,check_balance,0.655,1,2,37,1142,0,0,none,263,1
B-01989,2023-08-31 02:16:05.264631,B,llm_agent,mobile_app,loan_inquiry,0.78,2,2,84,491,0,1,customer_request,712,1
B-01990,2023-08-14 04:06:18.899825,B,llm_agent,voice,dispute_charge,0.69,2,3,23,538,0,0,none,356,0
B-01991,2023-08-18 08:29:36.712037,B,llm_agent,chat,update_address,0.933,1,2,14,299,0,0,none,335,0
B-01992,2023-09-02 21:13:48.731415,B,llm_agent,voice,loan_inquiry,0.836,2,1,82,814,0,0,none,43,1
B-01993,2023-09-24 13:31:15.929756,B,llm_agent,voice,freeze_card,0.605,1,4,45,739,0,0,none,222,1
B-01994,2023-11-16 03:36:13.864673,B,llm_agent,chat,dispute_charge,0.989,2,4,17,994,0,0,none,42,1
B-01995,2023-08-06 10:02:48.996895,B,llm_agent,voice,make_payment,0.91,1,2,27,481,0,0,none,637,0
B-01996,2023-11-07 06:16:41.988371,B,llm_agent,voice,transfer_funds,0.779,2,2,82,324,0,0,none,359,1
B-01997,2023-12-24 12:17:35.432091,B,llm_agent,chat,update_address,0.89,1,1,78,724,0,0,none,254,0
B-01998,2023-08-02 23:45:47.605221,B,llm_agent,voice,make_payment,0.799,1,4,112,1025,0,1,customer_request,199,0
B-01999,2023-10-01 21:22:32.661556,B,llm_agent,chat,transfer_funds,0.924,1,1,37,244,0,0,none,514,1
