session_id,timestamp,period,system_type,channel,intent,confidence_score,intent_attempts,turns,raw_input_length,response_latency_ms,is_fallback,transferred_to_human,transfer_reason,call_duration_sec,resolved
B-00000,2023-07-21 12:52:16.928887,B,llm_agent,chat,payment_processing,0.434,2,4,131,1644,0,0,none,214,1
B-00001,2023-12-01 18:20:32.467594,B,llm_agent,voice,document_request,0.456,4,6,144,2303,0,0,none,515,0
B-00002,2023-08-01 12:11:58.265997,B,llm_agent,voice,document_request,0.774,4,5,194,2368,0,0,none,518,1
B-00003,2023-10-23 15:01:51.668038,B,llm_agent,mobile_app,loan_inquiry,0.777,1,4,30,1033,0,0,none,362,1
B-00004,2023-12-20 11:48:37.544231,B,llm_agent,voice,freeze_card,0.483,1,3,8,715,0,0,none,367,1
B-00005,2023-09-01 08:35:06.030526,B,llm_agent,voice,check_balance,0.817,2,1,119,626,0,0,none,644,1
B-00006,2023-08-08 16:34:55.570568,B,llm_agent,chat,request_statement,0.563,2,3,22,925,0,0,none,323,1
B-00007,2023-10-08 06:53:39.674362,B,llm_agent,chat,transfer_funds,0.648,2,2,27,608,0,0,none,554,1
B-00008,2023-12-03 16:15:04.829447,B,llm_agent,voice,make_payment,0.863,1,1,14,1199,0,0,none,379,1
B-00009,2023-12-10 18:09:32.361859,B,llm_agent,mobile_app,account_balance_check,0.501,3,7,87,1598,0,1,customer_request,706,0
B-00010,2023-08-11 06:56:26.665085,B,llm_agent,chat,freeze_card,0.787,2,4,45,243,0,0,none,698,0
B-00011,2023-12-26 02:09:04.061049,B,llm_agent,voice,transaction_dispute,0.225,3,4,121,2944,0,1,unresolved,435,1
B-00012,2023-10-16 01:42:07.991535,B,llm_agent,voice,document_request,0.289,4,5,124,1584,0,0,none,355,1
B-00013,2023-10-26 14:55:17.836400,B,llm_agent,voice,loan_inquiry,0.727,2,2,7,345,0,0,none,581,1
B-00014,2023-08-15 13:19:22.379183,B,llm_agent,mobile_app,loan_inquiry,0.952,2,4,11,361,0,0,none,621,1
B-00015,2023-09-04 08:02:47.365301,B,llm_agent,chat,check_balance,0.704,2,3,10,1113,0,1,unresolved,186,1
B-00016,2023-07-21 02:15:01.297493,B,llm_agent,voice,check_balance,0.903,1,4,119,483,0,0,none,696,1
B-00017,2023-11-14 19:36:38.894256,B,llm_agent,voice,freeze_card,0.854,2,2,78,1146,0,1,low_confidence,656,1
B-00018,2023-09-03 17:48:24.036806,B,llm_agent,voice,request_statement,0.895,2,2,13,409,0,0,none,235,1
B-00019,2023-10-20 18:58:50.329822,B,llm_agent,voice,credit_inquiry,0.339,2,3,198,2027,0,0,none,45,1
B-00020,2023-11-19 12:10:38.814938,B,llm_agent,chat,fund_movement,0.216,3,6,117,1129,0,1,customer_request,277,1
B-00021,2023-10-19 13:30:17.199530,B,llm_agent,voice,profile_update,0.349,2,5,186,2781,0,1,low_confidence,663,1
B-00022,2023-07-31 08:54:24.654680,B,llm_agent,mobile_app,make_payment,0.817,2,4,91,460,0,0,none,541,1
B-00023,2023-07-23 23:38:40.814781,B,llm_agent,chat,investment_advice,0.418,4,6,50,1821,0,0,none,57,1
B-00024,2023-09-20 07:36:32.962608,B,llm_agent,voice,check_balance,0.774,1,2,79,334,0,1,customer_request,518,0
B-00025,2023-09-18 05:27:12.712979,B,llm_agent,chat,check_balance,0.634,1,1,66,427,0,0,none,258,1
B-00026,2023-08-30 14:07:06.000833,B,llm_agent,mobile_app,insurance_claim,0.818,3,4,140,2376,0,0,none,189,0
B-00027,2023-07-11 12:36:09.682050,B,llm_agent,mobile_app,make_payment,0.727,1,4,11,731,0,0,none,108,1
B-00028,2023-08-03 10:06:26.900849,B,llm_agent,chat,account_balance_check,0.322,3,7,88,1973,0,0,none,461,1
B-00029,2023-10-06 23:24:18.409883,B,llm_agent,mobile_app,update_address,0.898,1,2,38,905,0,0,none,500,0
B-00030,2023-12-21 01:10:00.508473,B,llm_agent,voice,card_management,0.772,2,5,77,1388,0,0,none,364,1
B-00031,2023-08-11 08:28:37.456790,B,llm_agent,chat,dispute_charge,0.713,1,3,5,1168,0,0,none,164,1
B-00032,2023-07-07 19:12:33.516537,B,llm_agent,voice,profile_update,0.644,3,7,133,845,0,0,none,658,1
B-00033,2023-07-31 07:22:54.425175,B,llm_agent,mobile_app,transaction_dispute,0.387,2,4,169,2940,0,0,none,644,1
B-00034,2023-10-17 14:33:01.518369,B,llm_agent,voice,freeze_card,0.869,2,1,65,954,0,0,none,712,1
B-00035,2023-08-03 10:26:35.309676,B,llm_agent,voice,dispute_charge,0.824,1,2,59,607,0,0,none,287,1
B-00036,2023-07-27 12:04:58.090003,B,llm_agent,voice,account_balance_check,0.302,3,7,160,1933,0,1,low_confidence,130,1
B-00037,2023-12-02 04:49:35.140263,B,llm_agent,voice,transfer_funds,0.863,1,3,25,367,0,0,none,490,0
B-00038,2023-10-15 12:05:59.253255,B,llm_agent,chat,freeze_card,0.977,1,4,99,794,0,0,none,158,1
B-00039,2023-12-19 22:06:25.900990,B,llm_agent,voice,update_address,0.268,1,1,93,947,0,0,none,64,1
B-00040,2023-11-16 13:55:09.981499,B,llm_agent,voice,transfer_funds,0.757,2,4,7,533,0,0,none,278,1
B-00041,2023-08-26 22:28:52.110562,B,llm_agent,chat,payment_processing,0.463,3,3,143,2326,0,0,none,578,1
B-00042,2023-10-14 19:25:05.571482,B,llm_agent,voice,loan_inquiry,0.822,1,4,109,277,0,0,none,618,1
B-00043,2023-08-30 21:32:34.997592,B,llm_agent,voice,payment_processing,0.509,3,6,121,991,0,0,none,390,1
B-00044,2023-07-04 12:20:38.962685,B,llm_agent,voice,transaction_dispute,0.454,2,6,114,1305,0,0,none,715,1
B-00045,2023-09-18 18:18:48.248764,B,llm_agent,voice,check_balance,0.902,1,1,51,1183,0,0,none,669,0
B-00046,2023-12-25 08:43:40.620761,B,llm_agent,mobile_app,unknown,0.468,4,6,142,896,1,1,unresolved,483,0
B-00047,2023-11-23 22:42:48.178464,B,llm_agent,voice,make_payment,0.752,1,3,57,601,0,0,none,547,0
B-00048,2023-07-02 10:29:31.879112,B,llm_agent,voice,dispute_charge,0.913,2,3,21,316,0,0,none,630,1
B-00049,2023-09-03 23:07:36.890235,B,llm_agent,chat,request_statement,0.914,2,1,57,911,0,0,none,639,1
B-00050,2023-11-03 17:54:42.001889,B,llm_agent,chat,transaction_dispute,0.467,3,7,100,1915,0,0,none,300,1
B-00051,2023-11-02 04:11:00.348103,B,llm_agent,mobile_app,freeze_card,0.814,1,3,46,774,0,0,none,628,1
B-00052,2023-08-14 12:43:40.642553,B,llm_agent,voice,freeze_card,0.703,1,3,48,320,0,0,none,223,1
B-00053,2023-09-12 16:32:02.603298,B,llm_agent,voice,transfer_funds,0.9,1,3,18,813,0,0,none,242,1
B-00054,2023-11-12 13:59:47.168067,B,llm_agent,chat,profile_update,0.454,4,6,150,1784,0,1,low_confidence,125,1
B-00055,2023-12-22 00:12:15.758411,B,llm_agent,chat,fund_movement,0.539,4,7,182,1766,0,0,none,249,1
B-00056,2023-08-29 05:39:07.622868,B,llm_agent,chat,transaction_dispute,0.596,2,5,121,1823,0,1,low_confidence,133,1
B-00057,2023-07-18 06:27:04.499104,B,llm_agent,chat,transfer_funds,0.839,2,4,53,951,0,0,none,79,0
B-00058,2023-10-24 03:33:30.632766,B,llm_agent,voice,fund_movement,0.802,2,5,157,2709,0,0,none,302,1
B-00059,2023-09-15 10:59:54.235775,B,llm_agent,mobile_app,insurance_claim,0.838,2,3,108,1533,0,1,low_confidence,658,1
B-00060,2023-10-13 19:40:45.121965,B,llm_agent,chat,make_payment,0.767,2,2,110,731,0,0,none,103,1
B-00061,2023-08-23 17:52:19.867694,B,llm_agent,chat,card_management,0.196,4,6,188,946,0,0,none,370,1
B-00062,2023-10-17 18:27:03.513677,B,llm_agent,voice,check_balance,0.846,1,4,80,832,0,0,none,161,1
B-00063,2023-07-29 07:46:56.813483,B,llm_agent,mobile_app,account_balance_check,0.266,4,4,117,2378,0,0,none,595,1
B-00064,2023-07-11 17:35:01.787298,B,llm_agent,voice,transfer_funds,0.827,1,4,101,1175,0,0,none,658,1
B-00065,2023-12-05 12:59:34.035396,B,llm_agent,mobile_app,card_management,0.438,3,3,72,1980,0,0,none,313,1
B-00066,2023-07-06 12:40:09.965895,B,llm_agent,chat,loan_inquiry,0.759,2,3,82,868,0,0,none,537,1
B-00067,2023-09-10 20:26:06.065756,B,llm_agent,voice,unknown,0.448,3,3,93,1192,1,0,none,427,1
B-00068,2023-09-14 14:13:14.240064,B,llm_agent,voice,make_payment,0.927,2,2,114,522,0,0,none,182,1
B-00069,2023-09-24 21:07:23.209811,B,llm_agent,mobile_app,unknown,0.92,4,4,193,879,1,0,none,472,1
B-00070,2023-12-20 00:56:43.732711,B,llm_agent,voice,request_statement,0.606,2,4,12,385,0,1,unresolved,95,1
B-00071,2023-09-09 11:14:37.298948,B,llm_agent,voice,loan_inquiry,0.706,1,1,46,1041,0,0,none,321,1
B-00072,2023-10-24 22:24:38.415814,B,llm_agent,voice,check_balance,0.705,2,1,32,548,0,0,none,282,1
B-00073,2023-09-25 20:50:59.369153,B,llm_agent,voice,card_management,0.591,4,4,52,1591,0,0,none,186,1
B-00074,2023-10-28 11:17:18.073993,B,llm_agent,voice,document_request,0.698,4,4,84,2661,0,0,none,112,1
B-00075,2023-12-26 10:58:32.274789,B,llm_agent,voice,profile_update,0.863,4,3,93,850,0,1,low_confidence,349,1
B-00076,2023-12-14 20:02:11.659781,B,llm_agent,chat,transfer_funds,0.945,1,4,119,296,0,0,none,47,1
B-00077,2023-12-16 08:55:33.470918,B,llm_agent,chat,check_balance,0.559,1,4,94,1169,0,0,none,548,1
B-00078,2023-11-24 11:34:01.958724,B,llm_agent,chat,make_payment,0.746,1,3,118,319,0,0,none,592,1
B-00079,2023-10-25 12:53:29.323285,B,llm_agent,chat,freeze_card,0.92,1,3,19,651,0,0,none,521,1
B-00080,2023-10-22 14:16:48.227847,B,llm_agent,voice,document_request,0.519,3,5,173,2581,0,0,none,681,1
B-00081,2023-10-16 18:42:52.176769,B,llm_agent,mobile_app,make_payment,0.865,1,4,94,805,0,1,low_confidence,591,0
B-00082,2023-08-08 04:25:20.542686,B,llm_agent,voice,check_balance,0.636,2,1,57,594,0,0,none,378,1
B-00083,2023-11-24 19:29:38.350080,B,llm_agent,chat,update_address,0.852,1,2,61,227,0,0,none,459,1
B-00084,2023-11-04 17:39:06.422827,B,llm_agent,chat,transaction_dispute,0.114,2,3,148,854,0,0,none,618,0
B-00085,2023-11-01 06:51:22.331818,B,llm_agent,voice,card_management,0.107,2,7,43,1793,0,0,none,180,1
B-00086,2023-11-06 00:07:47.370048,B,llm_agent,voice,unknown,0.253,3,6,105,2737,1,0,none,316,1
B-00087,2023-11-08 07:29:18.553383,B,llm_agent,chat,unknown,0.504,2,7,69,1151,1,0,none,107,1
B-00088,2023-07-30 18:46:27.659353,B,llm_agent,chat,fund_movement,0.714,2,5,149,1832,0,0,none,690,1
B-00089,2023-12-11 09:29:24.669527,B,llm_agent,voice,transaction_dispute,0.331,4,5,67,1083,0,1,timeout,393,1
B-00090,2023-08-06 06:39:44.543607,B,llm_agent,voice,make_payment,0.755,2,4,79,782,0,0,none,572,1
B-00091,2023-10-24 21:12:35.235669,B,llm_agent,voice,make_payment,0.806,1,4,116,216,0,0,none,234,1
B-00092,2023-09-30 11:06:21.608321,B,llm_agent,chat,profile_update,0.741,2,6,105,1135,0,0,none,607,1
B-00093,2023-08-09 09:14:11.314655,B,llm_agent,voice,payment_processing,0.21,4,5,192,2784,0,0,none,218,1
B-00094,2023-12-14 15:38:34.679264,B,llm_agent,voice,request_statement,0.729,1,3,75,897,0,0,none,166,1
B-00095,2023-09-10 18:46:02.963302,B,llm_agent,voice,loan_inquiry,0.923,1,2,116,664,0,0,none,86,1
B-00096,2023-11-27 20:58:01.859734,B,llm_agent,voice,check_balance,0.839,2,1,115,240,0,0,none,493,1
B-00097,2023-09-12 13:23:51.753954,B,llm_agent,mobile_app,transfer_funds,0.546,2,1,93,1139,0,0,none,31,0
B-00098,2023-12-17 15:27:22.508963,B,llm_agent,voice,unknown,0.558,4,5,153,1273,1,0,none,717,1
B-00099,2023-07-06 09:11:52.819514,B,llm_agent,chat,account_balance_check,0.953,3,5,103,1117,0,0,none,261,1
B-00100,2023-12-11 21:46:02.546299,B,llm_agent,voice,account_balance_check,0.349,4,6,124,2722,0,0,none,657,1
B-00101,2023-12-19 00:29:55.473543,B,llm_agent,voice,check_balance,0.858,2,4,39,1184,0,0,none,648,1
B-00102,2023-12-02 19:15:55.816897,B,llm_agent,mobile_app,update_address,0.716,1,3,117,254,0,0,none,685,1
B-00103,2023-10-13 14:44:32.719840,B,llm_agent,chat,dispute_charge,0.89,2,4,5,539,0,0,none,656,1
B-00104,2023-12-28 15:09:37.046055,B,llm_agent,voice,freeze_card,0.812,1,4,97,413,0,0,none,707,1
B-00105,2023-08-30 02:05:40.857746,B,llm_agent,chat,dispute_charge,0.764,2,2,95,1062,0,0,none,198,0
B-00106,2023-11-03 22:58:23.840209,B,llm_agent,voice,account_balance_check,0.289,4,3,72,2159,0,0,none,309,1
B-00107,2023-10-13 02:03:55.738668,B,llm_agent,voice,transaction_dispute,0.442,4,4,69,2680,0,0,none,100,1
B-00108,2023-07-31 22:34:56.994196,B,llm_agent,chat,document_request,0.696,3,5,88,1773,0,0,none,160,1
B-00109,2023-10-16 00:26:04.014594,B,llm_agent,voice,make_payment,0.565,1,1,43,553,0,0,none,612,0
B-00110,2023-09-11 09:54:38.655913,B,llm_agent,voice,make_payment,0.786,2,1,97,388,0,0,none,203,1
B-00111,2023-07-25 22:25:50.460944,B,llm_agent,chat,payment_processing,0.459,4,4,127,2666,0,0,none,401,1
B-00112,2023-08-25 13:50:53.027764,B,llm_agent,chat,account_balance_check,0.837,3,3,186,2103,0,1,unresolved,405,0
B-00113,2023-07-01 12:50:03.872311,B,llm_agent,voice,transaction_dispute,0.406,4,7,40,2203,0,0,none,474,1
B-00114,2023-12-27 21:58:47.111709,B,llm_agent,voice,check_balance,0.974,2,3,26,276,0,0,none,554,1
B-00115,2023-07-04 20:13:35.476588,B,llm_agent,voice,transaction_dispute,0.464,3,3,89,1221,0,1,low_confidence,620,0
B-00116,2023-09-22 21:54:55.474609,B,llm_agent,voice,insurance_claim,0.752,3,7,158,1083,0,0,none,283,1
B-00117,2023-07-06 13:49:55.874759,B,llm_agent,voice,dispute_charge,0.747,1,3,78,1186,0,0,none,487,1
B-00118,2023-09-18 22:21:17.014099,B,llm_agent,mobile_app,update_address,0.906,2,2,56,929,0,0,none,176,1
B-00119,2023-11-02 23:12:40.222847,B,llm_agent,voice,transfer_funds,0.747,1,4,9,1041,0,0,none,597,1
B-00120,2023-10-16 14:42:41.447668,B,llm_agent,mobile_app,account_balance_check,0.736,4,3,87,1178,0,0,none,39,0
B-00121,2023-10-04 23:07:52.996382,B,llm_agent,voice,account_balance_check,0.478,3,7,106,2623,0,0,none,93,1
B-00122,2023-07-25 06:18:38.504691,B,llm_agent,voice,payment_processing,0.52,3,4,132,2199,0,0,none,251,0
B-00123,2023-09-28 14:52:58.462658,B,llm_agent,voice,check_balance,0.816,1,3,71,623,0,0,none,93,1
B-00124,2023-08-02 07:23:09.464295,B,llm_agent,mobile_app,make_payment,0.75,1,4,90,910,0,0,none,186,1
B-00125,2023-10-05 10:34:44.259909,B,llm_agent,chat,account_balance_check,0.218,4,3,107,2770,0,0,none,260,0
B-00126,2023-08-27 18:53:05.276579,B,llm_agent,chat,make_payment,0.923,1,4,58,1065,0,0,none,677,0
B-00127,2023-09-25 07:31:56.959807,B,llm_agent,voice,unknown,0.82,3,7,95,2987,1,1,low_confidence,305,1
B-00128,2023-08-01 22:11:38.705822,B,llm_agent,chat,profile_update,0.593,2,4,115,1074,0,0,none,658,0
B-00129,2023-08-20 21:18:28.960273,B,llm_agent,voice,payment_processing,0.23,3,5,128,2014,0,1,low_confidence,530,1
B-00130,2023-10-17 20:28:07.544590,B,llm_agent,voice,request_statement,0.644,2,3,102,517,0,0,none,228,1
B-00131,2023-08-12 17:19:29.512068,B,llm_agent,voice,make_payment,0.839,2,2,18,587,0,0,none,390,1
B-00132,2023-10-01 17:02:33.594757,B,llm_agent,chat,request_statement,0.961,2,1,96,862,0,0,none,275,1
B-00133,2023-12-13 09:52:01.218350,B,llm_agent,mobile_app,dispute_charge,0.753,1,3,88,555,0,1,unresolved,450,1
B-00134,2023-07-01 02:28:54.286010,B,llm_agent,chat,credit_inquiry,0.653,3,6,180,2651,0,1,timeout,216,1
B-00135,2023-11-08 04:41:47.529590,B,llm_agent,voice,credit_inquiry,0.32,3,7,133,2543,0,1,low_confidence,681,1
B-00136,2023-10-20 03:27:41.007483,B,llm_agent,voice,fund_movement,0.475,4,5,186,2091,0,0,none,265,1
B-00137,2023-12-23 12:38:22.237478,B,llm_agent,voice,document_request,0.268,2,7,108,2145,0,0,none,719,0
B-00138,2023-12-27 02:32:22.348746,B,llm_agent,voice,card_management,0.217,2,4,178,1729,0,0,none,301,1
B-00139,2023-11-27 04:29:58.239195,B,llm_agent,voice,freeze_card,0.76,1,1,30,331,0,1,low_confidence,90,0
B-00140,2023-12-04 08:05:11.264542,B,llm_agent,voice,make_payment,0.881,1,1,36,203,0,0,none,184,0
B-00141,2023-10-16 05:39:36.913994,B,llm_agent,chat,credit_inquiry,0.343,3,4,59,1928,0,0,none,255,1
B-00142,2023-09-14 02:31:31.768879,B,llm_agent,chat,account_balance_check,0.719,4,3,128,835,0,0,none,64,1
B-00143,2023-11-07 01:42:36.481326,B,llm_agent,voice,dispute_charge,0.944,2,1,64,411,0,0,none,170,1
B-00144,2023-07-30 19:39:27.430406,B,llm_agent,chat,make_payment,0.908,2,1,69,939,0,0,none,566,1
B-00145,2023-11-04 16:57:03.928671,B,llm_agent,voice,fund_movement,0.511,4,4,146,2545,0,0,none,569,1
B-00146,2023-10-15 21:59:05.111612,B,llm_agent,voice,credit_inquiry,0.608,2,7,82,2311,0,1,timeout,170,1
B-00147,2023-08-03 10:03:52.754108,B,llm_agent,voice,request_statement,0.722,1,3,81,1046,0,0,none,719,1
B-00148,2023-08-29 12:00:37.938945,B,llm_agent,voice,unknown,0.429,3,6,158,1613,1,0,none,617,1
B-00149,2023-08-05 12:32:35.485960,B,llm_agent,chat,profile_update,0.492,3,7,72,2232,0,0,none,571,1
B-00150,2023-07-29 01:55:17.319417,B,llm_agent,voice,loan_inquiry,0.886,1,4,60,544,0,0,none,677,0
B-00151,2023-09-10 22:53:01.473547,B,llm_agent,voice,check_balance,0.896,1,2,51,438,0,0,none,250,1
B-00152,2023-12-15 20:14:01.509199,B,llm_agent,voice,freeze_card,0.898,1,3,32,220,0,0,none,419,1
B-00153,2023-08-05 08:48:01.234513,B,llm_agent,chat,dispute_charge,0.811,1,2,36,440,0,0,none,647,1
B-00154,2023-07-20 03:23:11.231934,B,llm_agent,voice,loan_inquiry,0.82,2,3,54,836,0,0,none,406,1
B-00155,2023-12-24 11:02:05.629611,B,llm_agent,chat,transaction_dispute,0.338,2,3,49,1401,0,0,none,186,1
B-00156,2023-09-22 12:28:46.085557,B,llm_agent,voice,dispute_charge,0.9,1,4,97,255,0,1,timeout,170,1
B-00157,2023-08-25 15:30:53.295542,B,llm_agent,voice,dispute_charge,0.888,1,4,83,974,0,0,none,115,1
B-00158,2023-10-23 01:57:44.077710,B,llm_agent,voice,fund_movement,0.797,2,6,82,841,0,0,none,330,1
B-00159,2023-12-12 08:13:25.056525,B,llm_agent,chat,insurance_claim,0.599,2,3,62,2207,0,0,none,660,1
B-00160,2023-11-27 00:21:46.001867,B,llm_agent,voice,transfer_funds,0.667,1,4,71,945,0,0,none,342,0
B-00161,2023-08-10 02:20:05.269716,B,llm_agent,voice,profile_update,0.392,2,7,89,1044,0,0,none,148,1
B-00162,2023-10-18 17:59:05.520351,B,llm_agent,voice,payment_processing,0.48,3,6,48,1568,0,1,unresolved,587,1
B-00163,2023-09-16 23:36:42.106957,B,llm_agent,voice,payment_processing,0.658,3,6,80,2084,0,0,none,556,1
B-00164,2023-10-25 03:59:48.823352,B,llm_agent,mobile_app,document_request,0.706,4,6,128,1766,0,0,none,274,1
B-00165,2023-07-23 11:13:28.396740,B,llm_agent,voice,update_address,0.941,1,1,90,582,0,1,unresolved,276,0
B-00166,2023-12-01 03:31:39.174621,B,llm_agent,voice,investment_advice,0.171,3,3,158,2780,0,1,unresolved,255,1
B-00167,2023-11-26 18:05:29.358480,B,llm_agent,voice,profile_update,0.764,4,7,178,836,0,0,none,370,1
B-00168,2023-10-21 00:29:11.725630,B,llm_agent,mobile_app,loan_inquiry,0.831,2,3,111,707,0,0,none,710,1
B-00169,2023-07-18 08:11:32.632004,B,llm_agent,voice,check_balance,0.904,2,1,110,1140,0,0,none,500,1
B-00170,2023-12-13 07:40:15.441639,B,llm_agent,voice,profile_update,0.71,4,6,77,1154,0,1,low_confidence,406,1
B-00171,2023-11-04 18:03:10.396105,B,llm_agent,voice,make_payment,0.787,2,4,110,405,0,0,none,496,1
B-00172,2023-08-25 13:06:12.774538,B,llm_agent,voice,dispute_charge,0.648,2,4,74,489,0,0,none,536,1
B-00173,2023-10-25 05:05:37.967762,B,llm_agent,voice,check_balance,0.756,2,2,60,844,0,1,low_confidence,542,1
B-00174,2023-09-24 02:49:05.816662,B,llm_agent,voice,card_management,0.261,2,3,94,2402,0,0,none,473,1
B-00175,2023-10-27 18:18:48.521210,B,llm_agent,chat,make_payment,0.778,1,4,87,611,0,0,none,254,1
B-00176,2023-10-14 10:31:05.156754,B,llm_agent,chat,dispute_charge,0.773,2,4,105,274,0,0,none,459,1
B-00177,2023-08-09 09:13:24.477164,B,llm_agent,voice,dispute_charge,0.732,1,4,11,341,0,0,none,290,0
B-00178,2023-09-23 05:38:40.339154,B,llm_agent,voice,fund_movement,0.552,4,4,180,1427,0,0,none,398,1
B-00179,2023-10-07 16:48:27.566095,B,llm_agent,voice,credit_inquiry,0.587,2,6,185,1231,0,1,low_confidence,498,1
B-00180,2023-09-25 01:33:01.159407,B,llm_agent,mobile_app,request_statement,0.87,1,3,76,437,0,1,low_confidence,175,1
B-00181,2023-10-08 04:29:00.823266,B,llm_agent,mobile_app,transaction_dispute,0.56,2,5,139,2613,0,0,none,702,1
B-00182,2023-07-08 22:25:21.205806,B,llm_agent,voice,update_address,0.775,1,4,9,1120,0,0,none,212,0
B-00183,2023-12-10 20:50:03.397739,B,llm_agent,chat,profile_update,0.751,2,5,61,855,0,0,none,489,1
B-00184,2023-09-10 03:26:06.128117,B,llm_agent,voice,transaction_dispute,0.199,4,6,129,1391,0,1,unresolved,641,0
B-00185,2023-10-30 11:42:03.098562,B,llm_agent,chat,update_address,0.754,1,1,24,946,0,1,low_confidence,524,1
B-00186,2023-10-15 22:10:15.381016,B,llm_agent,chat,transaction_dispute,0.335,2,3,96,1129,0,0,none,462,1
B-00187,2023-12-15 00:59:56.785108,B,llm_agent,voice,check_balance,0.915,2,2,49,971,0,0,none,515,1
B-00188,2023-12-03 08:45:50.888206,B,llm_agent,mobile_app,card_management,0.396,2,3,158,2557,0,0,none,540,1
B-00189,2023-11-19 00:48:29.624248,B,llm_agent,chat,profile_update,0.571,3,7,140,1170,0,0,none,464,0
B-00190,2023-10-12 11:40:45.217269,B,llm_agent,voice,card_management,0.448,3,4,128,2997,0,1,low_confidence,681,1
B-00191,2023-10-03 03:41:39.352323,B,llm_agent,voice,request_statement,0.645,2,3,104,330,0,0,none,138,1
B-00192,2023-09-02 14:07:35.875091,B,llm_agent,voice,check_balance,0.97,1,1,12,646,0,1,low_confidence,189,0
B-00193,2023-09-02 00:35:21.303780,B,llm_agent,voice,unknown,0.405,2,3,153,1742,1,1,customer_request,390,1
B-00194,2023-07-31 09:21:00.345722,B,llm_agent,chat,update_address,0.949,2,2,55,723,0,0,none,714,1
B-00195,2023-09-03 09:42:01.624036,B,llm_agent,voice,account_balance_check,0.474,3,3,54,906,0,0,none,77,1
B-00196,2023-11-20 15:47:30.574153,B,llm_agent,voice,transaction_dispute,0.645,4,3,64,1578,0,0,none,230,1
B-00197,2023-10-11 22:45:53.602508,B,llm_agent,voice,dispute_charge,0.939,1,4,109,825,0,0,none,346,1
B-00198,2023-09-26 12:54:09.414062,B,llm_agent,voice,check_balance,0.755,2,1,119,735,0,0,none,191,1
B-00199,2023-11-30 05:39:10.704284,B,llm_agent,chat,check_balance,0.761,1,3,48,902,0,0,none,380,1
B-00200,2023-10-30 23:05:49.781234,B,llm_agent,voice,request_statement,0.801,2,1,28,974,0,0,none,140,1
B-00201,2023-09-16 14:27:43.916805,B,llm_agent,voice,investment_advice,0.455,2,7,188,1638,0,0,none,697,1
B-00202,2023-07-30 12:53:54.399488,B,llm_agent,voice,credit_inquiry,0.317,3,5,181,2235,0,0,none,527,1
B-00203,2023-12-23 18:15:56.613083,B,llm_agent,chat,loan_inquiry,0.805,1,4,117,228,0,0,none,246,1
B-00204,2023-08-12 03:50:01.755649,B,llm_agent,voice,unknown,0.773,4,7,127,1013,1,0,none,430,1
B-00205,2023-11-14 03:00:37.195399,B,llm_agent,voice,transfer_funds,0.805,2,1,6,691,0,0,none,163,1
B-00206,2023-07-04 20:13:19.449038,B,llm_agent,chat,account_balance_check,0.282,3,5,86,1481,0,0,none,687,1
B-00207,2023-11-20 16:37:14.886214,B,llm_agent,chat,dispute_charge,0.712,2,1,118,332,0,0,none,532,1
B-00208,2023-11-08 00:24:21.379278,B,llm_agent,voice,freeze_card,0.775,2,2,84,983,0,0,none,179,1
B-00209,2023-10-25 21:01:41.445031,B,llm_agent,voice,make_payment,0.714,1,2,116,614,0,0,none,683,1
B-00210,2023-08-12 02:02:14.033835,B,llm_agent,voice,fund_movement,0.359,2,5,74,804,0,1,low_confidence,261,0
B-00211,2023-12-12 00:06:10.016365,B,llm_agent,voice,check_balance,0.927,1,4,86,366,0,0,none,470,1
B-00212,2023-09-03 21:36:54.596875,B,llm_agent,chat,update_address,0.766,1,1,40,790,0,0,none,163,1
B-00213,2023-08-19 14:31:52.943540,B,llm_agent,chat,make_payment,0.932,1,4,83,1189,0,1,low_confidence,685,1
B-00214,2023-07-27 05:02:24.467847,B,llm_agent,voice,card_management,0.68,4,3,72,1052,0,0,none,271,1
B-00215,2023-10-10 02:20:24.565462,B,llm_agent,voice,unknown,0.68,4,7,125,2178,1,0,none,719,1
B-00216,2023-11-20 21:45:14.275568,B,llm_agent,voice,payment_processing,0.735,3,7,68,2356,0,0,none,296,1
B-00217,2023-08-03 23:39:01.247975,B,llm_agent,voice,freeze_card,0.844,1,3,80,979,0,0,none,712,0
B-00218,2023-09-28 16:23:26.273695,B,llm_agent,mobile_app,credit_inquiry,0.395,2,5,77,1255,0,0,none,46,1
B-00219,2023-12-11 15:02:23.507613,B,llm_agent,voice,update_address,0.843,2,3,70,890,0,0,none,58,1
B-00220,2023-11-11 00:01:27.046301,B,llm_agent,mobile_app,transfer_funds,0.808,2,2,55,947,0,1,customer_request,229,1
B-00221,2023-08-15 09:10:48.526462,B,llm_agent,chat,document_request,0.269,3,3,146,1991,0,1,unresolved,698,0
B-00222,2023-09-12 18:29:17.655657,B,llm_agent,chat,profile_update,0.674,2,5,191,845,0,0,none,616,1
B-00223,2023-07-21 01:22:34.043501,B,llm_agent,chat,unknown,0.193,2,7,103,1066,1,1,low_confidence,81,1
B-00224,2023-07-14 06:29:57.079191,B,llm_agent,chat,freeze_card,0.821,2,1,29,967,0,0,none,109,1
B-00225,2023-11-07 13:41:02.448262,B,llm_agent,voice,check_balance,0.882,2,3,100,892,0,1,unresolved,107,1
B-00226,2023-07-20 23:58:11.353295,B,llm_agent,voice,make_payment,0.647,2,4,61,856,0,1,unresolved,547,1
B-00227,2023-10-28 18:39:44.302773,B,llm_agent,chat,freeze_card,0.814,1,3,20,907,0,0,none,591,1
B-00228,2023-12-08 09:58:52.288309,B,llm_agent,voice,loan_inquiry,0.815,1,1,18,202,0,0,none,126,1
B-00229,2023-07-17 06:11:50.111838,B,llm_agent,voice,transaction_dispute,0.476,4,5,157,2152,0,0,none,537,1
B-00230,2023-08-09 20:04:53.536244,B,llm_agent,voice,transaction_dispute,0.606,3,7,115,2940,0,0,none,504,0
B-00231,2023-07-09 00:11:21.296744,B,llm_agent,mobile_app,card_management,0.43,2,7,159,1893,0,0,none,161,1
B-00232,2023-10-23 01:30:24.145576,B,llm_agent,voice,card_management,0.369,3,3,159,945,0,0,none,145,1
B-00233,2023-08-18 23:01:36.501333,B,llm_agent,voice,credit_inquiry,0.588,3,3,60,2610,0,0,none,329,1
B-00234,2023-10-15 23:34:07.380354,B,llm_agent,chat,check_balance,0.804,2,1,49,384,0,0,none,523,1
B-00235,2023-11-16 18:39:28.634342,B,llm_agent,voice,transaction_dispute,0.31,2,3,181,1840,0,0,none,480,1
B-00236,2023-09-06 07:01:49.353378,B,llm_agent,voice,request_statement,0.705,2,1,32,962,0,0,none,185,1
B-00237,2023-07-29 23:11:07.767014,B,llm_agent,chat,credit_inquiry,0.555,2,6,114,1452,0,0,none,315,1
B-00238,2023-07-14 14:19:58.926931,B,llm_agent,voice,make_payment,0.836,2,3,102,554,0,0,none,46,0
B-00239,2023-10-17 00:22:54.342012,B,llm_agent,chat,make_payment,0.793,2,3,85,239,0,0,none,374,1
B-00240,2023-07-12 21:23:56.924144,B,llm_agent,chat,unknown,0.365,2,6,94,1716,1,0,none,313,1
B-00241,2023-11-04 11:45:42.718022,B,llm_agent,voice,make_payment,0.62,2,4,97,957,0,0,none,292,1
B-00242,2023-07-11 16:42:17.210812,B,llm_agent,voice,profile_update,0.885,3,7,151,1046,0,0,none,118,1
B-00243,2023-08-21 13:08:25.342862,B,llm_agent,chat,request_statement,0.825,1,1,53,826,0,0,none,254,1
B-00244,2023-11-24 19:03:27.878719,B,llm_agent,voice,investment_advice,0.283,4,5,125,1608,0,1,low_confidence,83,1
B-00245,2023-11-24 17:33:43.645882,B,llm_agent,voice,fund_movement,0.65,3,5,193,2638,0,0,none,107,1
B-00246,2023-08-22 01:22:56.813437,B,llm_agent,voice,request_statement,0.584,1,4,91,288,0,0,none,488,1
B-00247,2023-09-28 00:44:35.027047,B,llm_agent,voice,transaction_dispute,0.505,2,5,118,2503,0,0,none,481,1
B-00248,2023-10-21 02:36:48.244948,B,llm_agent,chat,insurance_claim,0.293,4,4,159,1189,0,0,none,429,1
B-00249,2023-10-13 16:00:02.748307,B,llm_agent,chat,check_balance,0.638,2,4,91,501,0,0,none,679,1
B-00250,2023-12-09 22:49:18.908433,B,llm_agent,mobile_app,transaction_dispute,0.406,2,4,74,2935,0,0,none,539,1
B-00251,2023-10-06 05:15:15.317069,B,llm_agent,voice,investment_advice,0.212,2,5,51,2976,0,1,unresolved,680,1
B-00252,2023-10-21 15:21:05.804019,B,llm_agent,chat,loan_inquiry,0.728,2,3,17,490,0,1,low_confidence,87,1
B-00253,2023-10-31 08:36:16.961046,B,llm_agent,mobile_app,card_management,0.54,2,6,56,1874,0,0,none,240,1
B-00254,2023-09-09 10:29:57.786477,B,llm_agent,chat,loan_inquiry,0.936,2,4,19,894,0,0,none,199,1
B-00255,2023-12-01 17:02:44.037561,B,llm_agent,voice,insurance_claim,0.554,2,4,194,2216,0,0,none,557,1
B-00256,2023-07-31 02:00:19.421465,B,llm_agent,chat,fund_movement,0.702,2,3,48,2354,0,0,none,446,0
B-00257,2023-11-08 00:29:49.992717,B,llm_agent,voice,account_balance_check,0.383,3,3,71,2685,0,1,low_confidence,701,1
B-00258,2023-07-30 03:44:12.591974,B,llm_agent,voice,document_request,0.326,3,4,83,815,0,0,none,600,1
B-00259,2023-08-10 21:58:05.228027,B,llm_agent,mobile_app,investment_advice,0.098,3,6,180,1792,0,0,none,543,1
B-00260,2023-11-23 14:54:50.083552,B,llm_agent,chat,make_payment,0.903,1,3,89,294,0,0,none,307,1
B-00261,2023-10-25 19:06:45.948903,B,llm_agent,voice,fund_movement,0.258,4,7,198,1428,0,1,customer_request,615,1
B-00262,2023-10-23 13:12:57.976065,B,llm_agent,mobile_app,loan_inquiry,0.925,2,2,94,1035,0,0,none,356,1
B-00263,2023-09-04 23:56:34.642155,B,llm_agent,voice,transaction_dispute,0.414,4,7,51,858,0,0,none,432,1
B-00264,2023-12-21 06:35:19.134649,B,llm_agent,mobile_app,loan_inquiry,0.78,1,3,104,654,0,0,none,266,1
B-00265,2023-08-29 02:28:54.306357,B,llm_agent,voice,check_balance,0.848,2,1,46,572,0,1,customer_request,344,1
B-00266,2023-07-29 17:24:29.814350,B,llm_agent,chat,fund_movement,0.428,3,7,118,1873,0,1,low_confidence,539,1
B-00267,2023-08-31 13:24:44.638262,B,llm_agent,voice,make_payment,0.812,1,2,37,623,0,0,none,38,0
B-00268,2023-07-28 02:22:47.757446,B,llm_agent,chat,account_balance_check,0.272,2,4,70,2581,0,0,none,82,1
B-00269,2023-12-27 05:58:56.035832,B,llm_agent,chat,check_balance,0.868,2,2,23,592,0,0,none,557,1
B-00270,2023-12-17 06:09:33.392233,B,llm_agent,mobile_app,account_balance_check,0.801,2,3,104,1201,0,0,none,637,1
B-00271,2023-11-19 10:42:32.500097,B,llm_agent,mobile_app,check_balance,0.73,2,2,20,276,0,0,none,477,1
B-00272,2023-11-11 14:12:52.231322,B,llm_agent,mobile_app,document_request,0.495,2,3,86,2536,0,0,none,664,0
B-00273,2023-07-16 11:10:38.371637,B,llm_agent,chat,make_payment,0.94,1,4,17,952,0,0,none,530,1
B-00274,2023-09-09 08:03:08.526487,B,llm_agent,voice,dispute_charge,0.841,1,1,21,745,0,0,none,231,1
B-00275,2023-08-23 12:46:00.463451,B,llm_agent,chat,payment_processing,0.65,3,7,90,2567,0,0,none,433,1
B-00276,2023-07-16 18:47:01.086199,B,llm_agent,mobile_app,make_payment,0.738,1,4,91,371,0,0,none,549,0
B-00277,2023-12-01 23:41:40.976823,B,llm_agent,voice,payment_processing,0.702,2,5,165,2728,0,0,none,59,1
B-00278,2023-12-18 04:35:26.125650,B,llm_agent,voice,transaction_dispute,0.483,3,5,155,1102,0,0,none,358,1
B-00279,2023-11-03 16:39:16.107200,B,llm_agent,chat,request_statement,0.987,1,4,59,1112,0,0,none,394,1
B-00280,2023-08-03 06:49:51.820569,B,llm_agent,mobile_app,loan_inquiry,0.817,1,4,106,273,0,0,none,301,0
B-00281,2023-12-06 04:59:49.446697,B,llm_agent,voice,insurance_claim,0.672,4,3,153,1824,0,0,none,35,0
B-00282,2023-11-11 20:47:30.171788,B,llm_agent,voice,dispute_charge,0.764,1,2,60,483,0,0,none,151,1
B-00283,2023-07-16 09:50:15.550063,B,llm_agent,voice,update_address,0.915,1,2,94,743,0,1,low_confidence,618,1
B-00284,2023-11-04 12:55:55.904570,B,llm_agent,chat,profile_update,0.394,2,4,96,1244,0,0,none,707,1
B-00285,2023-07-16 07:53:50.640881,B,llm_agent,voice,insurance_claim,0.457,2,6,89,2826,0,0,none,469,1
B-00286,2023-09-02 07:37:22.870778,B,llm_agent,chat,insurance_claim,0.65,3,6,44,927,0,0,none,545,0
B-00287,2023-07-08 11:39:02.131789,B,llm_agent,voice,investment_advice,0.675,2,7,137,1188,0,0,none,569,0
B-00288,2023-11-17 00:43:41.259248,B,llm_agent,chat,freeze_card,0.842,1,1,109,605,0,0,none,611,1
B-00289,2023-10-14 20:25:42.336935,B,llm_agent,chat,fund_movement,0.481,3,4,94,2712,0,0,none,531,1
B-00290,2023-09-21 18:07:23.925513,B,llm_agent,mobile_app,investment_advice,0.562,2,6,168,2907,0,1,low_confidence,402,1
B-00291,2023-11-24 14:21:41.102769,B,llm_agent,chat,loan_inquiry,0.947,1,4,20,1025,0,0,none,570,1
B-00292,2023-11-23 07:28:00.369736,B,llm_agent,voice,loan_inquiry,0.925,1,2,20,380,0,0,none,397,1
B-00293,2023-10-18 10:15:35.407796,B,llm_agent,voice,check_balance,0.945,1,3,38,727,0,0,none,71,1
B-00294,2023-07-01 09:18:08.877177,B,llm_agent,chat,check_balance,0.77,1,1,101,680,0,0,none,617,1
B-00295,2023-12-30 03:49:54.579329,B,llm_agent,voice,make_payment,0.96,2,4,106,643,0,0,none,593,1
B-00296,2023-12-14 16:11:01.146381,B,llm_agent,chat,check_balance,0.911,1,4,88,482,0,1,customer_request,323,1
B-00297,2023-09-26 00:54:18.368739,B,llm_agent,mobile_app,dispute_charge,0.758,1,4,94,770,0,0,none,131,1
B-00298,2023-12-07 10:57:48.804809,B,llm_agent,chat,card_management,0.434,4,3,143,1193,0,0,none,707,1
B-00299,2023-09-02 20:56:14.851572,B,llm_agent,voice,unknown,0.548,2,6,107,2676,1,0,none,658,0
B-00300,2023-08-05 02:49:38.219988,B,llm_agent,chat,profile_update,0.32,3,6,133,1469,0,0,none,504,1
B-00301,2023-09-02 07:17:31.188967,B,llm_agent,chat,freeze_card,0.922,1,4,112,1077,0,0,none,412,1
B-00302,2023-11-23 19:47:52.706381,B,llm_agent,voice,request_statement,0.743,2,2,62,628,0,0,none,406,1
B-00303,2023-07-08 22:10:10.828336,B,llm_agent,voice,dispute_charge,0.757,2,1,48,490,0,0,none,63,1
B-00304,2023-12-13 16:01:40.166931,B,llm_agent,voice,transfer_funds,0.635,2,4,75,1127,0,1,unresolved,635,0
B-00305,2023-12-11 18:42:22.567186,B,llm_agent,chat,check_balance,0.712,1,2,62,791,0,0,none,33,1
B-00306,2023-07-20 14:47:31.100982,B,llm_agent,voice,insurance_claim,0.314,2,4,142,1866,0,0,none,181,1
B-00307,2023-09-10 03:08:10.600069,B,llm_agent,voice,card_management,0.602,3,3,130,1391,0,0,none,71,1
B-00308,2023-11-23 02:05:07.240247,B,llm_agent,chat,dispute_charge,0.883,1,1,7,830,0,0,none,60,1
B-00309,2023-12-25 14:19:58.479868,B,llm_agent,chat,update_address,0.811,2,3,88,298,0,0,none,175,1
B-00310,2023-11-27 08:05:42.417163,B,llm_agent,chat,check_balance,0.948,2,3,93,223,0,0,none,306,0
B-00311,2023-07-30 02:45:49.494453,B,llm_agent,chat,payment_processing,0.497,3,4,121,1893,0,0,none,588,1
B-00312,2023-08-25 21:46:21.745910,B,llm_agent,voice,document_request,0.671,2,6,129,2728,0,0,none,142,1
B-00313,2023-09-05 08:37:46.764204,B,llm_agent,voice,loan_inquiry,0.712,1,1,89,716,0,1,customer_request,75,1
B-00314,2023-08-19 10:55:32.523559,B,llm_agent,chat,card_management,0.644,3,7,144,2368,0,0,none,117,0
B-00315,2023-09-29 06:44:22.900739,B,llm_agent,voice,payment_processing,0.399,4,4,128,997,0,0,none,654,1
B-00316,2023-10-13 06:15:20.520895,B,llm_agent,voice,make_payment,0.929,2,4,42,700,0,0,none,59,1
B-00317,2023-10-24 08:56:55.570655,B,llm_agent,voice,loan_inquiry,0.754,2,1,98,427,0,0,none,227,1
B-00318,2023-07-24 15:08:06.586037,B,llm_agent,mobile_app,loan_inquiry,0.884,1,2,53,368,0,0,none,627,1
B-00319,2023-07-21 14:15:16.263355,B,llm_agent,mobile_app,investment_advice,0.662,2,6,59,1030,0,1,low_confidence,535,1
B-00320,2023-11-13 16:43:20.424983,B,llm_agent,voice,make_payment,0.586,1,2,97,415,0,1,low_confidence,336,0
B-00321,2023-12-24 07:33:30.375476,B,llm_agent,voice,check_balance,0.917,1,4,40,1074,0,0,none,657,1
B-00322,2023-09-26 20:43:20.331862,B,llm_agent,chat,card_management,0.495,4,3,60,982,0,0,none,239,1
B-00323,2023-11-25 22:57:59.863039,B,llm_agent,chat,document_request,0.509,3,6,184,1290,0,0,none,389,1
B-00324,2023-07-20 13:12:05.758893,B,llm_agent,mobile_app,loan_inquiry,0.834,1,1,99,531,0,0,none,656,1
B-00325,2023-08-09 19:36:59.937664,B,llm_agent,voice,transfer_funds,0.901,1,3,43,1084,0,0,none,590,1
B-00326,2023-12-17 21:03:18.047525,B,llm_agent,mobile_app,profile_update,0.82,4,5,150,1148,0,0,none,222,1
B-00327,2023-12-04 06:17:46.437184,B,llm_agent,chat,transfer_funds,0.696,1,2,17,653,0,0,none,159,1
B-00328,2023-09-20 22:24:42.344441,B,llm_agent,voice,investment_advice,0.646,4,6,150,2067,0,0,none,46,0
B-00329,2023-12-28 05:45:52.446068,B,llm_agent,chat,credit_inquiry,0.284,3,5,113,2513,0,0,none,131,0
B-00330,2023-11-25 22:52:39.101486,B,llm_agent,voice,transfer_funds,0.918,2,1,32,495,0,0,none,512,1
B-00331,2023-09-25 22:07:00.720257,B,llm_agent,chat,card_management,0.577,2,6,112,2931,0,0,none,60,1
B-00332,2023-08-10 04:21:38.681489,B,llm_agent,mobile_app,account_balance_check,0.82,3,3,180,2439,0,0,none,147,1
B-00333,2023-09-11 22:06:33.470697,B,llm_agent,mobile_app,profile_update,0.715,3,4,124,1699,0,0,none,579,1
B-00334,2023-10-11 07:37:20.838709,B,llm_agent,voice,update_address,0.944,2,3,32,942,0,0,none,639,1
B-00335,2023-08-01 15:57:32.225382,B,llm_agent,voice,check_balance,0.595,1,4,59,235,0,0,none,214,1
B-00336,2023-08-09 03:03:48.586994,B,llm_agent,voice,profile_update,0.385,3,5,108,2151,0,0,none,563,1
B-00337,2023-09-15 02:56:40.202956,B,llm_agent,chat,credit_inquiry,0.316,3,4,127,1318,0,0,none,122,1
B-00338,2023-08-18 07:15:48.578612,B,llm_agent,mobile_app,loan_inquiry,0.648,2,4,71,277,0,0,none,96,1
B-00339,2023-09-04 17:17:16.973778,B,llm_agent,chat,insurance_claim,0.354,2,4,128,1926,0,0,none,51,1
B-00340,2023-12-15 00:09:50.680248,B,llm_agent,voice,check_balance,0.96,2,2,73,687,0,0,none,640,1
B-00341,2023-10-30 15:28:06.271102,B,llm_agent,chat,dispute_charge,0.789,1,4,104,833,0,0,none,383,0
B-00342,2023-10-28 09:58:58.123542,B,llm_agent,voice,investment_advice,0.747,2,3,170,1476,0,1,low_confidence,186,1
B-00343,2023-11-25 06:41:48.473826,B,llm_agent,chat,fund_movement,0.776,2,3,73,2014,0,0,none,116,1
B-00344,2023-10-09 15:46:34.097119,B,llm_agent,voice,dispute_charge,0.886,1,4,48,380,0,0,none,38,1
B-00345,2023-09-30 02:10:40.415916,B,llm_agent,voice,dispute_charge,0.91,1,1,18,921,0,0,none,361,0
B-00346,2023-08-11 05:13:58.588308,B,llm_agent,mobile_app,investment_advice,0.734,2,7,196,1078,0,0,none,157,0
B-00347,2023-12-30 21:28:02.638844,B,llm_agent,voice,dispute_charge,0.889,2,2,7,1099,0,0,none,596,1
B-00348,2023-11-10 04:35:56.374357,B,llm_agent,mobile_app,insurance_claim,0.611,2,6,61,2306,0,0,none,192,1
B-00349,2023-11-02 19:29:50.781117,B,llm_agent,mobile_app,transfer_funds,0.699,2,1,23,1133,0,0,none,566,1
B-00350,2023-08-31 16:31:44.685526,B,llm_agent,voice,unknown,0.355,3,7,127,1570,1,0,none,291,1
B-00351,2023-08-06 07:32:42.309617,B,llm_agent,voice,check_balance,0.559,2,2,62,311,0,0,none,504,1
B-00352,2023-11-05 12:35:42.430761,B,llm_agent,voice,freeze_card,0.571,1,1,50,864,0,0,none,206,0
B-00353,2023-09-17 16:42:12.500849,B,llm_agent,mobile_app,fund_movement,0.687,2,6,78,2199,0,0,none,233,1
B-00354,2023-10-21 04:43:25.769468,B,llm_agent,mobile_app,make_payment,0.613,2,1,107,549,0,0,none,468,1
B-00355,2023-07-22 12:30:07.405375,B,llm_agent,voice,request_statement,0.82,2,1,79,1119,0,0,none,264,1
B-00356,2023-12-03 06:22:05.216415,B,llm_agent,chat,credit_inquiry,0.521,3,3,88,2328,0,0,none,296,0
B-00357,2023-11-18 21:32:33.053599,B,llm_agent,chat,freeze_card,0.936,2,3,61,608,0,0,none,668,1
B-00358,2023-11-21 12:24:56.866279,B,llm_agent,voice,insurance_claim,0.557,4,4,45,2156,0,0,none,340,0
B-00359,2023-11-16 11:32:35.417686,B,llm_agent,mobile_app,credit_inquiry,0.457,4,4,157,2525,0,1,customer_request,511,1
B-00360,2023-08-11 19:02:11.762861,B,llm_agent,chat,check_balance,0.744,1,2,71,881,0,0,none,499,1
B-00361,2023-07-04 13:11:50.653712,B,llm_agent,voice,insurance_claim,0.665,4,6,199,936,0,0,none,413,0
B-00362,2023-10-17 16:58:34.964920,B,llm_agent,voice,loan_inquiry,0.892,1,3,22,1163,0,0,none,411,1
B-00363,2023-10-07 23:16:53.138973,B,llm_agent,voice,freeze_card,0.779,1,3,113,901,0,0,none,654,1
B-00364,2023-09-30 19:34:09.910745,B,llm_agent,mobile_app,loan_inquiry,0.946,2,2,90,395,0,0,none,190,1
B-00365,2023-09-15 10:41:58.193908,B,llm_agent,voice,request_statement,0.752,2,1,103,850,0,0,none,674,1
B-00366,2023-10-20 16:18:13.058064,B,llm_agent,chat,credit_inquiry,0.537,4,3,197,2043,0,0,none,636,0
B-00367,2023-10-07 17:33:48.133730,B,llm_agent,voice,credit_inquiry,0.548,3,4,89,2717,0,0,none,224,1
B-00368,2023-11-16 04:49:43.192607,B,llm_agent,voice,make_payment,0.888,1,3,20,949,0,0,none,68,0
B-00369,2023-12-06 10:38:12.044968,B,llm_agent,voice,account_balance_check,0.647,3,7,195,1602,0,1,low_confidence,176,1
B-00370,2023-08-01 21:30:43.231857,B,llm_agent,chat,transaction_dispute,0.777,3,4,43,2829,0,0,none,414,1
B-00371,2023-10-13 03:08:40.536965,B,llm_agent,voice,check_balance,0.729,1,3,76,597,0,0,none,620,0
B-00372,2023-10-05 02:13:00.685928,B,llm_agent,mobile_app,payment_processing,0.799,2,5,140,1922,0,0,none,304,1
B-00373,2023-10-18 14:46:23.943753,B,llm_agent,chat,loan_inquiry,0.664,1,3,106,509,0,0,none,306,0
B-00374,2023-08-02 16:13:11.684189,B,llm_agent,chat,unknown,0.333,4,4,93,2206,1,0,none,576,1
B-00375,2023-08-05 01:18:56.012948,B,llm_agent,chat,loan_inquiry,0.691,1,1,29,677,0,0,none,627,0
B-00376,2023-08-27 20:57:59.984026,B,llm_agent,voice,profile_update,0.226,2,4,86,2640,0,0,none,716,1
B-00377,2023-09-26 15:42:37.925300,B,llm_agent,voice,profile_update,0.198,4,3,183,1247,0,0,none,79,1
B-00378,2023-08-28 06:51:38.157296,B,llm_agent,voice,check_balance,0.935,2,2,99,507,0,0,none,437,1
B-00379,2023-09-10 15:11:59.223940,B,llm_agent,chat,transaction_dispute,0.565,2,6,111,1964,0,0,none,291,1
B-00380,2023-07-18 20:39:07.204403,B,llm_agent,chat,unknown,0.72,4,6,66,2882,1,0,none,319,0
B-00381,2023-10-06 08:39:51.382742,B,llm_agent,voice,payment_processing,0.689,2,6,95,1942,0,0,none,110,1
B-00382,2023-08-04 19:43:57.836485,B,llm_agent,chat,freeze_card,0.518,1,1,89,629,0,0,none,377,1
B-00383,2023-11-28 10:43:30.773241,B,llm_agent,mobile_app,dispute_charge,0.896,2,2,52,984,0,0,none,339,1
B-00384,2023-10-06 02:39:09.345062,B,llm_agent,voice,account_balance_check,0.7,4,7,135,1095,0,0,none,365,1
B-00385,2023-08-27 16:51:09.997874,B,llm_agent,voice,transfer_funds,0.804,1,2,59,463,0,0,none,592,0
B-00386,2023-08-28 16:40:20.973924,B,llm_agent,chat,update_address,0.824,1,4,50,903,0,0,none,536,1
B-00387,2023-08-10 00:09:53.499605,B,llm_agent,voice,account_balance_check,0.324,4,5,134,828,0,0,none,141,1
B-00388,2023-09-13 20:33:12.258363,B,llm_agent,chat,transfer_funds,0.719,1,2,80,754,0,0,none,33,1
B-00389,2023-12-05 03:45:22.108704,B,llm_agent,voice,make_payment,0.693,2,1,44,1065,0,0,none,226,0
B-00390,2023-09-23 22:56:06.365048,B,llm_agent,mobile_app,payment_processing,0.409,4,4,109,1103,0,1,unresolved,599,1
B-00391,2023-10-24 16:10:05.757915,B,llm_agent,voice,fund_movement,0.554,3,3,134,2193,0,1,unresolved,691,1
B-00392,2023-12-04 10:26:41.849301,B,llm_agent,voice,request_statement,0.816,1,2,27,507,0,1,customer_request,366,1
B-00393,2023-10-29 16:28:24.617667,B,llm_agent,voice,check_balance,0.864,2,2,40,969,0,0,none,41,1
B-00394,2023-07-13 02:52:41.049496,B,llm_agent,chat,document_request,0.682,4,4,186,1642,0,0,none,383,1
B-00395,2023-09-14 06:49:16.053351,B,llm_agent,voice,update_address,0.391,2,4,110,864,0,1,low_confidence,531,0
B-00396,2023-08-03 17:16:24.970100,B,llm_agent,voice,document_request,0.644,2,7,53,1584,0,0,none,605,1
B-00397,2023-09-03 14:25:50.519035,B,llm_agent,voice,profile_update,0.414,2,3,83,1151,0,0,none,92,1
B-00398,2023-10-22 01:02:00.850183,B,llm_agent,mobile_app,transfer_funds,0.756,1,2,73,533,0,0,none,50,1
B-00399,2023-07-30 21:28:30.281916,B,llm_agent,voice,freeze_card,0.69,2,3,68,1130,0,0,none,686,1
B-00400,2023-09-14 00:44:22.920041,B,llm_agent,voice,transfer_funds,0.887,2,1,9,898,0,0,none,667,1
B-00401,2023-10-30 12:10:52.674156,B,llm_agent,voice,payment_processing,0.856,2,6,52,2075,0,0,none,576,1
B-00402,2023-09-23 17:57:05.173501,B,llm_agent,mobile_app,make_payment,0.66,2,4,14,885,0,0,none,71,1
B-00403,2023-10-29 17:01:40.898081,B,llm_agent,voice,freeze_card,0.877,1,1,102,630,0,0,none,226,1
B-00404,2023-12-29 16:48:26.280514,B,llm_agent,chat,transfer_funds,0.937,1,1,50,227,0,0,none,309,1
B-00405,2023-08-23 17:50:27.763141,B,llm_agent,voice,update_address,0.938,2,1,88,906,0,0,none,593,1
B-00406,2023-12-05 08:56:40.706095,B,llm_agent,voice,loan_inquiry,0.914,1,1,79,1009,0,1,unresolved,662,1
B-00407,2023-09-10 11:52:09.236311,B,llm_agent,mobile_app,update_address,0.705,2,4,89,458,0,0,none,414,1
B-00408,2023-12-20 15:18:14.358838,B,llm_agent,voice,make_payment,0.953,1,4,79,1175,0,0,none,654,0
B-00409,2023-12-04 11:12:32.148602,B,llm_agent,chat,transfer_funds,0.354,2,4,45,442,0,0,none,377,1
B-00410,2023-11-11 04:15:37.293111,B,llm_agent,mobile_app,make_payment,0.614,1,4,11,368,0,0,none,248,1
B-00411,2023-10-16 00:30:56.025646,B,llm_agent,voice,freeze_card,0.632,1,4,96,531,0,0,none,508,1
B-00412,2023-09-08 08:21:13.603553,B,llm_agent,voice,unknown,0.391,3,5,148,1652,1,1,timeout,76,1
B-00413,2023-09-07 21:36:06.584529,B,llm_agent,chat,account_balance_check,0.307,3,3,128,1002,0,0,none,364,1
B-00414,2023-11-19 06:44:37.259912,B,llm_agent,voice,request_statement,0.878,1,4,21,424,0,0,none,447,1
B-00415,2023-09-04 02:38:48.121372,B,llm_agent,chat,investment_advice,0.483,3,5,122,2139,0,0,none,367,1
B-00416,2023-12-18 08:17:38.581026,B,llm_agent,voice,credit_inquiry,0.414,3,5,126,2006,0,0,none,535,0
B-00417,2023-07-01 17:56:17.365660,B,llm_agent,chat,card_management,0.753,3,3,152,2694,0,0,none,313,1
B-00418,2023-11-27 04:25:15.715997,B,llm_agent,voice,check_balance,0.778,2,1,112,789,0,0,none,654,1
B-00419,2023-11-17 04:30:30.421999,B,llm_agent,voice,payment_processing,0.142,2,4,47,2077,0,0,none,502,1
B-00420,2023-10-02 19:22:53.214276,B,llm_agent,voice,check_balance,0.796,2,3,60,322,0,0,none,54,0
B-00421,2023-12-09 03:26:50.205847,B,llm_agent,chat,transaction_dispute,0.664,4,6,169,1413,0,0,none,154,1
B-00422,2023-07-08 18:58:06.336043,B,llm_agent,voice,update_address,0.671,2,2,17,674,0,0,none,233,0
B-00423,2023-09-25 21:08:19.416288,B,llm_agent,mobile_app,transfer_funds,0.877,1,2,31,766,0,0,none,162,1
B-00424,2023-07-02 19:56:44.162350,B,llm_agent,voice,account_balance_check,0.438,2,6,98,2001,0,0,none,581,1
B-00425,2023-08-13 18:47:47.707579,B,llm_agent,chat,make_payment,0.694,2,3,51,601,0,0,none,41,1
B-00426,2023-11-19 12:47:11.311548,B,llm_agent,voice,request_statement,0.795,1,3,8,910,0,0,none,581,0
B-00427,2023-09-09 09:44:20.769210,B,llm_agent,voice,account_balance_check,0.434,4,4,49,2694,0,0,none,293,1
B-00428,2023-09-08 16:20:20.799758,B,llm_agent,voice,account_balance_check,0.277,2,5,182,2673,0,1,unresolved,428,1
B-00429,2023-09-17 18:41:33.159280,B,llm_agent,voice,unknown,0.569,2,6,150,1077,1,1,customer_request,163,0
B-00430,2023-11-03 22:13:08.726277,B,llm_agent,mobile_app,profile_update,0.409,3,5,189,2757,0,1,low_confidence,73,0
B-00431,2023-10-23 17:58:10.470701,B,llm_agent,mobile_app,request_statement,0.849,1,3,16,924,0,0,none,706,1
B-00432,2023-12-02 11:20:47.718952,B,llm_agent,chat,fund_movement,0.323,3,6,70,2087,0,0,none,434,1
B-00433,2023-10-24 13:47:30.634561,B,llm_agent,voice,make_payment,0.793,2,4,59,899,0,0,none,394,1
B-00434,2023-12-17 15:25:35.581112,B,llm_agent,mobile_app,credit_inquiry,0.369,3,5,164,1671,0,0,none,599,0
B-00435,2023-11-29 12:42:17.115296,B,llm_agent,chat,dispute_charge,0.721,2,2,80,836,0,1,low_confidence,241,1
B-00436,2023-08-02 02:57:07.931760,B,llm_agent,voice,investment_advice,0.692,3,4,69,1134,0,1,low_confidence,44,1
B-00437,2023-08-07 12:49:21.954471,B,llm_agent,chat,transaction_dispute,0.359,4,7,164,2120,0,0,none,332,1
B-00438,2023-07-09 20:19:46.506508,B,llm_agent,voice,transaction_dispute,0.746,4,7,163,2315,0,0,none,176,0
B-00439,2023-11-21 03:31:34.010229,B,llm_agent,chat,update_address,0.795,2,1,100,1174,0,0,none,56,0
B-00440,2023-09-07 08:04:11.628224,B,llm_agent,voice,make_payment,0.767,2,2,31,1062,0,0,none,615,1
B-00441,2023-11-23 21:56:03.402993,B,llm_agent,voice,make_payment,0.933,2,2,31,1087,0,0,none,572,1
B-00442,2023-11-08 10:53:18.523574,B,llm_agent,chat,check_balance,0.943,2,4,33,838,0,0,none,191,1
B-00443,2023-12-02 06:26:06.092428,B,llm_agent,voice,transaction_dispute,0.317,4,5,108,1221,0,0,none,665,1
B-00444,2023-09-29 02:41:36.853316,B,llm_agent,voice,profile_update,0.691,2,6,80,1551,0,0,none,70,1
B-00445,2023-11-27 07:38:57.075816,B,llm_agent,voice,dispute_charge,0.961,1,3,100,997,0,0,none,81,1
B-00446,2023-12-17 22:21:53.062393,B,llm_agent,voice,request_statement,0.95,1,1,109,993,0,0,none,526,0
B-00447,2023-11-22 12:17:30.975583,B,llm_agent,chat,payment_processing,0.353,2,7,164,1571,0,1,unresolved,189,1
B-00448,2023-08-01 04:32:53.968906,B,llm_agent,voice,credit_inquiry,0.465,4,4,109,2062,0,0,none,564,1
B-00449,2023-08-10 20:57:18.482608,B,llm_agent,voice,profile_update,0.411,2,7,92,2774,0,0,none,450,1
B-00450,2023-10-04 01:35:01.700689,B,llm_agent,voice,update_address,0.8,1,4,12,546,0,0,none,305,1
B-00451,2023-09-27 21:02:03.478059,B,llm_agent,voice,make_payment,0.957,2,2,12,1183,0,0,none,348,0
B-00452,2023-11-02 17:53:47.435387,B,llm_agent,voice,check_balance,0.832,1,1,9,267,0,0,none,527,0
B-00453,2023-08-22 15:27:04.522329,B,llm_agent,voice,account_balance_check,0.866,4,5,141,2688,0,0,none,683,0
B-00454,2023-11-10 07:36:31.433150,B,llm_agent,chat,transaction_dispute,0.493,4,6,118,1583,0,0,none,424,1
B-00455,2023-11-18 08:55:12.554342,B,llm_agent,voice,payment_processing,0.785,3,4,83,2094,0,0,none,500,1
B-00456,2023-11-14 14:13:43.455480,B,llm_agent,chat,dispute_charge,0.94,2,1,90,264,0,0,none,200,0
B-00457,2023-10-21 13:04:43.186601,B,llm_agent,voice,payment_processing,0.247,3,5,108,1790,0,0,none,193,1
B-00458,2023-11-20 23:02:04.558442,B,llm_agent,voice,unknown,0.382,4,7,196,1958,1,1,low_confidence,317,1
B-00459,2023-12-01 14:24:37.222890,B,llm_agent,voice,transaction_dispute,0.495,3,6,63,1917,0,0,none,304,1
B-00460,2023-07-14 20:48:09.325173,B,llm_agent,voice,unknown,0.78,2,7,79,931,1,1,unresolved,451,0
B-00461,2023-09-26 03:58:55.639928,B,llm_agent,voice,transaction_dispute,0.711,4,6,110,2702,0,0,none,667,0
B-00462,2023-07-30 22:25:16.040038,B,llm_agent,voice,check_balance,0.688,2,1,53,289,0,0,none,616,1
B-00463,2023-12-25 16:52:59.098577,B,llm_agent,voice,check_balance,0.706,1,3,97,576,0,1,low_confidence,633,1
B-00464,2023-08-21 21:53:05.711894,B,llm_agent,voice,profile_update,0.645,4,3,45,2534,0,0,none,195,1
B-00465,2023-07-16 08:03:57.092522,B,llm_agent,voice,loan_inquiry,0.887,1,2,23,1053,0,0,none,212,1
B-00466,2023-11-03 14:33:17.876260,B,llm_agent,chat,credit_inquiry,0.594,4,3,153,1454,0,0,none,119,1
B-00467,2023-08-30 22:43:26.347717,B,llm_agent,voice,payment_processing,0.587,2,4,102,2356,0,1,customer_request,568,1
B-00468,2023-07-23 20:43:57.813588,B,llm_agent,voice,transfer_funds,0.945,1,2,57,501,0,0,none,629,0
B-00469,2023-10-13 05:21:30.178825,B,llm_agent,voice,request_statement,0.862,1,4,103,1095,0,1,customer_request,265,0
B-00470,2023-07-29 03:50:37.855552,B,llm_agent,chat,fund_movement,0.204,2,4,124,1729,0,0,none,687,1
B-00471,2023-07-29 03:01:55.746253,B,llm_agent,chat,payment_processing,0.284,2,4,125,2468,0,1,unresolved,639,1
B-00472,2023-08-21 11:32:25.689572,B,llm_agent,chat,payment_processing,0.162,4,7,179,2546,0,1,low_confidence,66,1
B-00473,2023-09-07 18:01:39.578673,B,llm_agent,voice,investment_advice,0.304,2,3,126,1031,0,1,customer_request,458,1
B-00474,2023-12-28 21:10:08.041242,B,llm_agent,chat,loan_inquiry,0.739,1,2,28,866,0,0,none,693,0
B-00475,2023-07-19 22:41:47.256749,B,llm_agent,chat,check_balance,0.927,1,2,73,402,0,0,none,36,1
B-00476,2023-07-06 03:04:41.053721,B,llm_agent,voice,make_payment,0.724,2,1,26,1155,0,0,none,542,1
B-00477,2023-11-10 16:08:15.506369,B,llm_agent,chat,make_payment,0.842,1,2,15,553,0,0,none,157,0
B-00478,2023-11-04 20:36:39.486764,B,llm_agent,mobile_app,loan_inquiry,0.891,2,2,21,1154,0,0,none,666,1
B-00479,2023-07-06 18:30:24.175700,B,llm_agent,voice,payment_processing,0.678,3,5,171,1106,0,0,none,709,1
B-00480,2023-10-22 09:52:36.240429,B,llm_agent,voice,transaction_dispute,0.393,4,3,62,1530,0,0,none,47,1
B-00481,2023-12-04 20:50:19.472654,B,llm_agent,voice,update_address,0.761,2,3,33,726,0,0,none,533,1
B-00482,2023-07-10 03:24:52.125454,B,llm_agent,chat,request_statement,0.637,1,3,14,1075,0,0,none,680,0
B-00483,2023-11-10 22:01:26.126493,B,llm_agent,chat,unknown,0.741,3,7,62,2646,1,0,none,326,1
B-00484,2023-12-20 21:43:47.906403,B,llm_agent,voice,freeze_card,0.839,1,3,74,604,0,0,none,154,0
B-00485,2023-12-07 02:02:35.628145,B,llm_agent,chat,loan_inquiry,0.716,2,3,51,1154,0,0,none,526,1
B-00486,2023-08-20 20:01:36.178923,B,llm_agent,chat,transaction_dispute,0.386,4,5,136,2687,0,0,none,84,1
B-00487,2023-10-29 11:52:45.814157,B,llm_agent,chat,unknown,0.928,3,7,146,1982,1,0,none,702,1
B-00488,2023-08-14 21:35:36.361329,B,llm_agent,mobile_app,profile_update,0.355,2,4,118,976,0,0,none,624,1
B-00489,2023-11-28 01:42:52.022555,B,llm_agent,voice,insurance_claim,0.697,4,5,114,2818,0,0,none,704,0
B-00490,2023-10-05 18:49:01.157325,B,llm_agent,voice,loan_inquiry,0.967,2,2,45,222,0,0,none,579,1
B-00491,2023-10-22 21:57:58.676137,B,llm_agent,voice,check_balance,0.868,2,4,33,211,0,0,none,509,0
B-00492,2023-08-27 20:04:47.297272,B,llm_agent,voice,dispute_charge,0.958,1,2,95,624,0,0,none,338,1
B-00493,2023-11-21 14:49:13.106140,B,llm_agent,voice,fund_movement,0.281,3,6,66,1623,0,0,none,84,1
B-00494,2023-07-28 23:26:58.791284,B,llm_agent,chat,card_management,0.371,3,3,115,909,0,0,none,615,1
B-00495,2023-11-09 02:57:38.481103,B,llm_agent,voice,update_address,0.89,1,3,43,1088,0,0,none,287,1
B-00496,2023-11-08 05:03:49.655235,B,llm_agent,voice,insurance_claim,0.684,2,5,194,2111,0,0,none,639,1
B-00497,2023-07-29 12:34:33.855799,B,llm_agent,chat,check_balance,0.935,2,1,38,668,0,0,none,189,1
B-00498,2023-09-12 06:33:08.969788,B,llm_agent,mobile_app,document_request,0.628,3,3,51,2327,0,1,customer_request,36,1
B-00499,2023-11-24 22:39:40.179994,B,llm_agent,mobile_app,investment_advice,0.316,3,6,48,1110,0,0,none,257,1
B-00500,2023-11-23 12:31:06.385198,B,llm_agent,voice,check_balance,0.767,1,2,96,420,0,0,none,72,1
B-00501,2023-12-16 07:49:20.580175,B,llm_agent,chat,account_balance_check,0.263,2,5,88,2505,0,0,none,554,0
B-00502,2023-12-19 23:21:48.686991,B,llm_agent,voice,transaction_dispute,0.24,4,4,96,1062,0,0,none,434,1
B-00503,2023-12-15 16:41:18.223178,B,llm_agent,voice,make_payment,0.863,1,1,112,413,0,0,none,155,1
B-00504,2023-11-04 18:31:55.486286,B,llm_agent,chat,transfer_funds,0.953,1,3,108,1094,0,1,unresolved,59,1
B-00505,2023-08-07 00:30:11.107047,B,llm_agent,voice,check_balance,0.841,1,3,72,1010,0,0,none,40,1
B-00506,2023-07-01 05:09:27.306599,B,llm_agent,voice,dispute_charge,0.829,2,4,84,1013,0,0,none,471,0
B-00507,2023-11-13 06:38:25.210415,B,llm_agent,voice,dispute_charge,0.935,2,4,19,564,0,0,none,491,1
B-00508,2023-07-06 03:20:37.582547,B,llm_agent,chat,account_balance_check,0.421,3,5,58,1324,0,1,customer_request,267,1
B-00509,2023-07-29 06:57:58.339966,B,llm_agent,voice,transaction_dispute,0.667,3,7,145,885,0,0,none,633,1
B-00510,2023-10-28 14:43:54.090910,B,llm_agent,voice,make_payment,0.886,2,2,7,763,0,0,none,377,1
B-00511,2023-10-13 15:09:55.552407,B,llm_agent,chat,transaction_dispute,0.259,2,3,90,1620,0,0,none,462,1
B-00512,2023-10-27 12:43:43.145171,B,llm_agent,chat,make_payment,0.666,2,1,106,775,0,0,none,662,1
B-00513,2023-11-05 13:43:02.334720,B,llm_agent,chat,transfer_funds,0.936,2,2,26,821,0,0,none,111,1
B-00514,2023-12-08 20:19:45.975757,B,llm_agent,voice,check_balance,0.885,1,4,24,430,0,0,none,543,1
B-00515,2023-09-28 07:42:48.596532,B,llm_agent,mobile_app,make_payment,0.864,1,4,30,1143,0,0,none,368,1
B-00516,2023-09-03 15:05:31.654778,B,llm_agent,voice,loan_inquiry,0.852,2,2,21,607,0,0,none,278,0
B-00517,2023-11-05 02:29:02.886267,B,llm_agent,voice,check_balance,0.647,2,2,95,969,0,0,none,484,1
B-00518,2023-09-21 16:23:25.327451,B,llm_agent,chat,document_request,0.493,2,6,88,954,0,1,unresolved,652,1
B-00519,2023-07-02 12:20:00.331506,B,llm_agent,chat,insurance_claim,0.438,3,3,131,1689,0,0,none,680,1
B-00520,2023-08-10 00:53:21.617535,B,llm_agent,mobile_app,document_request,0.238,3,4,100,2968,0,0,none,362,1
B-00521,2023-10-16 10:20:07.010146,B,llm_agent,chat,account_balance_check,0.443,3,5,76,1795,0,1,low_confidence,395,1
B-00522,2023-11-10 04:03:01.215197,B,llm_agent,chat,loan_inquiry,0.775,1,1,60,375,0,0,none,292,1
B-00523,2023-10-05 21:34:57.418698,B,llm_agent,chat,credit_inquiry,0.212,4,5,51,1509,0,0,none,675,1
B-00524,2023-07-19 18:15:39.069266,B,llm_agent,mobile_app,transaction_dispute,0.434,4,5,184,1261,0,1,timeout,678,1
B-00525,2023-10-29 10:45:56.665333,B,llm_agent,chat,profile_update,0.7,4,6,156,1411,0,0,none,375,0
B-00526,2023-09-13 01:59:47.660973,B,llm_agent,voice,update_address,0.966,1,2,58,995,0,0,none,44,0
B-00527,2023-08-11 16:30:45.165460,B,llm_agent,voice,update_address,0.807,2,3,15,578,0,0,none,281,0
B-00528,2023-09-07 09:00:53.058223,B,llm_agent,chat,check_balance,0.651,2,4,24,1108,0,0,none,409,1
B-00529,2023-11-03 04:25:39.218192,B,llm_agent,voice,transaction_dispute,0.847,2,3,184,2032,0,1,customer_request,592,0
B-00530,2023-10-12 20:34:49.234579,B,llm_agent,mobile_app,check_balance,0.867,1,2,47,421,0,0,none,676,0
B-00531,2023-08-24 09:52:19.077800,B,llm_agent,chat,freeze_card,0.646,2,2,92,954,0,0,none,77,1
B-00532,2023-12-05 10:12:17.208700,B,llm_agent,voice,card_management,0.645,3,7,85,1108,0,0,none,675,1
B-00533,2023-11-28 03:04:15.269378,B,llm_agent,mobile_app,check_balance,0.863,1,1,47,629,0,0,none,175,1
B-00534,2023-07-08 18:14:22.212496,B,llm_agent,voice,unknown,0.417,2,5,52,1786,1,0,none,137,1
B-00535,2023-11-20 23:53:10.444794,B,llm_agent,chat,check_balance,0.844,2,2,12,471,0,0,none,678,1
B-00536,2023-10-12 22:53:02.600309,B,llm_agent,voice,check_balance,0.834,2,4,7,1194,0,0,none,595,1
B-00537,2023-07-12 21:07:53.007302,B,llm_agent,mobile_app,payment_processing,0.543,2,3,109,1678,0,0,none,661,1
B-00538,2023-09-24 00:53:47.219652,B,llm_agent,voice,unknown,0.841,3,3,146,2300,1,1,customer_request,287,1
B-00539,2023-07-01 16:25:58.362212,B,llm_agent,voice,dispute_charge,0.954,2,4,51,1028,0,0,none,376,1
B-00540,2023-12-25 01:50:16.005860,B,llm_agent,voice,unknown,0.514,3,4,85,1746,1,0,none,561,0
B-00541,2023-11-09 21:26:24.562827,B,llm_agent,mobile_app,update_address,0.819,1,2,16,1059,0,0,none,482,0
B-00542,2023-12-09 13:34:46.972329,B,llm_agent,chat,freeze_card,0.762,1,3,6,853,0,0,none,33,1
B-00543,2023-10-03 09:27:14.218427,B,llm_agent,voice,loan_inquiry,0.661,1,2,44,1141,0,0,none,598,1
B-00544,2023-12-15 02:22:25.783920,B,llm_agent,mobile_app,check_balance,0.735,1,4,23,818,0,0,none,47,1
B-00545,2023-08-09 22:59:25.070114,B,llm_agent,voice,freeze_card,0.757,1,4,50,483,0,0,none,97,1
B-00546,2023-10-23 17:10:51.821216,B,llm_agent,chat,fund_movement,0.486,4,3,47,2984,0,1,customer_request,173,1
B-00547,2023-07-22 00:12:17.756033,B,llm_agent,voice,account_balance_check,0.348,4,4,180,1500,0,0,none,503,1
B-00548,2023-12-10 16:44:58.883034,B,llm_agent,chat,payment_processing,0.486,2,3,115,920,0,0,none,427,0
B-00549,2023-07-18 01:36:11.026564,B,llm_agent,mobile_app,credit_inquiry,0.662,4,4,105,2522,0,0,none,624,1
B-00550,2023-10-14 08:24:49.042240,B,llm_agent,voice,payment_processing,0.381,3,6,92,1364,0,1,low_confidence,679,1
B-00551,2023-10-11 04:30:14.057605,B,llm_agent,voice,unknown,0.434,3,7,72,1009,1,0,none,114,1
B-00552,2023-07-31 19:12:27.436325,B,llm_agent,chat,profile_update,0.529,2,7,46,2995,0,0,none,591,1
B-00553,2023-10-09 01:54:08.191769,B,llm_agent,voice,profile_update,0.556,3,6,52,1519,0,1,timeout,559,1
B-00554,2023-09-15 11:23:29.903387,B,llm_agent,chat,card_management,0.366,2,5,160,2214,0,0,none,152,1
B-00555,2023-07-08 18:35:19.700888,B,llm_agent,mobile_app,make_payment,0.64,1,3,63,290,0,0,none,44,1
B-00556,2023-11-12 19:15:41.170158,B,llm_agent,chat,update_address,0.986,2,1,79,373,0,0,none,158,1
B-00557,2023-08-30 22:35:26.364574,B,llm_agent,voice,make_payment,0.907,1,3,22,908,0,0,none,508,1
B-00558,2023-07-30 11:22:28.942156,B,llm_agent,voice,investment_advice,0.286,3,6,107,2063,0,0,none,642,1
B-00559,2023-07-16 20:31:24.995443,B,llm_agent,voice,make_payment,0.867,2,3,114,733,0,0,none,229,1
B-00560,2023-11-03 21:44:25.584450,B,llm_agent,chat,payment_processing,0.722,2,5,135,2950,0,1,unresolved,541,0
B-00561,2023-09-15 18:52:41.665704,B,llm_agent,voice,request_statement,0.757,2,2,40,931,0,0,none,195,1
B-00562,2023-12-23 22:58:50.003018,B,llm_agent,voice,check_balance,0.923,1,2,59,255,0,0,none,429,1
B-00563,2023-12-22 23:38:14.216541,B,llm_agent,mobile_app,update_address,0.816,1,3,23,353,0,0,none,653,1
B-00564,2023-08-05 09:48:53.752316,B,llm_agent,voice,freeze_card,0.785,1,3,54,1019,0,0,none,63,1
B-00565,2023-07-19 05:14:37.028523,B,llm_agent,chat,investment_advice,0.646,2,7,113,2951,0,1,low_confidence,198,1
B-00566,2023-09-30 13:20:24.792742,B,llm_agent,chat,dispute_charge,0.76,1,2,66,379,0,0,none,131,1
B-00567,2023-08-03 20:22:03.708361,B,llm_agent,chat,freeze_card,0.571,1,1,116,874,0,1,unresolved,303,1
B-00568,2023-09-22 05:50:43.369919,B,llm_agent,voice,document_request,0.404,3,3,113,1173,0,0,none,423,0
B-00569,2023-07-23 12:22:03.591974,B,llm_agent,chat,payment_processing,0.594,2,7,62,1878,0,0,none,491,0
B-00570,2023-09-20 09:08:39.206287,B,llm_agent,mobile_app,account_balance_check,0.295,2,7,151,2570,0,0,none,613,1
B-00571,2023-07-22 16:21:54.937337,B,llm_agent,voice,transfer_funds,0.918,1,1,64,960,0,0,none,136,1
B-00572,2023-12-28 22:16:28.151632,B,llm_agent,voice,insurance_claim,0.517,3,4,84,1433,0,0,none,476,1
B-00573,2023-07-26 04:34:37.133750,B,llm_agent,chat,transfer_funds,0.656,2,4,43,896,0,0,none,587,0
B-00574,2023-07-28 13:55:27.247938,B,llm_agent,chat,credit_inquiry,0.468,2,7,99,2063,0,0,none,371,1
B-00575,2023-07-29 19:50:40.337858,B,llm_agent,voice,dispute_charge,0.854,2,2,102,987,0,0,none,460,1
B-00576,2023-09-04 18:48:11.252484,B,llm_agent,voice,transfer_funds,0.931,1,1,55,881,0,0,none,663,1
B-00577,2023-08-01 06:04:24.453445,B,llm_agent,voice,profile_update,0.436,2,4,160,1723,0,0,none,658,1
B-00578,2023-09-20 17:03:27.996247,B,llm_agent,chat,document_request,0.471,2,5,189,2727,0,0,none,64,1
B-00579,2023-09-14 13:34:12.729123,B,llm_agent,chat,make_payment,0.899,1,3,78,1146,0,0,none,445,0
B-00580,2023-11-15 22:35:51.846624,B,llm_agent,chat,credit_inquiry,0.647,3,3,52,2107,0,0,none,128,1
B-00581,2023-11-07 04:56:39.535226,B,llm_agent,voice,check_balance,0.945,1,4,94,442,0,0,none,44,1
B-00582,2023-12-14 04:55:15.066532,B,llm_agent,voice,check_balance,0.687,2,3,81,215,0,0,none,190,1
B-00583,2023-12-18 08:35:30.881929,B,llm_agent,voice,request_statement,0.825,1,3,26,316,0,0,none,155,1
B-00584,2023-08-21 02:24:20.819294,B,llm_agent,mobile_app,payment_processing,0.528,4,5,56,1175,0,0,none,36,1
B-00585,2023-08-11 17:15:11.107971,B,llm_agent,voice,freeze_card,0.948,1,4,19,589,0,0,none,371,1
B-00586,2023-11-27 03:04:13.887143,B,llm_agent,voice,loan_inquiry,0.941,2,2,33,477,0,0,none,336,1
B-00587,2023-09-02 10:25:09.664808,B,llm_agent,mobile_app,check_balance,0.634,1,1,81,572,0,0,none,359,1
B-00588,2023-11-29 16:41:33.509147,B,llm_agent,voice,unknown,0.19,3,5,84,1663,1,1,low_confidence,299,1
B-00589,2023-12-26 10:37:43.264311,B,llm_agent,voice,check_balance,0.746,1,4,34,298,0,0,none,447,0
B-00590,2023-09-19 18:05:48.583633,B,llm_agent,voice,make_payment,0.786,1,4,117,364,0,0,none,125,0
B-00591,2023-12-07 18:17:07.717851,B,llm_agent,chat,update_address,0.552,1,1,41,948,0,0,none,173,1
B-00592,2023-09-13 04:15:13.334764,B,llm_agent,chat,transaction_dispute,0.752,2,7,169,1839,0,0,none,69,1
B-00593,2023-10-01 03:04:38.190975,B,llm_agent,voice,transfer_funds,0.559,2,3,28,1026,0,0,none,241,1
B-00594,2023-11-22 12:16:27.129026,B,llm_agent,chat,transfer_funds,0.603,2,1,115,462,0,0,none,85,1
B-00595,2023-12-02 23:17:51.772217,B,llm_agent,mobile_app,freeze_card,0.843,2,1,58,631,0,0,none,471,1
B-00596,2023-07-02 10:15:43.175528,B,llm_agent,chat,freeze_card,0.905,1,4,88,1049,0,0,none,342,1
B-00597,2023-07-12 17:56:06.143040,B,llm_agent,mobile_app,fund_movement,0.84,4,5,140,2787,0,0,none,387,1
B-00598,2023-11-07 20:52:11.160907,B,llm_agent,voice,investment_advice,0.472,3,5,47,1371,0,1,low_confidence,526,1
B-00599,2023-09-11 10:10:57.220733,B,llm_agent,voice,check_balance,0.766,1,1,60,1198,0,0,none,205,1
B-00600,2023-10-24 19:45:01.606156,B,llm_agent,voice,dispute_charge,0.81,1,1,84,281,0,0,none,128,1
B-00601,2023-09-04 21:15:01.056111,B,llm_agent,chat,payment_processing,0.449,4,3,81,1329,0,0,none,282,1
B-00602,2023-12-15 11:10:43.690706,B,llm_agent,mobile_app,check_balance,0.871,1,1,104,225,0,1,low_confidence,541,1
B-00603,2023-10-10 20:51:19.242520,B,llm_agent,voice,investment_advice,0.624,4,4,123,2876,0,0,none,113,1
B-00604,2023-09-21 15:37:44.789185,B,llm_agent,voice,loan_inquiry,0.879,1,1,38,752,0,0,none,146,1
B-00605,2023-12-10 17:31:31.450677,B,llm_agent,voice,payment_processing,0.577,3,7,149,2680,0,0,none,687,1
B-00606,2023-07-14 17:19:24.515272,B,llm_agent,chat,check_balance,0.587,1,3,37,1127,0,0,none,427,0
B-00607,2023-11-03 23:42:42.204401,B,llm_agent,voice,credit_inquiry,0.201,3,3,65,1454,0,0,none,620,1
B-00608,2023-08-14 13:29:11.764917,B,llm_agent,voice,card_management,0.695,3,6,167,2877,0,0,none,250,1
B-00609,2023-08-07 01:47:07.349253,B,llm_agent,voice,insurance_claim,0.743,2,4,65,2291,0,1,customer_request,495,1
B-00610,2023-09-23 18:10:15.067621,B,llm_agent,voice,fund_movement,0.301,4,4,122,2176,0,1,unresolved,109,1
B-00611,2023-12-02 09:14:49.023647,B,llm_agent,chat,profile_update,0.332,4,7,191,2292,0,0,none,671,1
B-00612,2023-09-16 05:19:10.569907,B,llm_agent,chat,transaction_dispute,0.286,2,5,56,2578,0,0,none,544,1
B-00613,2023-07-08 07:41:31.054129,B,llm_agent,chat,make_payment,0.925,1,2,9,416,0,0,none,705,1
B-00614,2023-09-27 14:57:42.142010,B,llm_agent,chat,transfer_funds,0.688,1,1,83,622,0,0,none,372,1
B-00615,2023-09-08 23:43:08.629717,B,llm_agent,voice,dispute_charge,0.846,1,4,25,655,0,0,none,86,0
B-00616,2023-10-19 03:48:47.462942,B,llm_agent,chat,document_request,0.843,4,5,108,2804,0,1,timeout,362,1
B-00617,2023-09-23 06:20:22.466148,B,llm_agent,chat,insurance_claim,0.745,4,4,123,2955,0,1,low_confidence,274,0
B-00618,2023-09-04 10:25:04.445204,B,llm_agent,chat,transaction_dispute,0.286,4,4,174,2728,0,0,none,354,0
B-00619,2023-12-16 23:58:15.112778,B,llm_agent,chat,fund_movement,0.764,4,5,90,2107,0,0,none,585,1
B-00620,2023-10-24 10:08:30.565936,B,llm_agent,voice,make_payment,0.93,2,3,103,301,0,0,none,195,1
B-00621,2023-11-06 18:02:26.857085,B,llm_agent,chat,dispute_charge,0.591,1,1,49,806,0,0,none,379,1
B-00622,2023-08-14 22:01:42.425074,B,llm_agent,voice,transaction_dispute,0.424,2,6,191,1431,0,1,customer_request,289,0
B-00623,2023-09-29 16:23:28.965802,B,llm_agent,voice,card_management,0.469,2,6,66,947,0,0,none,528,1
B-00624,2023-08-15 23:25:11.782438,B,llm_agent,voice,freeze_card,0.883,1,2,21,301,0,1,low_confidence,436,1
B-00625,2023-10-09 16:11:25.049723,B,llm_agent,mobile_app,credit_inquiry,0.302,3,6,155,1816,0,1,low_confidence,498,0
B-00626,2023-07-20 13:31:56.566445,B,llm_agent,voice,transfer_funds,0.96,2,2,48,252,0,1,customer_request,38,1
B-00627,2023-12-20 04:07:32.419819,B,llm_agent,mobile_app,check_balance,0.742,1,4,32,282,0,0,none,662,1
B-00628,2023-07-25 19:57:30.200250,B,llm_agent,chat,credit_inquiry,0.808,4,7,54,2323,0,1,low_confidence,714,1
B-00629,2023-08-27 14:59:03.564050,B,llm_agent,chat,investment_advice,0.431,3,5,71,2555,0,0,none,259,0
B-00630,2023-07-26 21:44:51.521329,B,llm_agent,voice,account_balance_check,0.692,4,7,144,2836,0,0,none,90,0
B-00631,2023-08-24 16:43:00.892125,B,llm_agent,chat,investment_advice,0.303,2,3,87,2189,0,0,none,86,1
B-00632,2023-07-17 22:49:14.242830,B,llm_agent,voice,card_management,0.236,4,4,59,2109,0,0,none,677,1
B-00633,2023-12-14 13:14:46.994636,B,llm_agent,voice,payment_processing,0.822,2,4,168,1971,0,1,timeout,614,1
B-00634,2023-09-02 05:24:10.500943,B,llm_agent,mobile_app,update_address,0.664,1,3,102,925,0,0,none,706,1
B-00635,2023-10-09 02:00:48.671592,B,llm_agent,voice,transfer_funds,0.89,2,4,46,281,0,0,none,441,1
B-00636,2023-10-16 21:49:51.255273,B,llm_agent,chat,update_address,0.733,2,1,117,680,0,0,none,700,1
B-00637,2023-08-05 23:16:00.404121,B,llm_agent,voice,make_payment,0.899,1,4,64,236,0,0,none,442,1
B-00638,2023-12-27 02:16:51.527110,B,llm_agent,voice,unknown,0.335,2,5,67,1989,1,0,none,656,1
B-00639,2023-12-10 22:43:06.971495,B,llm_agent,mobile_app,card_management,0.56,3,7,82,1868,0,0,none,707,1
B-00640,2023-08-07 08:54:24.135776,B,llm_agent,chat,check_balance,0.86,1,4,103,963,0,0,none,463,1
B-00641,2023-12-21 12:48:35.903988,B,llm_agent,chat,insurance_claim,0.537,3,5,182,1254,0,0,none,294,1
B-00642,2023-12-22 13:25:19.163042,B,llm_agent,mobile_app,update_address,0.661,1,1,52,1156,0,0,none,227,1
B-00643,2023-10-17 12:42:19.080350,B,llm_agent,voice,card_management,0.719,3,3,99,1262,0,0,none,316,1
B-00644,2023-07-16 07:49:46.479265,B,llm_agent,voice,profile_update,0.416,3,7,69,1460,0,0,none,284,0
B-00645,2023-07-06 09:17:37.115383,B,llm_agent,chat,insurance_claim,0.628,3,3,183,2048,0,0,none,263,1
B-00646,2023-10-09 15:53:29.752023,B,llm_agent,voice,check_balance,0.803,1,2,110,738,0,1,unresolved,616,1
B-00647,2023-10-13 06:15:36.195184,B,llm_agent,mobile_app,payment_processing,0.784,2,6,131,1519,0,0,none,569,1
B-00648,2023-12-10 18:47:11.112048,B,llm_agent,voice,transfer_funds,0.877,2,3,117,891,0,1,unresolved,169,1
B-00649,2023-11-10 05:22:14.991300,B,llm_agent,voice,check_balance,0.918,1,1,32,914,0,0,none,421,1
B-00650,2023-09-11 12:53:01.911142,B,llm_agent,voice,request_statement,0.925,2,3,41,867,0,0,none,101,1
B-00651,2023-11-13 13:19:49.341229,B,llm_agent,mobile_app,freeze_card,0.846,1,4,71,1044,0,0,none,387,1
B-00652,2023-11-11 11:23:30.187493,B,llm_agent,voice,update_address,0.838,1,4,51,655,0,0,none,123,1
B-00653,2023-09-07 03:29:37.734603,B,llm_agent,mobile_app,profile_update,0.472,4,6,174,1979,0,1,timeout,322,0
B-00654,2023-10-03 22:49:04.269339,B,llm_agent,voice,credit_inquiry,0.775,3,3,91,1752,0,0,none,663,1
B-00655,2023-10-23 03:39:16.250681,B,llm_agent,chat,update_address,0.594,1,4,58,1061,0,0,none,655,1
B-00656,2023-08-13 22:18:24.246472,B,llm_agent,voice,update_address,0.859,2,4,84,291,0,0,none,353,1
B-00657,2023-08-16 06:00:00.511962,B,llm_agent,voice,check_balance,0.731,2,2,63,574,0,0,none,600,1
B-00658,2023-09-30 05:25:50.685906,B,llm_agent,chat,transfer_funds,0.323,1,1,55,433,0,0,none,673,1
B-00659,2023-12-05 18:40:45.353498,B,llm_agent,voice,fund_movement,0.596,3,4,105,1298,0,0,none,650,1
B-00660,2023-11-07 19:18:01.370053,B,llm_agent,voice,account_balance_check,0.39,3,4,183,1696,0,1,unresolved,438,1
B-00661,2023-08-07 12:02:54.000054,B,llm_agent,voice,make_payment,0.913,1,4,41,764,0,0,none,316,1
B-00662,2023-07-08 12:06:13.625388,B,llm_agent,chat,check_balance,0.716,2,2,112,1125,0,0,none,326,0
B-00663,2023-12-19 08:25:22.048069,B,llm_agent,voice,transfer_funds,0.953,2,4,46,1060,0,0,none,55,0
B-00664,2023-08-28 19:40:21.388451,B,llm_agent,mobile_app,check_balance,0.947,2,2,5,989,0,0,none,215,0
B-00665,2023-10-02 03:10:14.052398,B,llm_agent,voice,card_management,0.856,4,5,59,2342,0,0,none,180,1
B-00666,2023-07-08 04:06:30.103642,B,llm_agent,chat,credit_inquiry,0.409,4,5,143,2602,0,1,low_confidence,264,1
B-00667,2023-09-11 20:35:13.459952,B,llm_agent,voice,transfer_funds,0.843,1,1,103,229,0,0,none,580,1
B-00668,2023-08-17 17:16:27.258000,B,llm_agent,voice,update_address,0.881,2,4,53,717,0,0,none,258,1
B-00669,2023-12-24 23:49:28.983839,B,llm_agent,voice,account_balance_check,0.767,2,3,178,2096,0,0,none,536,0
B-00670,2023-09-02 01:31:44.716754,B,llm_agent,chat,account_balance_check,0.559,2,5,129,2883,0,1,unresolved,223,1
B-00671,2023-07-31 22:32:31.183214,B,llm_agent,chat,check_balance,0.772,1,3,93,897,0,0,none,243,1
B-00672,2023-11-07 03:36:51.381664,B,llm_agent,voice,fund_movement,0.856,2,6,148,1534,0,0,none,135,1
B-00673,2023-09-09 09:30:38.701846,B,llm_agent,chat,credit_inquiry,0.538,2,7,182,2264,0,0,none,320,1
B-00674,2023-11-21 13:14:54.087111,B,llm_agent,voice,credit_inquiry,0.414,2,7,188,1182,0,1,low_confidence,141,1
B-00675,2023-07-05 16:57:03.749972,B,llm_agent,chat,account_balance_check,0.696,2,4,109,871,0,0,none,496,0
B-00676,2023-09-08 12:37:59.415765,B,llm_agent,mobile_app,loan_inquiry,0.528,1,2,34,826,0,0,none,404,1
B-00677,2023-07-04 13:29:59.282243,B,llm_agent,voice,fund_movement,0.448,2,3,199,1481,0,1,timeout,157,0
B-00678,2023-07-08 09:40:38.913347,B,llm_agent,chat,transfer_funds,0.67,1,4,60,917,0,0,none,511,1
B-00679,2023-08-28 19:58:16.924545,B,llm_agent,mobile_app,request_statement,0.844,1,4,31,1144,0,0,none,624,1
B-00680,2023-07-24 16:55:08.131756,B,llm_agent,chat,document_request,0.698,4,6,181,2998,0,0,none,44,1
B-00681,2023-10-06 21:53:27.264270,B,llm_agent,voice,unknown,0.603,3,6,57,1572,1,0,none,168,1
B-00682,2023-12-27 14:48:59.578658,B,llm_agent,voice,make_payment,0.814,1,2,40,741,0,0,none,276,1
B-00683,2023-12-13 11:23:39.784390,B,llm_agent,voice,make_payment,0.875,1,2,81,874,0,0,none,196,1
B-00684,2023-09-29 16:03:17.262455,B,llm_agent,mobile_app,update_address,0.871,2,4,59,1004,0,1,unresolved,228,1
B-00685,2023-09-19 10:46:05.386276,B,llm_agent,voice,freeze_card,0.727,2,4,101,699,0,0,none,699,1
B-00686,2023-12-12 15:13:59.966633,B,llm_agent,voice,check_balance,0.977,1,2,52,642,0,0,none,434,1
B-00687,2023-10-22 23:41:55.055621,B,llm_agent,voice,loan_inquiry,0.701,1,3,19,551,0,0,none,177,1
B-00688,2023-11-16 00:35:57.313533,B,llm_agent,chat,payment_processing,0.385,2,7,76,2802,0,1,unresolved,504,1
B-00689,2023-10-07 15:30:12.921761,B,llm_agent,voice,account_balance_check,0.802,3,5,68,2084,0,0,none,637,1
B-00690,2023-08-10 20:54:26.912470,B,llm_agent,voice,request_statement,0.785,1,4,20,1084,0,0,none,530,0
B-00691,2023-09-02 00:50:05.512998,B,llm_agent,voice,check_balance,0.771,2,2,50,1084,0,0,none,555,1
B-00692,2023-12-19 18:32:36.442506,B,llm_agent,voice,fund_movement,0.743,2,7,60,1300,0,0,none,412,1
B-00693,2023-10-07 03:20:55.289182,B,llm_agent,mobile_app,transfer_funds,0.611,1,2,20,787,0,0,none,384,1
B-00694,2023-09-02 08:22:08.688627,B,llm_agent,chat,payment_processing,0.702,4,3,195,2627,0,0,none,248,1
B-00695,2023-07-02 17:22:53.738069,B,llm_agent,voice,fund_movement,0.325,2,4,196,1459,0,0,none,47,1
B-00696,2023-09-10 09:17:13.194992,B,llm_agent,chat,insurance_claim,0.278,4,3,42,2358,0,1,unresolved,678,1
B-00697,2023-08-25 03:19:20.887437,B,llm_agent,voice,dispute_charge,0.951,2,3,114,742,0,0,none,383,1
B-00698,2023-09-15 05:17:56.122503,B,llm_agent,voice,document_request,0.45,4,3,63,1090,0,1,customer_request,233,0
B-00699,2023-09-27 23:40:43.433658,B,llm_agent,voice,profile_update,0.444,4,6,123,2369,0,1,customer_request,232,1
B-00700,2023-10-25 22:33:53.748340,B,llm_agent,voice,freeze_card,0.964,1,4,13,989,0,0,none,330,1
B-00701,2023-12-16 01:34:13.391703,B,llm_agent,voice,transaction_dispute,0.39,2,5,173,1229,0,0,none,345,1
B-00702,2023-10-12 19:24:10.698716,B,llm_agent,mobile_app,insurance_claim,0.267,3,3,51,1937,0,0,none,481,1
B-00703,2023-12-09 17:33:39.504254,B,llm_agent,voice,make_payment,0.985,1,1,60,406,0,0,none,489,1
B-00704,2023-12-27 22:26:27.519176,B,llm_agent,chat,update_address,0.838,2,1,15,583,0,0,none,471,1
B-00705,2023-07-08 16:29:22.457829,B,llm_agent,voice,fund_movement,0.625,2,6,43,1226,0,0,none,249,1
B-00706,2023-07-11 10:51:41.939072,B,llm_agent,chat,transfer_funds,0.815,1,2,114,663,0,1,unresolved,392,1
B-00707,2023-12-17 21:31:45.637634,B,llm_agent,chat,transaction_dispute,0.147,3,3,91,960,0,1,unresolved,132,0
B-00708,2023-07-13 19:07:23.161811,B,llm_agent,mobile_app,insurance_claim,0.678,4,7,196,2191,0,0,none,199,1
B-00709,2023-08-04 17:49:44.971948,B,llm_agent,voice,fund_movement,0.832,2,5,173,1699,0,0,none,180,1
B-00710,2023-07-27 15:30:05.169126,B,llm_agent,voice,make_payment,0.754,2,1,44,573,0,0,none,681,0
B-00711,2023-10-11 10:40:36.903859,B,llm_agent,voice,insurance_claim,0.72,4,7,93,2898,0,0,none,267,1
B-00712,2023-10-03 00:04:23.631705,B,llm_agent,voice,freeze_card,0.866,1,1,116,366,0,0,none,273,1
B-00713,2023-07-21 13:16:27.588589,B,llm_agent,voice,dispute_charge,0.788,1,2,44,274,0,0,none,280,1
B-00714,2023-10-21 21:44:11.145983,B,llm_agent,voice,credit_inquiry,0.458,2,4,165,2923,0,0,none,513,1
B-00715,2023-07-03 19:24:34.900418,B,llm_agent,voice,fund_movement,0.906,3,7,198,1842,0,0,none,428,1
B-00716,2023-12-03 08:19:34.319556,B,llm_agent,voice,make_payment,0.541,2,3,99,275,0,0,none,311,1
B-00717,2023-08-08 15:32:38.433202,B,llm_agent,mobile_app,credit_inquiry,0.358,3,5,189,1787,0,0,none,609,1
B-00718,2023-08-10 17:40:25.047056,B,llm_agent,chat,transaction_dispute,0.495,2,5,78,1999,0,1,unresolved,154,1
B-00719,2023-11-04 01:56:37.098991,B,llm_agent,voice,update_address,0.596,2,4,112,1182,0,0,none,215,1
B-00720,2023-10-07 23:49:39.335711,B,llm_agent,mobile_app,make_payment,0.703,1,1,11,599,0,0,none,168,1
B-00721,2023-10-30 08:03:19.904853,B,llm_agent,chat,document_request,0.232,4,3,43,2465,0,0,none,270,1
B-00722,2023-07-29 13:12:56.600002,B,llm_agent,chat,fund_movement,0.289,2,7,111,2711,0,0,none,221,1
B-00723,2023-09-03 23:54:47.261474,B,llm_agent,voice,card_management,0.563,3,4,113,1099,0,0,none,500,0
B-00724,2023-08-30 15:23:57.366243,B,llm_agent,chat,loan_inquiry,0.939,2,1,43,510,0,0,none,109,1
B-00725,2023-12-25 12:20:51.584054,B,llm_agent,chat,transfer_funds,0.94,1,3,51,228,0,0,none,73,1
B-00726,2023-11-18 00:41:36.014966,B,llm_agent,voice,unknown,0.387,2,3,113,851,1,0,none,474,1
B-00727,2023-12-22 17:17:48.431601,B,llm_agent,chat,freeze_card,0.88,2,4,41,407,0,0,none,170,1
B-00728,2023-10-17 06:28:46.269094,B,llm_agent,mobile_app,fund_movement,0.255,3,5,79,1361,0,0,none,645,1
B-00729,2023-11-04 02:57:02.947152,B,llm_agent,voice,dispute_charge,0.848,1,2,40,283,0,0,none,474,1
B-00730,2023-08-15 08:49:42.563035,B,llm_agent,voice,account_balance_check,0.317,3,5,108,1657,0,0,none,459,1
B-00731,2023-07-21 16:09:45.429151,B,llm_agent,chat,loan_inquiry,0.748,1,4,22,896,0,0,none,341,1
B-00732,2023-10-09 04:39:29.977489,B,llm_agent,mobile_app,make_payment,0.523,1,2,38,468,0,1,customer_request,564,1
B-00733,2023-11-10 06:34:28.030016,B,llm_agent,voice,transaction_dispute,0.816,3,6,184,1935,0,0,none,471,1
B-00734,2023-10-27 16:59:20.554138,B,llm_agent,chat,check_balance,0.914,2,4,116,576,0,0,none,323,1
B-00735,2023-12-15 10:51:41.940629,B,llm_agent,chat,payment_processing,0.818,3,7,170,2691,0,0,none,669,1
B-00736,2023-09-06 00:36:41.958738,B,llm_agent,chat,check_balance,0.815,1,4,7,1109,0,0,none,225,1
B-00737,2023-08-02 08:04:28.595051,B,llm_agent,voice,account_balance_check,0.81,2,5,129,2166,0,0,none,492,1
B-00738,2023-07-28 00:31:57.983540,B,llm_agent,voice,check_balance,0.947,2,4,96,983,0,0,none,167,1
B-00739,2023-07-07 22:00:46.099708,B,llm_agent,voice,check_balance,0.715,2,2,75,523,0,0,none,111,1
B-00740,2023-10-10 00:34:45.173238,B,llm_agent,mobile_app,credit_inquiry,0.457,2,6,102,2553,0,1,timeout,462,1
B-00741,2023-08-30 05:06:42.140696,B,llm_agent,chat,check_balance,0.904,1,4,75,1073,0,0,none,56,0
B-00742,2023-09-19 04:10:43.996824,B,llm_agent,chat,update_address,0.77,2,4,80,417,0,0,none,42,0
B-00743,2023-09-12 04:37:17.028740,B,llm_agent,voice,dispute_charge,0.823,1,3,75,951,0,0,none,387,0
B-00744,2023-10-07 06:52:18.841209,B,llm_agent,voice,dispute_charge,0.898,1,2,42,1180,0,0,none,113,1
B-00745,2023-09-16 19:33:40.211061,B,llm_agent,voice,transfer_funds,0.744,2,1,15,1176,0,0,none,594,1
B-00746,2023-11-19 20:22:57.376152,B,llm_agent,voice,freeze_card,0.823,2,1,30,1150,0,0,none,570,0
B-00747,2023-09-12 21:16:43.433482,B,llm_agent,voice,update_address,0.85,1,4,107,1056,0,0,none,283,0
B-00748,2023-12-27 09:43:07.858022,B,llm_agent,voice,account_balance_check,0.182,3,3,46,2000,0,1,unresolved,581,1
B-00749,2023-09-27 01:26:28.599344,B,llm_agent,voice,investment_advice,0.855,4,4,163,2037,0,0,none,688,1
B-00750,2023-08-19 05:32:54.873595,B,llm_agent,voice,account_balance_check,0.544,2,4,187,1869,0,0,none,508,1
B-00751,2023-11-24 12:12:07.902095,B,llm_agent,chat,card_management,0.372,4,5,191,2096,0,0,none,191,1
B-00752,2023-09-01 16:43:57.251338,B,llm_agent,voice,credit_inquiry,0.155,2,3,49,1592,0,1,timeout,202,1
B-00753,2023-09-23 17:34:48.106163,B,llm_agent,chat,insurance_claim,0.665,4,3,55,1340,0,0,none,623,1
B-00754,2023-08-19 17:21:41.430209,B,llm_agent,chat,credit_inquiry,0.46,4,5,141,1243,0,0,none,336,1
B-00755,2023-11-24 08:14:57.860312,B,llm_agent,voice,unknown,0.691,4,5,48,1441,1,0,none,196,1
B-00756,2023-10-12 09:25:10.617619,B,llm_agent,chat,freeze_card,0.744,2,1,38,281,0,0,none,125,1
B-00757,2023-08-27 15:30:05.905500,B,llm_agent,voice,investment_advice,0.678,3,7,193,1913,0,1,timeout,467,1
B-00758,2023-11-10 19:28:12.564700,B,llm_agent,chat,check_balance,0.914,1,2,92,964,0,0,none,450,1
B-00759,2023-08-05 00:21:38.563220,B,llm_agent,chat,document_request,0.556,2,4,181,1024,0,0,none,378,1
B-00760,2023-09-09 16:45:31.287071,B,llm_agent,mobile_app,request_statement,0.915,2,2,31,993,0,0,none,400,1
B-00761,2023-08-28 14:39:23.730638,B,llm_agent,voice,payment_processing,0.594,3,7,113,924,0,0,none,392,1
B-00762,2023-11-20 15:19:55.996252,B,llm_agent,chat,insurance_claim,0.747,2,6,173,2170,0,0,none,630,1
B-00763,2023-11-13 00:03:53.156039,B,llm_agent,chat,investment_advice,0.608,3,4,92,1687,0,1,unresolved,149,1
B-00764,2023-11-15 10:27:00.931929,B,llm_agent,voice,fund_movement,0.729,3,3,147,2407,0,0,none,558,1
B-00765,2023-07-11 22:02:41.427299,B,llm_agent,mobile_app,document_request,0.456,2,6,171,2721,0,0,none,352,0
B-00766,2023-10-27 11:49:51.625867,B,llm_agent,chat,update_address,0.736,2,2,107,995,0,1,unresolved,213,1
B-00767,2023-08-12 21:26:19.287631,B,llm_agent,voice,check_balance,0.777,2,3,46,1162,0,0,none,393,1
B-00768,2023-12-24 07:58:01.031903,B,llm_agent,voice,payment_processing,0.587,4,5,106,2117,0,0,none,79,1
B-00769,2023-10-07 14:21:40.080252,B,llm_agent,voice,credit_inquiry,0.691,3,7,84,1696,0,1,unresolved,312,1
B-00770,2023-12-10 20:36:00.685795,B,llm_agent,chat,unknown,0.495,2,3,140,1971,1,0,none,359,1
B-00771,2023-10-15 13:33:02.089001,B,llm_agent,voice,update_address,0.803,2,2,64,221,0,0,none,218,0
B-00772,2023-08-27 02:54:35.600003,B,llm_agent,chat,payment_processing,0.821,3,6,191,2923,0,0,none,510,1
B-00773,2023-12-12 20:49:17.733033,B,llm_agent,voice,profile_update,0.653,4,3,173,2199,0,0,none,475,1
B-00774,2023-09-26 01:21:13.287704,B,llm_agent,voice,profile_update,0.632,2,4,135,908,0,1,unresolved,292,1
B-00775,2023-07-02 00:18:15.601363,B,llm_agent,mobile_app,make_payment,0.877,2,3,115,463,0,0,none,559,1
B-00776,2023-09-08 23:05:33.221129,B,llm_agent,voice,credit_inquiry,0.592,4,7,142,851,0,0,none,716,1
B-00777,2023-12-21 21:19:12.784962,B,llm_agent,chat,update_address,0.75,2,1,109,475,0,0,none,310,1
B-00778,2023-07-06 10:37:20.779144,B,llm_agent,chat,check_balance,0.987,2,1,9,714,0,0,none,439,1
B-00779,2023-07-30 19:37:45.094733,B,llm_agent,chat,credit_inquiry,0.492,4,3,142,1998,0,0,none,300,1
B-00780,2023-07-24 11:05:13.569058,B,llm_agent,voice,freeze_card,0.949,2,2,13,862,0,0,none,678,1
B-00781,2023-10-20 22:41:58.080082,B,llm_agent,voice,account_balance_check,0.321,2,3,138,2251,0,0,none,51,1
B-00782,2023-11-25 11:50:07.489301,B,llm_agent,voice,card_management,0.471,3,4,72,2009,0,1,customer_request,646,1
B-00783,2023-07-02 10:33:40.991196,B,llm_agent,chat,request_statement,0.649,1,2,114,551,0,0,none,703,1
B-00784,2023-11-29 07:05:30.162264,B,llm_agent,mobile_app,card_management,0.476,3,5,61,908,0,0,none,392,0
B-00785,2023-07-27 02:21:50.592198,B,llm_agent,voice,payment_processing,0.365,2,4,191,2146,0,0,none,131,1
B-00786,2023-09-06 04:28:31.875952,B,llm_agent,voice,dispute_charge,0.919,1,1,91,989,0,0,none,653,0
B-00787,2023-11-13 09:12:43.077246,B,llm_agent,voice,account_balance_check,0.541,2,3,89,2046,0,1,customer_request,81,1
B-00788,2023-12-18 09:13:50.360288,B,llm_agent,mobile_app,make_payment,0.905,2,3,28,953,0,0,none,369,1
B-00789,2023-12-24 11:20:22.689106,B,llm_agent,voice,dispute_charge,0.957,1,1,109,1119,0,0,none,428,1
B-00790,2023-08-13 11:38:02.362048,B,llm_agent,chat,investment_advice,0.72,3,7,154,881,0,0,none,580,0
B-00791,2023-12-29 05:46:46.866978,B,llm_agent,chat,dispute_charge,0.73,2,4,95,220,0,0,none,545,1
B-00792,2023-11-26 11:49:50.848756,B,llm_agent,voice,profile_update,0.219,3,5,106,2173,0,1,unresolved,396,1
B-00793,2023-09-29 02:05:52.195966,B,llm_agent,voice,loan_inquiry,0.799,2,2,6,1074,0,0,none,276,1
B-00794,2023-10-24 10:21:29.388939,B,llm_agent,chat,request_statement,0.787,2,3,102,451,0,0,none,600,1
B-00795,2023-10-22 21:57:15.389271,B,llm_agent,voice,transfer_funds,0.688,2,3,84,217,0,0,none,637,1
B-00796,2023-12-10 17:01:43.987134,B,llm_agent,voice,make_payment,0.757,1,2,80,583,0,0,none,515,1
B-00797,2023-09-11 16:26:12.840813,B,llm_agent,voice,freeze_card,0.781,2,1,51,1065,0,0,none,709,1
B-00798,2023-12-03 01:45:42.549432,B,llm_agent,mobile_app,check_balance,0.765,2,2,81,618,0,0,none,273,1
B-00799,2023-11-21 23:17:31.012503,B,llm_agent,voice,request_statement,0.725,2,3,95,854,0,0,none,555,1
B-00800,2023-07-27 23:30:57.501539,B,llm_agent,chat,check_balance,0.498,2,4,99,1058,0,0,none,243,1
B-00801,2023-09-26 18:27:24.034465,B,llm_agent,voice,account_balance_check,0.548,3,6,126,1803,0,0,none,523,0
B-00802,2023-11-30 06:59:47.815624,B,llm_agent,voice,make_payment,0.843,2,2,62,1199,0,0,none,563,1
B-00803,2023-12-25 11:10:37.900901,B,llm_agent,voice,check_balance,0.908,1,1,89,252,0,0,none,660,1
B-00804,2023-07-16 04:01:42.287051,B,llm_agent,voice,profile_update,0.848,4,4,176,843,0,1,customer_request,694,1
B-00805,2023-12-26 12:51:45.606836,B,llm_agent,voice,insurance_claim,0.653,2,6,122,2286,0,1,unresolved,487,0
B-00806,2023-12-08 02:25:59.510032,B,llm_agent,voice,check_balance,0.672,2,2,116,1073,0,0,none,298,1
B-00807,2023-11-03 01:19:19.068729,B,llm_agent,voice,transfer_funds,0.879,2,2,86,793,0,0,none,57,1
B-00808,2023-09-07 05:10:52.618251,B,llm_agent,voice,make_payment,0.887,2,4,55,880,0,0,none,620,1
B-00809,2023-12-10 22:10:08.242919,B,llm_agent,mobile_app,make_payment,0.68,1,4,44,736,0,0,none,704,1
B-00810,2023-08-19 13:58:26.139692,B,llm_agent,voice,check_balance,0.692,1,1,61,770,0,0,none,427,1
B-00811,2023-07-20 20:09:28.585356,B,llm_agent,chat,unknown,0.652,4,5,75,2738,1,0,none,481,1
B-00812,2023-07-02 00:23:47.214330,B,llm_agent,voice,document_request,0.232,2,5,47,2762,0,1,timeout,649,1
B-00813,2023-09-13 10:53:45.232194,B,llm_agent,voice,check_balance,0.898,1,3,52,590,0,0,none,432,1
B-00814,2023-10-19 15:10:56.058751,B,llm_agent,voice,credit_inquiry,0.768,4,3,62,2954,0,0,none,679,1
B-00815,2023-08-10 11:29:23.124359,B,llm_agent,voice,dispute_charge,0.787,1,2,66,888,0,0,none,65,1
B-00816,2023-07-10 05:34:33.449634,B,llm_agent,voice,payment_processing,0.759,4,7,189,1203,0,0,none,587,1
B-00817,2023-07-06 06:55:45.117561,B,llm_agent,voice,payment_processing,0.724,4,3,188,1551,0,1,low_confidence,139,1
B-00818,2023-11-11 05:02:43.231253,B,llm_agent,chat,transaction_dispute,0.667,3,3,139,1400,0,0,none,115,0
B-00819,2023-09-09 16:01:14.961119,B,llm_agent,mobile_app,investment_advice,0.539,3,3,146,906,0,0,none,528,1
B-00820,2023-10-25 04:37:07.680106,B,llm_agent,chat,insurance_claim,0.821,4,4,83,1379,0,0,none,380,1
B-00821,2023-08-28 07:25:00.880811,B,llm_agent,chat,fund_movement,0.262,3,6,106,1587,0,0,none,106,1
B-00822,2023-07-28 23:25:22.662011,B,llm_agent,voice,account_balance_check,0.604,4,7,68,1462,0,0,none,672,1
B-00823,2023-07-16 15:05:41.532991,B,llm_agent,chat,document_request,0.452,3,7,75,2420,0,0,none,329,1
B-00824,2023-07-01 04:34:29.251828,B,llm_agent,chat,update_address,0.604,2,2,8,680,0,0,none,427,0
B-00825,2023-09-22 00:49:13.688232,B,llm_agent,voice,make_payment,0.732,1,2,61,210,0,0,none,294,1
B-00826,2023-07-20 08:16:57.679408,B,llm_agent,chat,credit_inquiry,0.179,4,6,78,2941,0,0,none,99,1
B-00827,2023-12-22 05:20:58.285662,B,llm_agent,voice,freeze_card,0.861,1,4,115,317,0,0,none,384,1
B-00828,2023-09-07 09:08:24.065831,B,llm_agent,voice,credit_inquiry,0.791,2,5,64,1477,0,0,none,452,1
B-00829,2023-12-10 03:04:39.477003,B,llm_agent,voice,account_balance_check,0.652,2,5,68,1310,0,0,none,42,1
B-00830,2023-07-15 17:33:36.195197,B,llm_agent,voice,loan_inquiry,0.755,1,1,70,485,0,0,none,671,1
B-00831,2023-07-22 05:33:28.308561,B,llm_agent,voice,document_request,0.258,2,5,115,1858,0,1,unresolved,641,1
B-00832,2023-09-29 20:15:06.146962,B,llm_agent,chat,account_balance_check,0.459,4,4,133,2387,0,0,none,356,0
B-00833,2023-11-25 20:20:59.959493,B,llm_agent,mobile_app,update_address,0.888,1,2,61,521,0,0,none,137,1
B-00834,2023-11-14 05:58:20.728194,B,llm_agent,voice,unknown,0.374,3,3,167,1102,1,0,none,620,1
B-00835,2023-08-11 14:30:58.115356,B,llm_agent,chat,insurance_claim,0.272,3,6,114,971,0,0,none,443,1
B-00836,2023-09-11 04:11:47.914564,B,llm_agent,chat,account_balance_check,0.474,2,5,156,1361,0,1,customer_request,42,1
B-00837,2023-10-18 06:49:43.471134,B,llm_agent,voice,payment_processing,0.688,2,5,115,2394,0,0,none,41,1
B-00838,2023-08-25 08:07:55.585512,B,llm_agent,voice,check_balance,0.95,2,1,63,431,0,0,none,463,1
B-00839,2023-07-30 12:08:51.753636,B,llm_agent,chat,credit_inquiry,0.676,3,6,53,2559,0,1,customer_request,647,0
B-00840,2023-09-20 08:41:26.922793,B,llm_agent,voice,fund_movement,0.419,3,7,162,1177,0,0,none,706,0
B-00841,2023-09-24 15:06:03.867561,B,llm_agent,voice,make_payment,0.707,1,3,75,410,0,0,none,666,1
B-00842,2023-08-10 07:55:58.694477,B,llm_agent,voice,dispute_charge,0.81,1,1,43,247,0,0,none,122,1
B-00843,2023-09-06 17:07:51.877203,B,llm_agent,voice,update_address,0.736,2,4,80,578,0,0,none,131,1
B-00844,2023-07-31 08:27:18.637194,B,llm_agent,chat,payment_processing,0.542,3,4,140,2062,0,0,none,392,1
B-00845,2023-10-03 06:08:55.562120,B,llm_agent,voice,loan_inquiry,0.702,2,2,59,592,0,0,none,613,1
B-00846,2023-11-27 12:33:36.680066,B,llm_agent,voice,profile_update,0.483,3,5,69,1929,0,0,none,99,1
B-00847,2023-08-12 04:59:24.833794,B,llm_agent,voice,investment_advice,0.311,3,5,117,2757,0,0,none,141,1
B-00848,2023-12-15 09:07:12.600096,B,llm_agent,voice,profile_update,0.579,2,5,142,816,0,0,none,317,1
B-00849,2023-07-22 20:28:13.105286,B,llm_agent,voice,payment_processing,0.184,2,4,85,1408,0,0,none,713,1
B-00850,2023-12-24 03:16:52.714130,B,llm_agent,chat,account_balance_check,0.51,3,5,99,2605,0,0,none,537,1
B-00851,2023-12-23 16:06:02.298467,B,llm_agent,mobile_app,fund_movement,0.381,2,3,143,2272,0,0,none,386,0
B-00852,2023-10-11 08:35:59.830986,B,llm_agent,mobile_app,update_address,0.71,2,4,80,617,0,0,none,625,0
B-00853,2023-11-02 05:04:52.649270,B,llm_agent,chat,request_statement,0.734,1,3,46,296,0,1,unresolved,422,1
B-00854,2023-11-21 04:18:17.954945,B,llm_agent,chat,account_balance_check,0.314,4,6,54,933,0,0,none,632,1
B-00855,2023-08-06 00:21:34.088503,B,llm_agent,voice,payment_processing,0.417,3,6,106,1514,0,0,none,377,0
B-00856,2023-08-30 17:24:21.252197,B,llm_agent,voice,make_payment,0.872,2,3,116,1020,0,1,low_confidence,571,1
B-00857,2023-08-29 23:36:11.073903,B,llm_agent,voice,transaction_dispute,0.301,4,6,70,1264,0,0,none,523,1
B-00858,2023-08-25 10:24:08.147215,B,llm_agent,voice,card_management,0.738,4,4,135,1216,0,1,low_confidence,621,1
B-00859,2023-08-24 05:44:17.726928,B,llm_agent,voice,card_management,0.451,4,3,177,818,0,1,low_confidence,175,1
B-00860,2023-10-31 00:57:03.405131,B,llm_agent,voice,make_payment,0.935,1,3,103,510,0,1,timeout,351,1
B-00861,2023-09-08 20:11:24.904373,B,llm_agent,mobile_app,check_balance,0.721,1,2,92,740,0,0,none,393,1
B-00862,2023-08-23 22:44:03.246211,B,llm_agent,mobile_app,freeze_card,0.811,2,3,99,512,0,0,none,578,1
B-00863,2023-11-11 09:35:55.340379,B,llm_agent,voice,profile_update,0.492,2,5,124,2187,0,0,none,83,1
B-00864,2023-11-25 14:54:39.154115,B,llm_agent,mobile_app,profile_update,0.152,3,4,53,2763,0,0,none,575,1
B-00865,2023-07-26 06:58:06.210035,B,llm_agent,chat,unknown,0.585,4,7,113,2592,1,1,unresolved,202,0
B-00866,2023-09-26 07:13:20.775879,B,llm_agent,chat,profile_update,0.596,3,4,146,1794,0,0,none,431,1
B-00867,2023-08-25 13:29:46.613391,B,llm_agent,voice,fund_movement,0.641,4,3,174,2723,0,0,none,93,1
B-00868,2023-10-15 10:52:13.000015,B,llm_agent,mobile_app,freeze_card,0.787,2,2,85,910,0,0,none,47,1
B-00869,2023-09-18 05:34:12.727687,B,llm_agent,voice,check_balance,0.664,2,4,78,842,0,1,customer_request,699,1
B-00870,2023-10-15 11:11:41.125998,B,llm_agent,voice,dispute_charge,0.813,2,4,78,1158,0,0,none,219,1
B-00871,2023-11-21 08:28:12.074700,B,llm_agent,chat,document_request,0.267,2,7,186,941,0,0,none,140,0
B-00872,2023-09-13 22:41:33.487077,B,llm_agent,voice,check_balance,0.963,2,2,6,288,0,1,unresolved,371,1
B-00873,2023-09-30 04:04:43.234426,B,llm_agent,voice,account_balance_check,0.79,2,3,76,1326,0,0,none,296,1
B-00874,2023-08-26 04:35:14.036183,B,llm_agent,voice,dispute_charge,0.795,2,1,114,253,0,0,none,506,1
B-00875,2023-07-17 08:49:40.628994,B,llm_agent,mobile_app,profile_update,0.572,3,6,129,2471,0,0,none,61,1
B-00876,2023-08-13 20:28:51.842934,B,llm_agent,voice,update_address,0.914,1,1,79,770,0,0,none,86,1
B-00877,2023-08-12 10:59:24.576779,B,llm_agent,voice,insurance_claim,0.62,2,6,101,1983,0,0,none,157,1
B-00878,2023-09-28 10:45:57.744356,B,llm_agent,voice,request_statement,0.697,1,1,52,1046,0,0,none,272,0
B-00879,2023-10-30 03:35:32.988724,B,llm_agent,chat,dispute_charge,0.642,1,1,81,764,0,1,customer_request,155,1
B-00880,2023-09-14 05:13:03.696574,B,llm_agent,voice,update_address,0.63,1,4,96,895,0,0,none,262,1
B-00881,2023-09-21 20:43:23.324796,B,llm_agent,voice,payment_processing,0.236,2,7,182,2615,0,0,none,219,1
B-00882,2023-10-06 21:53:13.524950,B,llm_agent,voice,update_address,0.963,1,4,57,1074,0,0,none,127,1
B-00883,2023-08-24 09:11:41.592967,B,llm_agent,chat,check_balance,0.862,2,2,54,701,0,0,none,664,1
B-00884,2023-11-25 02:21:21.678511,B,llm_agent,chat,request_statement,0.892,1,2,87,656,0,0,none,338,0
B-00885,2023-09-25 11:02:52.582611,B,llm_agent,voice,transaction_dispute,0.416,2,3,105,1985,0,0,none,505,1
B-00886,2023-09-22 20:21:36.008247,B,llm_agent,chat,make_payment,0.908,1,4,82,396,0,0,none,545,1
B-00887,2023-10-10 04:09:59.418780,B,llm_agent,chat,profile_update,0.567,3,6,156,2370,0,1,timeout,671,1
B-00888,2023-09-05 20:59:10.422431,B,llm_agent,mobile_app,unknown,0.32,4,6,92,918,1,0,none,717,1
B-00889,2023-07-19 05:38:05.624441,B,llm_agent,chat,payment_processing,0.676,2,5,74,937,0,1,unresolved,47,1
B-00890,2023-09-19 04:12:37.932227,B,llm_agent,mobile_app,account_balance_check,0.373,2,4,131,2251,0,1,timeout,595,1
B-00891,2023-11-25 09:54:18.781214,B,llm_agent,voice,transfer_funds,0.621,1,2,26,709,0,0,none,712,1
B-00892,2023-12-28 20:17:31.652127,B,llm_agent,mobile_app,insurance_claim,0.868,4,3,40,1172,0,0,none,617,0
B-00893,2023-11-29 03:23:49.655159,B,llm_agent,chat,loan_inquiry,0.75,1,3,17,257,0,0,none,570,1
B-00894,2023-08-17 14:11:50.254186,B,llm_agent,voice,make_payment,0.904,2,2,45,348,0,0,none,286,0
B-00895,2023-08-10 11:24:53.636223,B,llm_agent,chat,freeze_card,0.769,1,3,34,213,0,0,none,35,1
B-00896,2023-12-05 02:02:06.224610,B,llm_agent,mobile_app,transfer_funds,0.904,2,1,87,348,0,0,none,586,1
B-00897,2023-10-31 13:58:11.264882,B,llm_agent,chat,insurance_claim,0.09,2,5,195,2098,0,1,customer_request,663,1
B-00898,2023-11-07 14:28:54.892935,B,llm_agent,chat,investment_advice,0.539,2,7,70,1863,0,1,low_confidence,492,1
B-00899,2023-08-12 10:44:01.394935,B,llm_agent,chat,check_balance,0.776,2,1,67,561,0,0,none,284,1
B-00900,2023-08-16 11:49:38.551225,B,llm_agent,voice,document_request,0.378,3,7,193,2879,0,1,low_confidence,257,0
B-00901,2023-09-30 13:14:14.800195,B,llm_agent,mobile_app,request_statement,0.876,2,2,8,924,0,0,none,578,1
B-00902,2023-08-30 00:37:36.474958,B,llm_agent,voice,check_balance,0.501,2,4,60,210,0,0,none,303,1
B-00903,2023-09-06 20:05:02.158450,B,llm_agent,mobile_app,make_payment,0.666,2,1,55,684,0,1,customer_request,420,0
B-00904,2023-12-29 16:17:05.428385,B,llm_agent,voice,check_balance,0.926,2,3,100,650,0,0,none,577,1
B-00905,2023-09-08 00:36:52.910153,B,llm_agent,mobile_app,freeze_card,0.584,2,1,16,644,0,0,none,663,1
B-00906,2023-12-05 04:55:38.537937,B,llm_agent,voice,loan_inquiry,0.625,1,4,72,218,0,0,none,173,1
B-00907,2023-11-26 11:01:18.257620,B,llm_agent,mobile_app,update_address,0.705,2,3,95,622,0,1,low_confidence,251,1
B-00908,2023-09-30 18:58:46.178030,B,llm_agent,chat,unknown,0.909,2,6,157,967,1,0,none,537,0
B-00909,2023-12-21 02:09:48.699772,B,llm_agent,mobile_app,insurance_claim,0.43,4,4,70,2739,0,1,low_confidence,119,1
B-00910,2023-09-10 19:30:01.228105,B,llm_agent,voice,unknown,0.821,2,7,64,1066,1,1,low_confidence,389,1
B-00911,2023-09-17 17:42:03.563476,B,llm_agent,chat,dispute_charge,0.591,1,3,106,284,0,1,unresolved,577,1
B-00912,2023-08-03 15:01:21.035623,B,llm_agent,chat,make_payment,0.639,2,4,116,1051,0,0,none,147,1
B-00913,2023-10-23 08:44:23.591979,B,llm_agent,chat,freeze_card,0.949,1,1,59,597,0,0,none,547,1
B-00914,2023-08-22 04:43:21.368095,B,llm_agent,mobile_app,check_balance,0.871,2,3,16,884,0,0,none,319,1
B-00915,2023-09-20 08:42:30.811462,B,llm_agent,voice,transaction_dispute,0.308,3,7,88,2370,0,1,low_confidence,691,1
B-00916,2023-12-04 19:21:54.712703,B,llm_agent,voice,check_balance,0.983,1,1,115,814,0,0,none,467,1
B-00917,2023-11-22 03:24:54.547021,B,llm_agent,chat,make_payment,0.766,1,3,97,604,0,0,none,288,1
B-00918,2023-07-20 13:13:04.555967,B,llm_agent,voice,payment_processing,0.298,2,3,121,809,0,0,none,400,1
B-00919,2023-11-15 17:53:17.265614,B,llm_agent,voice,account_balance_check,0.352,3,6,51,2497,0,1,customer_request,47,0
B-00920,2023-10-26 04:09:31.413941,B,llm_agent,voice,request_statement,0.772,2,2,110,811,0,0,none,34,1
B-00921,2023-11-14 09:31:28.213230,B,llm_agent,chat,request_statement,0.87,1,1,78,350,0,1,low_confidence,569,1
B-00922,2023-07-07 07:15:23.453175,B,llm_agent,chat,request_statement,0.951,1,1,49,979,0,0,none,596,1
B-00923,2023-10-16 11:53:11.179696,B,llm_agent,voice,update_address,0.926,2,1,107,974,0,0,none,286,0
B-00924,2023-07-20 18:45:00.879865,B,llm_agent,voice,payment_processing,0.364,3,6,123,2328,0,0,none,531,1
B-00925,2023-11-04 23:56:59.770194,B,llm_agent,voice,credit_inquiry,0.773,3,3,89,2113,0,0,none,354,1
B-00926,2023-07-13 15:35:47.995326,B,llm_agent,chat,insurance_claim,0.278,4,4,115,2319,0,0,none,235,1
B-00927,2023-07-21 08:29:04.354157,B,llm_agent,chat,dispute_charge,0.799,1,1,113,350,0,0,none,637,1
B-00928,2023-07-30 01:48:01.486377,B,llm_agent,chat,profile_update,0.658,2,7,41,1797,0,0,none,438,1
B-00929,2023-10-18 14:01:59.287607,B,llm_agent,voice,make_payment,0.747,1,2,69,958,0,0,none,710,1
B-00930,2023-09-27 06:21:09.494473,B,llm_agent,chat,dispute_charge,0.816,2,4,108,849,0,0,none,482,1
B-00931,2023-10-20 23:09:17.438716,B,llm_agent,chat,check_balance,0.611,1,3,80,821,0,0,none,293,1
B-00932,2023-09-07 10:18:51.482496,B,llm_agent,voice,update_address,0.469,2,3,20,439,0,0,none,178,1
B-00933,2023-10-29 08:20:35.706940,B,llm_agent,voice,document_request,0.39,4,5,76,2064,0,0,none,368,1
B-00934,2023-09-11 22:57:47.449508,B,llm_agent,chat,document_request,0.301,3,4,61,2820,0,1,timeout,414,0
B-00935,2023-09-27 10:49:47.580334,B,llm_agent,mobile_app,fund_movement,0.513,2,3,114,2920,0,0,none,666,1
B-00936,2023-12-11 13:02:03.963654,B,llm_agent,chat,check_balance,0.564,2,3,23,840,0,0,none,112,1
B-00937,2023-08-24 01:41:41.040840,B,llm_agent,voice,loan_inquiry,0.887,2,3,53,599,0,0,none,92,0
B-00938,2023-10-31 17:39:45.408384,B,llm_agent,voice,check_balance,0.935,2,3,27,1182,0,0,none,469,1
B-00939,2023-07-30 13:01:52.308612,B,llm_agent,voice,transaction_dispute,0.508,3,3,61,2487,0,1,low_confidence,485,1
B-00940,2023-11-19 04:51:07.487057,B,llm_agent,voice,insurance_claim,0.574,2,6,102,976,0,1,low_confidence,625,1
B-00941,2023-07-29 00:10:16.926099,B,llm_agent,voice,loan_inquiry,0.917,1,1,106,1098,0,0,none,249,1
B-00942,2023-11-30 05:45:47.773013,B,llm_agent,voice,profile_update,0.336,3,6,131,2323,0,0,none,90,1
B-00943,2023-07-08 18:33:55.735453,B,llm_agent,chat,freeze_card,0.774,2,1,103,679,0,0,none,130,1
B-00944,2023-08-22 22:37:16.883106,B,llm_agent,voice,make_payment,0.959,2,2,56,791,0,0,none,676,1
B-00945,2023-11-01 02:22:31.698699,B,llm_agent,chat,make_payment,0.734,1,2,17,957,0,0,none,350,0
B-00946,2023-07-18 08:12:06.348036,B,llm_agent,chat,card_management,0.369,3,6,178,2797,0,0,none,141,1
B-00947,2023-12-15 21:43:07.159485,B,llm_agent,chat,check_balance,0.731,1,4,104,202,0,0,none,98,1
B-00948,2023-09-30 17:37:30.670224,B,llm_agent,chat,account_balance_check,0.406,3,5,71,1055,0,0,none,353,1
B-00949,2023-09-15 23:47:38.844463,B,llm_agent,chat,insurance_claim,0.529,4,3,42,1953,0,0,none,659,0
B-00950,2023-10-11 18:52:29.167737,B,llm_agent,voice,insurance_claim,0.705,2,6,50,1221,0,0,none,250,0
B-00951,2023-12-08 23:52:52.807782,B,llm_agent,voice,unknown,0.184,3,3,119,1594,1,0,none,370,1
B-00952,2023-08-15 18:46:16.984689,B,llm_agent,voice,card_management,0.3,2,7,107,2491,0,0,none,130,1
B-00953,2023-09-20 22:33:41.977106,B,llm_agent,chat,transaction_dispute,0.83,2,6,174,997,0,0,none,92,1
B-00954,2023-07-30 22:45:26.072695,B,llm_agent,voice,transaction_dispute,0.654,4,3,186,2507,0,0,none,289,0
B-00955,2023-12-15 11:30:50.660028,B,llm_agent,chat,card_management,0.302,2,4,199,1010,0,1,low_confidence,177,1
B-00956,2023-12-28 23:24:44.110817,B,llm_agent,chat,request_statement,0.846,2,4,17,1014,0,1,customer_request,291,1
B-00957,2023-09-04 01:17:50.588507,B,llm_agent,chat,account_balance_check,0.228,2,4,114,1091,0,0,none,693,1
B-00958,2023-10-30 22:54:26.669242,B,llm_agent,voice,account_balance_check,0.459,2,6,94,920,0,0,none,700,1
B-00959,2023-11-07 08:26:47.594637,B,llm_agent,voice,dispute_charge,0.725,2,3,24,1051,0,1,low_confidence,585,1
B-00960,2023-09-03 14:01:08.348659,B,llm_agent,chat,payment_processing,0.572,3,3,175,974,0,1,unresolved,425,0
B-00961,2023-12-13 06:01:51.526377,B,llm_agent,voice,dispute_charge,0.703,1,2,57,1031,0,0,none,637,0
B-00962,2023-09-30 01:49:36.125877,B,llm_agent,voice,fund_movement,0.534,2,7,97,1163,0,1,customer_request,233,1
B-00963,2023-12-02 07:46:23.423395,B,llm_agent,voice,transaction_dispute,0.511,4,4,172,1769,0,0,none,335,1
B-00964,2023-10-06 10:24:21.017703,B,llm_agent,chat,profile_update,0.36,2,7,133,1326,0,0,none,93,1
B-00965,2023-11-08 08:14:29.072665,B,llm_agent,voice,check_balance,0.872,1,2,88,515,0,0,none,552,1
B-00966,2023-09-05 01:30:56.803201,B,llm_agent,chat,make_payment,0.913,2,3,33,603,0,0,none,526,1
B-00967,2023-10-19 20:37:57.505684,B,llm_agent,voice,insurance_claim,0.112,2,7,148,2820,0,0,none,138,1
B-00968,2023-12-19 22:50:37.153496,B,llm_agent,chat,unknown,0.681,2,6,194,1012,1,1,low_confidence,685,1
B-00969,2023-10-19 09:09:09.150806,B,llm_agent,chat,freeze_card,0.868,1,4,46,1085,0,0,none,485,1
B-00970,2023-08-26 02:56:51.513717,B,llm_agent,mobile_app,account_balance_check,0.559,4,3,98,860,0,1,unresolved,58,0
B-00971,2023-11-06 14:10:51.519261,B,llm_agent,voice,transaction_dispute,0.483,4,4,191,2807,0,0,none,464,1
B-00972,2023-11-17 15:22:23.878409,B,llm_agent,voice,card_management,0.349,2,7,108,1869,0,1,low_confidence,704,1
B-00973,2023-12-08 10:49:16.705965,B,llm_agent,voice,check_balance,0.638,1,1,92,585,0,1,unresolved,175,1
B-00974,2023-10-21 03:50:03.255796,B,llm_agent,chat,update_address,0.935,1,4,33,636,0,0,none,68,1
B-00975,2023-08-26 14:00:52.130824,B,llm_agent,mobile_app,dispute_charge,0.466,2,4,50,608,0,0,none,152,1
B-00976,2023-10-18 02:25:01.251662,B,llm_agent,chat,investment_advice,0.43,3,6,56,2285,0,0,none,346,1
B-00977,2023-09-01 00:19:36.438785,B,llm_agent,chat,card_management,0.255,2,3,91,1996,0,1,customer_request,175,1
B-00978,2023-09-30 10:45:36.308002,B,llm_agent,voice,unknown,0.306,4,5,109,1866,1,0,none,556,1
B-00979,2023-08-13 20:28:27.813144,B,llm_agent,voice,card_management,0.712,4,3,138,2111,0,0,none,465,1
B-00980,2023-08-31 21:35:05.288874,B,llm_agent,voice,transaction_dispute,0.41,4,7,97,1979,0,1,unresolved,706,1
B-00981,2023-11-24 00:15:52.194033,B,llm_agent,voice,fund_movement,0.714,2,4,172,2575,0,0,none,266,1
B-00982,2023-10-10 11:37:14.974994,B,llm_agent,chat,investment_advice,0.865,3,4,52,2741,0,1,low_confidence,87,1
B-00983,2023-10-24 08:08:02.836970,B,llm_agent,voice,unknown,0.789,4,5,179,2887,1,0,none,332,0
B-00984,2023-11-06 19:44:42.066529,B,llm_agent,chat,dispute_charge,0.807,2,2,36,1126,0,0,none,621,0
B-00985,2023-08-29 08:10:28.150511,B,llm_agent,voice,account_balance_check,0.566,2,6,191,2711,0,0,none,651,1
B-00986,2023-08-12 23:13:47.344031,B,llm_agent,mobile_app,make_payment,0.396,1,4,74,457,0,0,none,278,1
B-00987,2023-07-28 15:24:21.722132,B,llm_agent,voice,freeze_card,0.567,1,3,33,889,0,0,none,107,1
B-00988,2023-07-31 10:43:09.921762,B,llm_agent,mobile_app,check_balance,0.771,2,4,96,567,0,0,none,640,0
B-00989,2023-08-10 11:53:10.829049,B,llm_agent,voice,profile_update,0.38,4,6,133,2266,0,0,none,650,1
B-00990,2023-08-15 15:44:46.345346,B,llm_agent,voice,make_payment,0.76,1,2,41,844,0,1,low_confidence,708,0
B-00991,2023-11-15 17:17:50.467867,B,llm_agent,voice,investment_advice,0.554,4,6,190,2739,0,0,none,324,1
B-00992,2023-08-20 12:08:21.724333,B,llm_agent,chat,payment_processing,0.331,4,7,191,1864,0,0,none,344,1
B-00993,2023-12-13 20:29:21.238225,B,llm_agent,chat,account_balance_check,0.271,2,3,87,831,0,0,none,634,1
B-00994,2023-09-08 18:24:58.628375,B,llm_agent,mobile_app,document_request,0.726,4,6,67,1456,0,0,none,674,1
B-00995,2023-10-11 17:17:08.144211,B,llm_agent,voice,account_balance_check,0.718,3,4,58,1638,0,1,low_confidence,623,1
B-00996,2023-08-19 07:27:04.124158,B,llm_agent,voice,card_management,0.56,2,3,127,2616,0,1,unresolved,379,0
B-00997,2023-10-01 11:11:08.576352,B,llm_agent,voice,transaction_dispute,0.58,2,7,170,1984,0,0,none,580,1
B-00998,2023-07-09 12:14:50.689943,B,llm_agent,voice,make_payment,0.806,1,3,38,1101,0,0,none,280,1
B-00999,2023-07-23 02:49:25.974593,B,llm_agent,chat,insurance_claim,0.254,2,3,95,2024,0,0,none,365,1
B-01000,2023-09-11 23:55:17.786968,B,llm_agent,voice,loan_inquiry,0.874,1,4,109,569,0,0,none,295,1
B-01001,2023-10-25 13:58:08.012706,B,llm_agent,voice,check_balance,0.828,2,4,118,701,0,0,none,379,1
B-01002,2023-12-12 17:15:53.479760,B,llm_agent,voice,profile_update,0.614,4,5,177,2953,0,0,none,141,1
B-01003,2023-11-20 05:16:55.133686,B,llm_agent,voice,dispute_charge,0.73,1,4,91,659,0,0,none,101,1
B-01004,2023-11-17 19:50:38.366727,B,llm_agent,chat,payment_processing,0.733,4,7,199,1461,0,1,unresolved,477,1
B-01005,2023-10-16 05:26:29.298281,B,llm_agent,mobile_app,make_payment,0.817,1,4,79,746,0,0,none,154,1
B-01006,2023-09-16 10:54:59.739885,B,llm_agent,voice,account_balance_check,0.708,2,3,97,2148,0,0,none,318,0
B-01007,2023-12-16 22:28:26.375333,B,llm_agent,mobile_app,transfer_funds,0.65,2,4,41,267,0,0,none,352,0
B-01008,2023-07-07 22:53:05.557196,B,llm_agent,voice,card_management,0.422,2,4,47,1229,0,0,none,388,1
B-01009,2023-07-07 01:21:50.662710,B,llm_agent,mobile_app,loan_inquiry,0.897,2,1,80,824,0,0,none,278,1
B-01010,2023-12-05 17:13:24.012470,B,llm_agent,chat,check_balance,0.708,2,2,40,953,0,0,none,706,1
B-01011,2023-12-09 06:52:03.560740,B,llm_agent,voice,account_balance_check,0.642,3,7,153,937,0,1,low_confidence,555,1
B-01012,2023-08-14 03:44:09.748569,B,llm_agent,voice,payment_processing,0.54,2,3,102,927,0,1,unresolved,428,1
B-01013,2023-09-27 02:19:43.918545,B,llm_agent,voice,account_balance_check,0.427,3,7,141,1845,0,0,none,36,1
B-01014,2023-08-23 13:07:44.699088,B,llm_agent,chat,account_balance_check,0.588,3,4,157,1212,0,0,none,288,1
B-01015,2023-09-16 16:18:42.435183,B,llm_agent,mobile_app,account_balance_check,0.348,3,7,180,938,0,0,none,90,1
B-01016,2023-10-06 09:55:42.407288,B,llm_agent,voice,investment_advice,0.634,2,3,150,2588,0,0,none,406,1
B-01017,2023-11-28 04:27:18.603544,B,llm_agent,voice,insurance_claim,0.843,4,5,114,1915,0,0,none,318,1
B-01018,2023-07-09 23:27:54.095595,B,llm_agent,voice,unknown,0.637,3,7,102,1029,1,0,none,501,1
B-01019,2023-11-04 20:58:00.498596,B,llm_agent,mobile_app,make_payment,0.927,2,1,96,213,0,0,none,305,1
B-01020,2023-07-16 07:49:31.285638,B,llm_agent,voice,investment_advice,0.633,4,5,171,2756,0,0,none,501,1
B-01021,2023-12-30 20:01:50.642057,B,llm_agent,mobile_app,freeze_card,0.784,2,3,21,509,0,0,none,62,0
B-01022,2023-09-29 15:13:13.677759,B,llm_agent,voice,card_management,0.338,4,6,114,860,0,0,none,242,0
B-01023,2023-10-12 01:46:23.534847,B,llm_agent,voice,request_statement,0.695,2,1,93,423,0,0,none,599,1
B-01024,2023-10-24 02:54:18.544191,B,llm_agent,voice,credit_inquiry,0.459,2,3,44,1169,0,0,none,212,1
B-01025,2023-12-16 12:30:05.153345,B,llm_agent,chat,investment_advice,0.758,2,4,191,2850,0,0,none,136,1
B-01026,2023-07-31 05:55:04.716563,B,llm_agent,voice,loan_inquiry,0.745,1,2,15,900,0,0,none,447,1
B-01027,2023-09-30 03:03:32.769323,B,llm_agent,chat,make_payment,0.706,2,3,51,345,0,1,low_confidence,624,1
B-01028,2023-09-15 22:38:13.027027,B,llm_agent,voice,fund_movement,0.306,2,3,57,1843,0,1,low_confidence,614,1
B-01029,2023-12-05 19:51:51.488864,B,llm_agent,voice,make_payment,0.713,1,2,50,348,0,0,none,321,0
B-01030,2023-09-21 12:56:27.914678,B,llm_agent,voice,check_balance,0.928,2,3,79,1161,0,0,none,92,1
B-01031,2023-10-10 07:40:44.894011,B,llm_agent,voice,check_balance,0.889,2,1,40,227,0,0,none,537,0
B-01032,2023-10-15 13:27:43.062755,B,llm_agent,chat,fund_movement,0.214,3,4,160,2909,0,0,none,292,1
B-01033,2023-08-03 06:50:30.286857,B,llm_agent,mobile_app,check_balance,0.634,1,1,81,794,0,0,none,574,1
B-01034,2023-12-14 23:35:33.728070,B,llm_agent,voice,dispute_charge,0.844,2,3,107,370,0,0,none,221,1
B-01035,2023-09-22 13:25:48.628246,B,llm_agent,mobile_app,check_balance,0.75,1,4,117,849,0,0,none,70,1
B-01036,2023-09-24 21:19:18.773285,B,llm_agent,voice,check_balance,0.761,2,2,112,990,0,0,none,449,1
B-01037,2023-12-16 09:11:09.901823,B,llm_agent,voice,unknown,0.891,2,4,115,1371,1,0,none,701,0
B-01038,2023-08-02 20:01:35.700230,B,llm_agent,mobile_app,make_payment,0.715,1,4,27,1099,0,0,none,572,0
B-01039,2023-09-20 23:41:43.990829,B,llm_agent,voice,check_balance,0.755,1,3,71,1154,0,0,none,70,1
B-01040,2023-08-23 17:49:56.388094,B,llm_agent,voice,investment_advice,0.621,3,7,170,1378,0,1,low_confidence,483,1
B-01041,2023-12-11 15:12:57.087654,B,llm_agent,chat,check_balance,0.944,1,2,103,542,0,0,none,694,1
B-01042,2023-09-05 08:28:50.558274,B,llm_agent,voice,payment_processing,0.336,2,6,64,2887,0,0,none,178,1
B-01043,2023-11-08 06:18:15.457741,B,llm_agent,voice,profile_update,0.507,2,4,107,1414,0,0,none,570,1
B-01044,2023-09-08 03:51:47.448507,B,llm_agent,chat,update_address,0.563,2,3,108,724,0,0,none,465,1
B-01045,2023-12-04 21:31:35.815161,B,llm_agent,chat,loan_inquiry,0.8,1,4,111,980,0,1,unresolved,451,0
B-01046,2023-10-20 05:14:13.150810,B,llm_agent,voice,make_payment,0.92,2,1,86,639,0,0,none,559,1
B-01047,2023-07-05 22:50:13.568182,B,llm_agent,chat,credit_inquiry,0.365,3,6,154,1056,0,0,none,430,1
B-01048,2023-10-05 15:35:52.806636,B,llm_agent,voice,freeze_card,0.952,1,3,20,705,0,1,low_confidence,284,1
B-01049,2023-07-23 09:30:16.162449,B,llm_agent,voice,insurance_claim,0.501,2,6,95,1431,0,1,low_confidence,260,1
B-01050,2023-09-19 14:54:37.044200,B,llm_agent,voice,account_balance_check,0.558,3,7,91,1261,0,0,none,408,1
B-01051,2023-08-21 11:53:13.074476,B,llm_agent,chat,insurance_claim,0.381,2,7,40,1850,0,1,timeout,525,0
B-01052,2023-12-25 23:26:33.595917,B,llm_agent,voice,make_payment,0.875,2,1,42,546,0,0,none,119,1
B-01053,2023-12-10 00:22:14.638179,B,llm_agent,chat,make_payment,0.82,2,3,75,1008,0,0,none,375,0
B-01054,2023-08-05 13:54:51.537255,B,llm_agent,chat,insurance_claim,0.461,3,7,95,1629,0,0,none,249,0
B-01055,2023-11-16 15:04:45.308493,B,llm_agent,voice,unknown,0.443,4,7,89,2932,1,1,low_confidence,316,1
B-01056,2023-07-27 03:27:29.427059,B,llm_agent,chat,transaction_dispute,0.862,2,4,129,1875,0,0,none,481,1
B-01057,2023-10-26 19:30:25.555578,B,llm_agent,voice,dispute_charge,0.965,1,2,54,976,0,0,none,280,1
B-01058,2023-09-15 07:02:39.836273,B,llm_agent,chat,make_payment,0.674,2,3,44,304,0,1,low_confidence,416,1
B-01059,2023-09-30 21:57:00.371797,B,llm_agent,chat,unknown,0.321,4,5,83,1628,1,1,unresolved,93,0
B-01060,2023-12-10 07:00:10.938829,B,llm_agent,voice,check_balance,0.821,2,4,99,486,0,0,none,711,1
B-01061,2023-09-21 00:30:13.174644,B,llm_agent,chat,check_balance,0.619,1,2,8,237,0,0,none,709,1
B-01062,2023-08-07 10:58:21.573250,B,llm_agent,voice,transfer_funds,0.675,1,3,75,341,0,0,none,311,1
B-01063,2023-10-02 20:35:41.662335,B,llm_agent,chat,insurance_claim,0.291,4,4,192,2134,0,0,none,205,1
B-01064,2023-10-17 16:18:59.830464,B,llm_agent,mobile_app,make_payment,0.84,2,4,114,1061,0,0,none,581,1
B-01065,2023-08-09 23:17:22.527651,B,llm_agent,voice,make_payment,0.787,1,1,84,836,0,0,none,266,1
B-01066,2023-07-26 10:16:23.976087,B,llm_agent,chat,transaction_dispute,0.535,2,5,162,2499,0,0,none,716,1
B-01067,2023-11-11 10:53:13.394984,B,llm_agent,mobile_app,payment_processing,0.578,3,4,173,2033,0,0,none,87,1
B-01068,2023-08-26 11:17:27.866267,B,llm_agent,voice,investment_advice,0.529,4,3,132,840,0,0,none,318,0
B-01069,2023-10-28 12:04:28.438229,B,llm_agent,voice,check_balance,0.737,2,2,62,931,0,0,none,410,1
B-01070,2023-08-26 00:55:34.140832,B,llm_agent,voice,account_balance_check,0.282,4,3,98,2434,0,0,none,113,1
B-01071,2023-08-09 02:49:24.501172,B,llm_agent,chat,check_balance,0.786,2,2,59,835,0,1,low_confidence,462,1
B-01072,2023-07-20 13:25:52.643254,B,llm_agent,voice,check_balance,0.721,2,1,47,801,0,0,none,701,0
B-01073,2023-12-19 20:22:37.106192,B,llm_agent,mobile_app,check_balance,0.733,2,4,84,986,0,0,none,272,1
B-01074,2023-11-07 12:20:56.040109,B,llm_agent,voice,check_balance,0.939,2,1,107,943,0,0,none,120,1
B-01075,2023-07-18 07:26:27.907650,B,llm_agent,chat,profile_update,0.58,2,5,164,2689,0,0,none,546,0
B-01076,2023-07-18 04:12:32.595550,B,llm_agent,mobile_app,profile_update,0.572,3,6,180,2475,0,1,low_confidence,382,1
B-01077,2023-07-29 00:24:45.535469,B,llm_agent,voice,make_payment,0.886,2,1,99,354,0,1,customer_request,87,1
B-01078,2023-09-29 05:58:55.729570,B,llm_agent,chat,check_balance,0.903,1,4,82,910,0,0,none,137,1
B-01079,2023-09-21 12:31:27.411199,B,llm_agent,mobile_app,card_management,0.531,3,7,185,916,0,1,low_confidence,656,1
B-01080,2023-11-04 05:10:47.231696,B,llm_agent,voice,payment_processing,0.322,2,7,159,1925,0,0,none,708,1
B-01081,2023-10-24 22:26:30.930537,B,llm_agent,chat,account_balance_check,0.576,4,4,158,1907,0,1,low_confidence,148,1
B-01082,2023-11-28 00:34:59.877575,B,llm_agent,mobile_app,request_statement,0.886,1,4,60,1110,0,1,low_confidence,51,1
B-01083,2023-08-30 07:55:53.269576,B,llm_agent,voice,loan_inquiry,0.794,1,1,23,1110,0,0,none,406,1
B-01084,2023-12-06 17:50:23.637124,B,llm_agent,chat,investment_advice,0.456,3,4,91,2011,0,0,none,53,0
B-01085,2023-10-24 22:16:53.870988,B,llm_agent,mobile_app,make_payment,0.989,2,2,21,561,0,0,none,110,1
B-01086,2023-08-11 03:11:43.590821,B,llm_agent,mobile_app,dispute_charge,0.873,1,3,41,1081,0,1,unresolved,261,0
B-01087,2023-12-18 05:40:58.205402,B,llm_agent,chat,freeze_card,0.793,2,1,106,958,0,0,none,150,1
B-01088,2023-11-29 14:29:39.084398,B,llm_agent,voice,insurance_claim,0.721,3,5,143,1696,0,0,none,622,1
B-01089,2023-07-13 19:35:49.809896,B,llm_agent,voice,update_address,0.697,2,3,83,578,0,1,timeout,109,1
B-01090,2023-10-27 08:39:09.680146,B,llm_agent,voice,fund_movement,0.493,4,5,186,2790,0,0,none,60,1
B-01091,2023-10-02 10:09:22.381500,B,llm_agent,chat,card_management,0.26,3,4,75,2121,0,0,none,246,1
B-01092,2023-12-13 17:41:08.616316,B,llm_agent,chat,payment_processing,0.678,2,4,102,2903,0,1,low_confidence,35,1
B-01093,2023-09-08 08:44:13.043258,B,llm_agent,chat,loan_inquiry,0.967,2,1,90,423,0,0,none,218,1
B-01094,2023-08-29 16:27:40.321116,B,llm_agent,voice,dispute_charge,0.772,2,1,9,328,0,0,none,71,1
B-01095,2023-07-02 06:49:16.689317,B,llm_agent,chat,investment_advice,0.462,4,5,94,2390,0,0,none,432,1
B-01096,2023-08-16 01:24:16.819589,B,llm_agent,voice,make_payment,0.716,1,2,55,910,0,0,none,397,1
B-01097,2023-11-07 07:00:44.466286,B,llm_agent,voice,transfer_funds,0.715,1,1,88,920,0,0,none,425,0
B-01098,2023-09-04 01:47:25.055883,B,llm_agent,voice,check_balance,0.882,1,1,110,938,0,0,none,444,0
B-01099,2023-12-30 13:03:40.751049,B,llm_agent,chat,credit_inquiry,0.633,3,4,91,925,0,0,none,394,0
B-01100,2023-12-23 21:06:54.694807,B,llm_agent,mobile_app,profile_update,0.587,3,5,102,2880,0,0,none,312,1
B-01101,2023-11-09 11:44:43.941605,B,llm_agent,mobile_app,freeze_card,0.86,2,2,76,687,0,0,none,378,1
B-01102,2023-10-02 02:29:00.818115,B,llm_agent,chat,update_address,0.858,2,2,89,697,0,0,none,429,1
B-01103,2023-09-18 03:55:08.538475,B,llm_agent,mobile_app,make_payment,0.87,2,2,72,937,0,0,none,552,0
B-01104,2023-09-19 04:40:32.264192,B,llm_agent,chat,loan_inquiry,0.53,1,4,106,972,0,0,none,101,1
B-01105,2023-11-15 03:44:07.576714,B,llm_agent,voice,request_statement,0.826,2,2,72,388,0,1,unresolved,58,1
B-01106,2023-09-06 00:28:37.086053,B,llm_agent,mobile_app,unknown,0.483,3,6,46,1436,1,0,none,120,1
B-01107,2023-12-28 20:55:23.436697,B,llm_agent,voice,unknown,0.342,3,7,132,940,1,1,customer_request,149,1
B-01108,2023-10-24 04:08:34.453060,B,llm_agent,voice,account_balance_check,0.761,4,5,175,1242,0,0,none,528,0
B-01109,2023-11-08 05:11:36.520362,B,llm_agent,voice,fund_movement,0.496,4,5,64,836,0,0,none,709,1
B-01110,2023-12-11 11:14:48.024972,B,llm_agent,chat,fund_movement,0.404,3,4,66,2916,0,1,low_confidence,373,1
B-01111,2023-12-05 17:31:02.783906,B,llm_agent,chat,check_balance,0.768,1,1,55,749,0,0,none,652,1
B-01112,2023-10-24 18:20:05.976890,B,llm_agent,chat,insurance_claim,0.497,4,7,137,1997,0,1,unresolved,655,1
B-01113,2023-08-27 18:51:53.386362,B,llm_agent,chat,credit_inquiry,0.488,4,5,51,1479,0,0,none,474,1
B-01114,2023-11-12 03:13:56.381967,B,llm_agent,voice,insurance_claim,0.485,3,3,178,1054,0,0,none,438,1
B-01115,2023-09-28 19:57:50.229189,B,llm_agent,voice,document_request,0.687,4,3,178,2481,0,0,none,56,1
B-01116,2023-07-12 02:40:56.865388,B,llm_agent,voice,card_management,0.618,2,6,63,2705,0,0,none,451,1
B-01117,2023-10-04 17:27:53.909721,B,llm_agent,chat,fund_movement,0.774,4,6,168,1114,0,0,none,437,1
B-01118,2023-08-24 23:59:42.009771,B,llm_agent,voice,card_management,0.661,3,5,187,1848,0,0,none,194,1
B-01119,2023-07-25 11:20:37.443662,B,llm_agent,mobile_app,check_balance,0.428,2,2,45,262,0,0,none,419,1
B-01120,2023-11-11 08:46:04.298439,B,llm_agent,voice,account_balance_check,0.694,4,5,197,2806,0,0,none,631,1
B-01121,2023-07-04 21:46:02.434076,B,llm_agent,voice,check_balance,0.762,1,3,26,451,0,0,none,76,1
B-01122,2023-09-14 11:44:17.124894,B,llm_agent,voice,make_payment,0.849,1,2,72,845,0,0,none,628,1
B-01123,2023-07-18 09:29:53.214694,B,llm_agent,voice,unknown,0.314,3,4,158,1059,1,0,none,460,1
B-01124,2023-08-12 12:24:19.185459,B,llm_agent,chat,account_balance_check,0.832,2,5,196,2864,0,0,none,38,1
B-01125,2023-07-08 02:49:05.925988,B,llm_agent,mobile_app,payment_processing,0.354,4,3,113,1533,0,0,none,96,1
B-01126,2023-10-17 14:00:45.670336,B,llm_agent,voice,update_address,0.718,2,1,34,685,0,0,none,440,1
B-01127,2023-11-20 10:01:04.134603,B,llm_agent,mobile_app,account_balance_check,0.775,3,6,161,2847,0,1,low_confidence,159,0
B-01128,2023-08-20 17:23:53.981836,B,llm_agent,voice,loan_inquiry,0.807,2,3,24,767,0,0,none,631,1
B-01129,2023-10-03 19:02:10.716769,B,llm_agent,voice,unknown,0.36,3,4,154,2522,1,0,none,72,1
B-01130,2023-08-16 23:24:26.080431,B,llm_agent,voice,credit_inquiry,0.209,2,3,77,1004,0,1,low_confidence,574,0
B-01131,2023-11-01 17:51:34.155135,B,llm_agent,voice,investment_advice,0.688,2,3,180,835,0,0,none,149,1
B-01132,2023-10-26 21:12:52.625098,B,llm_agent,voice,unknown,0.127,2,3,172,1934,1,1,customer_request,262,0
B-01133,2023-10-09 11:28:34.516221,B,llm_agent,chat,request_statement,0.807,1,2,65,477,0,0,none,538,1
B-01134,2023-07-27 09:46:16.037023,B,llm_agent,chat,document_request,0.618,4,3,97,800,0,0,none,300,1
B-01135,2023-07-28 06:41:40.542660,B,llm_agent,voice,transaction_dispute,0.839,2,4,145,2404,0,1,low_confidence,645,1
B-01136,2023-09-05 20:34:21.831088,B,llm_agent,mobile_app,update_address,0.832,2,3,38,559,0,1,timeout,229,0
B-01137,2023-11-17 18:06:07.418138,B,llm_agent,voice,fund_movement,0.667,4,4,77,2360,0,0,none,528,1
B-01138,2023-08-23 10:22:01.630201,B,llm_agent,mobile_app,check_balance,0.879,2,2,94,514,0,0,none,601,1
B-01139,2023-10-25 04:26:47.628804,B,llm_agent,voice,check_balance,0.872,1,3,35,848,0,0,none,557,1
B-01140,2023-12-24 08:46:53.738999,B,llm_agent,voice,profile_update,0.453,2,5,83,2466,0,0,none,238,1
B-01141,2023-12-17 20:25:22.516687,B,llm_agent,voice,unknown,0.538,2,7,158,2016,1,0,none,267,1
B-01142,2023-08-29 11:16:01.426894,B,llm_agent,voice,transfer_funds,0.9,1,4,34,1115,0,1,unresolved,564,1
B-01143,2023-09-03 12:38:02.476780,B,llm_agent,mobile_app,check_balance,0.665,1,4,13,1033,0,0,none,590,1
B-01144,2023-12-26 11:16:34.044843,B,llm_agent,voice,make_payment,0.873,1,2,66,246,0,0,none,651,0
B-01145,2023-10-13 03:22:56.055072,B,llm_agent,voice,credit_inquiry,0.529,4,4,66,1500,0,1,low_confidence,155,1
B-01146,2023-10-16 15:52:18.635872,B,llm_agent,voice,transfer_funds,0.869,1,2,43,577,0,0,none,505,1
B-01147,2023-09-21 00:47:29.765771,B,llm_agent,voice,make_payment,0.93,1,2,81,419,0,0,none,219,1
B-01148,2023-07-19 16:19:32.836962,B,llm_agent,voice,make_payment,0.651,1,2,16,812,0,1,unresolved,229,1
B-01149,2023-07-05 17:15:55.804146,B,llm_agent,chat,make_payment,0.853,2,1,6,718,0,0,none,248,1
B-01150,2023-10-12 10:04:10.647238,B,llm_agent,chat,insurance_claim,0.568,3,6,83,1334,0,1,low_confidence,287,1
B-01151,2023-09-03 09:35:29.529236,B,llm_agent,voice,fund_movement,0.635,3,6,114,2122,0,0,none,62,1
B-01152,2023-10-07 21:52:09.208172,B,llm_agent,mobile_app,credit_inquiry,0.326,3,7,117,1684,0,1,low_confidence,638,1
B-01153,2023-12-17 07:25:10.946170,B,llm_agent,voice,payment_processing,0.526,2,3,176,1911,0,0,none,541,1
B-01154,2023-12-17 18:39:06.508804,B,llm_agent,chat,request_statement,0.788,1,2,61,818,0,0,none,661,1
B-01155,2023-08-13 11:28:53.676560,B,llm_agent,voice,profile_update,0.451,3,6,98,827,0,1,low_confidence,212,1
B-01156,2023-12-17 08:09:10.578021,B,llm_agent,voice,transaction_dispute,0.783,3,4,86,992,0,0,none,419,1
B-01157,2023-07-05 18:07:17.597586,B,llm_agent,mobile_app,fund_movement,0.389,2,4,194,1373,0,0,none,570,0
B-01158,2023-11-05 05:50:23.653383,B,llm_agent,voice,account_balance_check,0.643,2,5,184,1009,0,0,none,371,1
B-01159,2023-08-14 23:05:04.256038,B,llm_agent,voice,make_payment,0.954,2,4,88,1192,0,0,none,621,1
B-01160,2023-08-08 23:37:58.277121,B,llm_agent,voice,make_payment,0.819,2,2,26,1072,0,0,none,415,1
B-01161,2023-09-18 08:27:01.954462,B,llm_agent,voice,dispute_charge,0.576,2,2,89,1163,0,0,none,578,1
B-01162,2023-08-03 14:56:43.089482,B,llm_agent,voice,transaction_dispute,0.575,2,7,115,1094,0,0,none,432,0
B-01163,2023-11-25 16:49:01.089995,B,llm_agent,chat,card_management,0.488,4,6,55,2950,0,0,none,485,1
B-01164,2023-08-08 12:54:45.125703,B,llm_agent,chat,make_payment,0.976,1,3,90,1038,0,0,none,366,1
B-01165,2023-12-29 14:10:08.174520,B,llm_agent,voice,update_address,0.899,2,4,8,794,0,0,none,387,1
B-01166,2023-11-10 12:54:24.211618,B,llm_agent,voice,loan_inquiry,0.869,1,3,51,344,0,0,none,191,1
B-01167,2023-10-11 12:28:40.239375,B,llm_agent,voice,transaction_dispute,0.181,2,7,154,2635,0,0,none,118,1
B-01168,2023-08-02 16:49:22.522840,B,llm_agent,chat,request_statement,0.834,2,2,106,812,0,0,none,527,1
B-01169,2023-11-21 18:54:47.411268,B,llm_agent,chat,profile_update,0.566,2,5,102,2932,0,1,customer_request,156,1
B-01170,2023-10-16 23:19:56.995379,B,llm_agent,mobile_app,investment_advice,0.483,2,3,77,1708,0,0,none,513,0
B-01171,2023-08-11 03:59:51.457942,B,llm_agent,chat,transaction_dispute,0.52,2,6,139,2074,0,0,none,398,0
B-01172,2023-07-23 02:02:02.654308,B,llm_agent,chat,check_balance,0.757,1,3,63,263,0,0,none,80,1
B-01173,2023-12-28 22:45:33.264036,B,llm_agent,chat,account_balance_check,0.373,2,5,69,1120,0,0,none,426,1
B-01174,2023-10-14 15:07:29.880066,B,llm_agent,voice,document_request,0.87,3,7,186,2320,0,1,low_confidence,76,1
B-01175,2023-10-18 07:12:06.342018,B,llm_agent,chat,transaction_dispute,0.186,4,5,125,1892,0,0,none,680,0
B-01176,2023-08-27 18:27:22.287906,B,llm_agent,voice,make_payment,0.942,1,1,5,879,0,0,none,380,1
B-01177,2023-08-17 21:51:03.520917,B,llm_agent,chat,card_management,0.185,4,6,121,2894,0,0,none,197,1
B-01178,2023-09-02 00:49:13.483470,B,llm_agent,chat,investment_advice,0.502,3,4,93,2505,0,0,none,447,0
B-01179,2023-07-31 03:45:08.480637,B,llm_agent,chat,fund_movement,0.709,4,7,106,1691,0,0,none,311,1
B-01180,2023-11-06 01:11:57.445911,B,llm_agent,voice,document_request,0.051,3,3,107,1942,0,0,none,641,1
B-01181,2023-11-24 05:25:26.353749,B,llm_agent,mobile_app,freeze_card,0.84,1,3,22,561,0,1,low_confidence,264,1
B-01182,2023-10-03 20:53:58.790798,B,llm_agent,chat,transfer_funds,0.517,1,3,68,246,0,1,low_confidence,185,1
B-01183,2023-12-26 19:40:37.677313,B,llm_agent,voice,payment_processing,0.423,3,7,184,1797,0,0,none,350,1
B-01184,2023-10-12 13:03:24.255297,B,llm_agent,mobile_app,loan_inquiry,0.815,1,4,69,682,0,0,none,328,1
B-01185,2023-08-22 01:22:34.298670,B,llm_agent,chat,payment_processing,0.745,2,4,79,1479,0,0,none,441,1
B-01186,2023-08-31 23:12:20.952177,B,llm_agent,voice,dispute_charge,0.926,1,3,59,928,0,0,none,244,1
B-01187,2023-09-30 19:26:58.674199,B,llm_agent,voice,freeze_card,0.917,1,2,69,204,0,0,none,171,0
B-01188,2023-11-28 18:11:56.312622,B,llm_agent,mobile_app,loan_inquiry,0.907,2,2,87,797,0,0,none,709,1
B-01189,2023-12-29 04:18:50.627016,B,llm_agent,voice,dispute_charge,0.947,1,1,110,731,0,0,none,99,1
B-01190,2023-07-08 22:45:12.007921,B,llm_agent,chat,payment_processing,0.568,2,3,132,2872,0,0,none,488,1
B-01191,2023-09-30 10:51:11.001798,B,llm_agent,voice,freeze_card,0.679,1,3,65,380,0,0,none,166,0
B-01192,2023-07-17 13:13:11.997230,B,llm_agent,chat,card_management,0.257,4,5,76,2328,0,0,none,431,1
B-01193,2023-08-06 17:50:29.367089,B,llm_agent,voice,insurance_claim,0.466,4,5,124,2447,0,1,unresolved,180,1
B-01194,2023-10-20 03:14:21.483324,B,llm_agent,voice,freeze_card,0.918,2,3,84,1047,0,1,unresolved,75,0
B-01195,2023-07-13 06:30:54.055204,B,llm_agent,chat,transfer_funds,0.924,2,3,10,889,0,1,unresolved,419,1
B-01196,2023-10-21 01:56:20.863827,B,llm_agent,voice,unknown,0.553,3,5,131,1665,1,0,none,508,1
B-01197,2023-11-27 09:55:52.380138,B,llm_agent,mobile_app,make_payment,0.806,2,3,33,1185,0,0,none,614,1
B-01198,2023-07-08 14:43:20.181764,B,llm_agent,voice,request_statement,0.854,2,2,64,885,0,0,none,287,1
B-01199,2023-08-27 03:42:36.650794,B,llm_agent,voice,loan_inquiry,0.93,1,4,62,370,0,0,none,126,1
B-01200,2023-09-04 11:06:43.600179,B,llm_agent,chat,transaction_dispute,0.444,3,4,126,2526,0,0,none,468,1
B-01201,2023-08-10 05:17:03.299115,B,llm_agent,voice,investment_advice,0.634,2,4,196,2077,0,0,none,209,1
B-01202,2023-11-03 13:33:40.225173,B,llm_agent,voice,transfer_funds,0.931,1,2,113,368,0,0,none,83,1
B-01203,2023-10-18 20:51:50.502576,B,llm_agent,mobile_app,card_management,0.638,3,4,112,1640,0,0,none,403,1
B-01204,2023-09-14 01:55:29.588348,B,llm_agent,voice,request_statement,0.975,2,3,28,593,0,0,none,421,1
B-01205,2023-08-17 13:13:28.687630,B,llm_agent,chat,dispute_charge,0.483,2,4,37,254,0,0,none,101,1
B-01206,2023-09-08 19:21:33.363384,B,llm_agent,chat,account_balance_check,0.825,2,7,59,1097,0,1,low_confidence,164,1
B-01207,2023-11-14 18:50:42.273661,B,llm_agent,voice,card_management,0.557,4,4,97,1550,0,0,none,281,1
B-01208,2023-12-03 09:24:20.817206,B,llm_agent,chat,card_management,0.42,2,3,46,2970,0,0,none,683,1
B-01209,2023-08-20 19:14:51.253524,B,llm_agent,mobile_app,unknown,0.472,3,6,186,2934,1,0,none,180,1
B-01210,2023-12-18 02:22:53.472539,B,llm_agent,voice,make_payment,0.822,1,2,21,1012,0,0,none,123,1
B-01211,2023-07-26 22:12:02.979725,B,llm_agent,voice,update_address,0.596,2,1,64,507,0,0,none,302,1
B-01212,2023-07-25 18:48:58.243268,B,llm_agent,voice,loan_inquiry,0.634,2,3,119,279,0,0,none,204,1
B-01213,2023-11-03 00:52:57.802249,B,llm_agent,voice,loan_inquiry,0.959,2,4,75,878,0,0,none,688,1
B-01214,2023-09-05 17:25:22.029158,B,llm_agent,voice,unknown,0.589,4,3,58,1972,1,1,low_confidence,320,1
B-01215,2023-08-20 14:09:06.811946,B,llm_agent,chat,fund_movement,0.494,4,7,65,1760,0,0,none,200,1
B-01216,2023-09-29 10:22:06.473045,B,llm_agent,mobile_app,update_address,0.858,2,4,60,790,0,0,none,360,1
B-01217,2023-12-04 17:52:47.513198,B,llm_agent,chat,investment_advice,0.434,4,7,197,1411,0,0,none,152,1
B-01218,2023-11-21 09:43:43.866673,B,llm_agent,chat,account_balance_check,0.232,2,5,152,1778,0,0,none,642,1
B-01219,2023-11-18 09:51:31.835307,B,llm_agent,voice,transaction_dispute,0.346,2,7,78,1946,0,0,none,142,1
B-01220,2023-10-22 11:47:15.512127,B,llm_agent,voice,insurance_claim,0.369,4,7,79,1919,0,0,none,620,1
B-01221,2023-09-19 19:02:39.580109,B,llm_agent,chat,transfer_funds,0.706,2,2,81,1131,0,0,none,254,1
B-01222,2023-08-26 20:25:56.903638,B,llm_agent,chat,unknown,0.505,2,4,46,2047,1,0,none,170,1
B-01223,2023-10-13 15:14:50.367354,B,llm_agent,voice,transfer_funds,0.977,1,4,90,1056,0,0,none,512,1
B-01224,2023-11-24 09:48:48.280650,B,llm_agent,chat,check_balance,0.732,2,2,16,383,0,0,none,392,1
B-01225,2023-10-16 20:06:59.709461,B,llm_agent,voice,check_balance,0.717,1,1,93,372,0,0,none,341,1
B-01226,2023-07-08 17:55:46.639511,B,llm_agent,chat,card_management,0.5,4,3,103,1342,0,0,none,624,1
B-01227,2023-11-01 19:03:50.510064,B,llm_agent,voice,credit_inquiry,0.482,4,3,42,2114,0,0,none,232,1
B-01228,2023-09-22 07:59:01.688178,B,llm_agent,voice,update_address,0.483,2,1,112,517,0,1,unresolved,391,1
B-01229,2023-10-28 03:52:20.595015,B,llm_agent,chat,profile_update,0.822,3,5,168,1231,0,0,none,710,1
B-01230,2023-12-18 23:45:56.221472,B,llm_agent,chat,check_balance,0.874,2,2,22,786,0,1,unresolved,236,1
B-01231,2023-11-22 22:28:15.791700,B,llm_agent,mobile_app,transfer_funds,0.661,1,3,109,964,0,0,none,427,1
B-01232,2023-08-04 10:59:11.403021,B,llm_agent,voice,profile_update,0.305,3,3,42,1763,0,0,none,352,1
B-01233,2023-08-31 19:19:31.174792,B,llm_agent,chat,make_payment,0.644,1,4,95,1110,0,0,none,255,1
B-01234,2023-12-29 22:08:02.651607,B,llm_agent,chat,insurance_claim,0.366,4,4,62,1535,0,0,none,128,0
B-01235,2023-07-11 18:20:57.209390,B,llm_agent,chat,make_payment,0.773,2,1,34,833,0,0,none,59,1
B-01236,2023-07-07 01:41:11.701999,B,llm_agent,voice,transaction_dispute,0.477,2,6,125,926,0,0,none,360,0
B-01237,2023-07-12 00:30:31.138594,B,llm_agent,voice,make_payment,0.714,2,1,9,289,0,0,none,536,1
B-01238,2023-11-18 22:58:09.748728,B,llm_agent,chat,insurance_claim,0.473,4,6,152,2873,0,1,unresolved,395,1
B-01239,2023-10-16 22:42:19.352273,B,llm_agent,voice,dispute_charge,0.946,1,3,38,797,0,0,none,234,1
B-01240,2023-08-06 06:47:11.877404,B,llm_agent,chat,loan_inquiry,0.901,1,1,104,1021,0,1,unresolved,173,1
B-01241,2023-11-07 16:11:12.018764,B,llm_agent,mobile_app,document_request,0.657,2,5,189,2461,0,0,none,87,1
B-01242,2023-11-19 07:53:47.530632,B,llm_agent,chat,transaction_dispute,0.415,2,3,101,2540,0,0,none,274,1
B-01243,2023-11-10 15:50:43.827830,B,llm_agent,mobile_app,make_payment,0.784,1,2,81,726,0,0,none,547,1
B-01244,2023-08-24 09:00:11.800062,B,llm_agent,voice,payment_processing,0.825,3,4,135,2264,0,1,low_confidence,225,1
B-01245,2023-08-17 16:34:50.101996,B,llm_agent,voice,payment_processing,0.426,3,4,170,2666,0,0,none,158,1
B-01246,2023-08-11 02:54:52.035178,B,llm_agent,chat,document_request,0.622,4,4,199,1064,0,0,none,692,1
B-01247,2023-09-09 03:40:28.541985,B,llm_agent,voice,dispute_charge,0.886,1,2,6,809,0,0,none,448,0
B-01248,2023-07-15 10:04:49.148087,B,llm_agent,chat,request_statement,0.469,1,1,45,602,0,0,none,63,1
B-01249,2023-10-14 09:49:44.858709,B,llm_agent,chat,insurance_claim,0.235,2,6,124,2466,0,0,none,640,0
B-01250,2023-08-14 06:25:23.718801,B,llm_agent,chat,payment_processing,0.46,3,4,180,1168,0,0,none,553,1
B-01251,2023-10-08 03:39:33.313924,B,llm_agent,chat,transaction_dispute,0.568,2,6,40,2883,0,0,none,468,1
B-01252,2023-07-05 07:25:14.295143,B,llm_agent,mobile_app,make_payment,0.691,1,3,75,646,0,0,none,175,1
B-01253,2023-08-19 03:29:44.213557,B,llm_agent,chat,payment_processing,0.65,2,7,49,1501,0,0,none,452,1
B-01254,2023-07-05 07:07:35.492682,B,llm_agent,voice,profile_update,0.77,2,7,74,2447,0,0,none,284,1
B-01255,2023-08-25 13:44:58.133929,B,llm_agent,chat,fund_movement,0.554,4,4,87,805,0,0,none,218,1
B-01256,2023-09-02 01:49:45.082030,B,llm_agent,chat,unknown,0.667,4,4,195,931,1,0,none,507,1
B-01257,2023-09-20 23:21:19.601320,B,llm_agent,voice,unknown,0.178,2,7,78,2510,1,0,none,317,1
B-01258,2023-08-03 04:31:27.480307,B,llm_agent,chat,transfer_funds,0.72,1,2,36,733,0,0,none,624,1
B-01259,2023-12-05 23:21:36.681638,B,llm_agent,chat,transaction_dispute,0.639,2,3,152,1598,0,0,none,317,1
B-01260,2023-11-20 20:12:10.835801,B,llm_agent,voice,credit_inquiry,0.794,3,3,88,1217,0,1,low_confidence,46,1
B-01261,2023-11-30 02:05:49.675527,B,llm_agent,voice,request_statement,0.816,1,4,104,401,0,0,none,322,1
B-01262,2023-10-09 01:12:43.864159,B,llm_agent,chat,check_balance,0.637,2,2,44,1111,0,0,none,110,1
B-01263,2023-10-23 19:48:05.647825,B,llm_agent,mobile_app,make_payment,0.736,1,3,93,892,0,0,none,73,0
B-01264,2023-08-22 08:51:46.714404,B,llm_agent,chat,update_address,0.558,1,1,116,559,0,0,none,284,1
B-01265,2023-08-31 17:04:51.719835,B,llm_agent,voice,account_balance_check,0.537,4,4,42,1671,0,0,none,94,1
B-01266,2023-11-23 03:20:16.775038,B,llm_agent,chat,fund_movement,0.499,4,4,52,2659,0,1,timeout,375,1
B-01267,2023-10-11 04:05:53.031527,B,llm_agent,chat,request_statement,0.824,1,3,86,431,0,0,none,555,1
B-01268,2023-11-15 22:09:38.528332,B,llm_agent,voice,check_balance,0.942,1,4,76,471,0,0,none,699,1
B-01269,2023-09-17 01:19:35.416924,B,llm_agent,voice,profile_update,0.758,2,7,179,1635,0,0,none,195,1
B-01270,2023-12-28 01:30:50.356771,B,llm_agent,chat,loan_inquiry,0.827,1,4,91,1120,0,0,none,408,1
B-01271,2023-09-13 06:11:15.241401,B,llm_agent,chat,profile_update,0.674,4,5,68,2455,0,1,low_confidence,176,0
B-01272,2023-11-30 07:05:50.520658,B,llm_agent,mobile_app,payment_processing,0.173,4,3,99,1819,0,1,customer_request,422,1
B-01273,2023-08-01 01:19:55.953582,B,llm_agent,voice,fund_movement,0.42,4,6,179,1753,0,0,none,519,1
B-01274,2023-07-22 09:40:05.810282,B,llm_agent,mobile_app,update_address,0.795,2,3,49,651,0,0,none,625,1
B-01275,2023-11-22 16:13:57.617892,B,llm_agent,chat,payment_processing,0.733,3,5,169,937,0,0,none,190,1
B-01276,2023-09-29 16:12:06.337322,B,llm_agent,voice,make_payment,0.778,1,1,23,562,0,0,none,398,1
B-01277,2023-07-16 12:04:58.712520,B,llm_agent,chat,loan_inquiry,0.948,2,4,80,362,0,0,none,356,1
B-01278,2023-07-18 07:14:50.015987,B,llm_agent,chat,loan_inquiry,0.958,1,4,23,833,0,0,none,206,1
B-01279,2023-09-27 22:05:00.364780,B,llm_agent,voice,card_management,0.24,2,3,102,1703,0,1,unresolved,103,1
B-01280,2023-11-15 23:04:11.925031,B,llm_agent,voice,card_management,0.742,4,3,156,2254,0,0,none,170,1
B-01281,2023-07-03 01:10:35.296803,B,llm_agent,chat,loan_inquiry,0.916,2,1,79,424,0,0,none,539,1
B-01282,2023-09-09 11:24:23.968563,B,llm_agent,mobile_app,payment_processing,0.825,3,7,191,1882,0,1,unresolved,366,1
B-01283,2023-08-19 01:03:56.523482,B,llm_agent,chat,profile_update,0.319,4,6,135,1933,0,0,none,511,0
B-01284,2023-09-29 13:41:47.387551,B,llm_agent,voice,request_statement,0.812,2,4,116,998,0,0,none,239,0
B-01285,2023-12-28 00:57:22.413197,B,llm_agent,mobile_app,fund_movement,0.63,4,4,97,2841,0,0,none,180,1
B-01286,2023-09-05 17:10:38.245899,B,llm_agent,mobile_app,transaction_dispute,0.782,3,6,195,871,0,0,none,202,1
B-01287,2023-10-11 09:32:00.691541,B,llm_agent,voice,card_management,0.162,3,5,60,1386,0,1,low_confidence,452,1
B-01288,2023-12-08 10:22:16.186352,B,llm_agent,voice,transaction_dispute,0.314,2,7,195,1865,0,0,none,319,1
B-01289,2023-11-09 13:48:43.048413,B,llm_agent,chat,insurance_claim,0.131,2,3,87,2761,0,1,customer_request,542,1
B-01290,2023-11-19 01:31:46.870178,B,llm_agent,voice,document_request,0.331,4,7,170,1232,0,0,none,235,1
B-01291,2023-08-06 10:38:55.200130,B,llm_agent,voice,credit_inquiry,0.619,2,6,194,1178,0,0,none,397,1
B-01292,2023-10-02 14:43:03.056088,B,llm_agent,mobile_app,insurance_claim,0.491,4,3,69,2859,0,0,none,381,1
B-01293,2023-12-19 23:26:02.111367,B,llm_agent,voice,transfer_funds,0.744,2,3,40,778,0,1,customer_request,287,1
B-01294,2023-08-26 10:59:19.960428,B,llm_agent,chat,card_management,0.631,3,7,185,2649,0,0,none,664,1
B-01295,2023-08-25 00:58:03.273342,B,llm_agent,voice,update_address,0.617,2,3,113,391,0,0,none,499,1
B-01296,2023-07-15 13:17:10.070567,B,llm_agent,chat,check_balance,0.827,2,1,104,788,0,0,none,343,0
B-01297,2023-10-15 10:26:39.975705,B,llm_agent,voice,update_address,0.869,2,1,33,1053,0,0,none,327,1
B-01298,2023-10-01 23:41:58.828878,B,llm_agent,mobile_app,credit_inquiry,0.875,4,3,156,1177,0,0,none,161,1
B-01299,2023-12-08 07:48:01.848130,B,llm_agent,mobile_app,unknown,0.463,2,5,52,1630,1,1,unresolved,452,1
B-01300,2023-09-25 16:30:21.786000,B,llm_agent,voice,payment_processing,0.35,2,6,181,2192,0,0,none,329,1
B-01301,2023-10-17 15:37:49.801932,B,llm_agent,mobile_app,check_balance,0.554,2,3,119,671,0,0,none,527,1
B-01302,2023-11-02 09:00:59.355857,B,llm_agent,chat,transfer_funds,0.893,2,1,43,404,0,0,none,500,0
B-01303,2023-11-05 18:43:34.614433,B,llm_agent,voice,payment_processing,0.341,4,7,154,1311,0,1,low_confidence,197,1
B-01304,2023-12-30 12:58:35.028990,B,llm_agent,voice,dispute_charge,0.728,1,1,87,201,0,0,none,630,0
B-01305,2023-08-05 14:58:27.511255,B,llm_agent,chat,update_address,0.584,1,2,101,302,0,0,none,650,1
B-01306,2023-08-25 15:25:22.647558,B,llm_agent,voice,insurance_claim,0.296,2,5,182,1044,0,1,low_confidence,471,1
B-01307,2023-11-09 19:26:43.330272,B,llm_agent,mobile_app,document_request,0.56,3,3,44,2473,0,0,none,454,1
B-01308,2023-10-08 23:27:16.441373,B,llm_agent,chat,update_address,0.937,2,3,45,993,0,0,none,429,1
B-01309,2023-09-07 14:49:22.222380,B,llm_agent,voice,card_management,0.219,3,5,104,1929,0,0,none,529,1
B-01310,2023-08-04 21:50:26.164592,B,llm_agent,mobile_app,transaction_dispute,0.674,2,5,185,2280,0,0,none,348,1
B-01311,2023-08-29 15:28:34.233592,B,llm_agent,voice,dispute_charge,0.757,1,1,86,602,0,0,none,143,1
B-01312,2023-12-20 09:24:36.061532,B,llm_agent,voice,update_address,0.766,1,2,100,1085,0,0,none,413,1
B-01313,2023-10-11 00:38:02.618435,B,llm_agent,voice,transaction_dispute,0.403,3,7,64,1404,0,0,none,81,1
B-01314,2023-11-16 13:52:51.090943,B,llm_agent,voice,credit_inquiry,0.574,3,6,178,861,0,0,none,595,1
B-01315,2023-08-20 18:51:04.722768,B,llm_agent,voice,account_balance_check,0.356,4,3,95,2008,0,0,none,631,1
B-01316,2023-10-02 16:25:17.487775,B,llm_agent,voice,investment_advice,0.701,4,5,49,2251,0,1,unresolved,241,1
B-01317,2023-08-03 16:39:53.227677,B,llm_agent,voice,freeze_card,0.599,1,4,106,565,0,0,none,235,1
B-01318,2023-10-12 00:07:25.986996,B,llm_agent,chat,unknown,0.675,3,4,67,1222,1,0,none,536,1
B-01319,2023-07-28 01:14:07.260637,B,llm_agent,chat,freeze_card,0.979,1,1,89,366,0,0,none,417,1
B-01320,2023-11-30 21:12:05.873101,B,llm_agent,voice,credit_inquiry,0.377,4,5,166,2834,0,0,none,529,1
B-01321,2023-07-24 13:02:50.672422,B,llm_agent,chat,payment_processing,0.673,2,5,131,988,0,0,none,276,1
B-01322,2023-11-25 19:02:18.873938,B,llm_agent,mobile_app,unknown,0.332,4,4,194,832,1,0,none,526,1
B-01323,2023-07-13 19:11:50.880533,B,llm_agent,voice,payment_processing,0.548,2,5,48,1180,0,1,low_confidence,468,1
B-01324,2023-12-16 13:55:01.595443,B,llm_agent,mobile_app,payment_processing,0.229,2,3,162,2922,0,0,none,436,0
B-01325,2023-12-02 07:23:01.363375,B,llm_agent,chat,update_address,0.714,2,4,20,265,0,0,none,485,1
B-01326,2023-11-05 11:17:40.346155,B,llm_agent,voice,freeze_card,0.706,1,4,14,437,0,0,none,112,1
B-01327,2023-10-31 10:09:13.158987,B,llm_agent,chat,transfer_funds,0.744,2,3,97,915,0,1,timeout,178,1
B-01328,2023-09-10 16:18:12.545979,B,llm_agent,voice,check_balance,0.821,1,2,13,211,0,0,none,671,1
B-01329,2023-12-30 06:00:45.175854,B,llm_agent,voice,make_payment,0.481,2,3,25,219,0,0,none,613,1
B-01330,2023-07-01 18:42:53.770041,B,llm_agent,voice,transfer_funds,0.68,1,1,81,1103,0,0,none,708,1
B-01331,2023-07-09 16:23:37.898252,B,llm_agent,chat,loan_inquiry,0.923,2,4,64,897,0,0,none,429,1
B-01332,2023-11-09 10:33:04.814974,B,llm_agent,chat,investment_advice,0.367,2,7,165,1343,0,0,none,645,1
B-01333,2023-10-18 05:21:47.033429,B,llm_agent,voice,payment_processing,0.477,4,4,80,1656,0,1,low_confidence,588,1
B-01334,2023-08-17 10:55:49.048812,B,llm_agent,voice,check_balance,0.785,2,3,78,974,0,0,none,662,1
B-01335,2023-09-09 19:08:05.811111,B,llm_agent,chat,request_statement,0.95,1,2,81,356,0,1,unresolved,392,1
B-01336,2023-10-18 13:58:50.390100,B,llm_agent,voice,check_balance,0.531,2,4,75,608,0,0,none,627,1
B-01337,2023-09-14 11:14:18.066466,B,llm_agent,voice,card_management,0.601,2,3,166,2078,0,1,customer_request,660,1
B-01338,2023-07-12 09:37:02.451096,B,llm_agent,voice,account_balance_check,0.601,3,5,166,1346,0,0,none,189,0
B-01339,2023-07-07 12:22:19.757640,B,llm_agent,voice,loan_inquiry,0.865,2,3,7,906,0,0,none,584,1
B-01340,2023-09-20 04:46:33.406696,B,llm_agent,voice,check_balance,0.748,2,2,69,1165,0,1,unresolved,142,1
B-01341,2023-09-25 19:33:39.199103,B,llm_agent,mobile_app,freeze_card,0.91,2,1,109,575,0,1,unresolved,475,1
B-01342,2023-10-31 07:25:21.128907,B,llm_agent,chat,payment_processing,0.028,3,7,66,1620,0,0,none,98,1
B-01343,2023-12-28 03:00:10.314227,B,llm_agent,chat,make_payment,0.506,2,4,99,546,0,0,none,514,1
B-01344,2023-07-15 07:51:36.581278,B,llm_agent,voice,fund_movement,0.445,4,3,148,1610,0,0,none,93,1
B-01345,2023-08-21 05:41:22.679914,B,llm_agent,chat,investment_advice,0.182,4,6,195,1188,0,0,none,414,0
B-01346,2023-10-15 12:30:25.230555,B,llm_agent,chat,update_address,0.895,1,2,48,1014,0,0,none,546,1
B-01347,2023-09-02 15:41:43.651317,B,llm_agent,voice,insurance_claim,0.418,3,3,43,2581,0,0,none,463,1
B-01348,2023-08-24 01:43:28.722030,B,llm_agent,chat,unknown,0.457,4,6,85,1360,1,0,none,238,1
B-01349,2023-08-26 05:24:07.418726,B,llm_agent,chat,update_address,0.77,1,1,25,402,0,0,none,636,0
B-01350,2023-08-09 08:34:08.239437,B,llm_agent,voice,make_payment,0.75,1,4,70,1028,0,0,none,257,1
B-01351,2023-10-21 20:00:44.892816,B,llm_agent,voice,check_balance,0.903,1,2,79,544,0,0,none,536,1
B-01352,2023-10-25 00:21:56.419103,B,llm_agent,voice,check_balance,0.907,2,1,42,571,0,0,none,550,1
B-01353,2023-11-07 08:49:40.544790,B,llm_agent,voice,insurance_claim,0.452,4,7,55,1075,0,0,none,84,1
B-01354,2023-07-25 06:35:06.885051,B,llm_agent,chat,investment_advice,0.207,2,7,69,2276,0,1,low_confidence,162,0
B-01355,2023-08-02 21:58:40.808534,B,llm_agent,voice,transfer_funds,0.854,2,4,55,529,0,0,none,678,0
B-01356,2023-12-30 10:19:03.273093,B,llm_agent,chat,make_payment,0.586,1,4,90,400,0,1,low_confidence,434,1
B-01357,2023-08-15 00:40:06.876362,B,llm_agent,voice,payment_processing,0.057,4,5,104,2684,0,1,customer_request,33,1
B-01358,2023-10-21 03:05:12.955346,B,llm_agent,chat,insurance_claim,0.73,4,7,75,2977,0,0,none,479,1
B-01359,2023-07-16 23:03:43.509614,B,llm_agent,chat,insurance_claim,0.749,3,5,128,2275,0,0,none,189,1
B-01360,2023-11-13 09:22:21.480140,B,llm_agent,mobile_app,card_management,0.727,2,3,186,2333,0,0,none,256,1
B-01361,2023-07-26 09:51:13.081987,B,llm_agent,voice,make_payment,0.763,2,4,53,1132,0,0,none,567,1
B-01362,2023-09-12 03:43:06.124357,B,llm_agent,voice,check_balance,0.799,2,4,78,801,0,0,none,362,0
B-01363,2023-08-10 08:11:56.293823,B,llm_agent,voice,payment_processing,0.38,3,6,122,1166,0,0,none,660,0
B-01364,2023-09-17 02:22:58.354116,B,llm_agent,voice,make_payment,0.828,2,4,89,790,0,0,none,362,0
B-01365,2023-12-18 03:04:31.645599,B,llm_agent,voice,request_statement,0.79,2,2,26,239,0,0,none,436,0
B-01366,2023-08-17 08:55:23.367997,B,llm_agent,chat,check_balance,0.823,1,3,5,374,0,0,none,457,1
B-01367,2023-08-02 06:55:16.214132,B,llm_agent,voice,check_balance,0.819,1,4,112,388,0,0,none,514,1
B-01368,2023-07-15 00:49:36.627688,B,llm_agent,voice,transfer_funds,0.775,2,2,90,944,0,1,unresolved,396,1
B-01369,2023-08-05 08:16:32.987498,B,llm_agent,voice,check_balance,0.946,2,4,8,421,0,1,customer_request,268,1
B-01370,2023-11-21 06:32:59.332336,B,llm_agent,mobile_app,freeze_card,0.681,1,1,9,1175,0,0,none,283,0
B-01371,2023-08-08 08:10:25.138866,B,llm_agent,voice,request_statement,0.764,1,2,90,454,0,0,none,31,0
B-01372,2023-12-22 04:40:11.491649,B,llm_agent,mobile_app,transfer_funds,0.745,2,3,71,592,0,0,none,643,1
B-01373,2023-08-22 12:56:04.109073,B,llm_agent,chat,payment_processing,0.559,2,6,102,956,0,0,none,314,0
B-01374,2023-08-15 16:33:52.410078,B,llm_agent,chat,dispute_charge,0.626,2,3,17,933,0,1,customer_request,577,0
B-01375,2023-11-28 12:46:45.345406,B,llm_agent,voice,investment_advice,0.533,4,6,54,1152,0,1,low_confidence,310,1
B-01376,2023-10-18 23:13:32.993815,B,llm_agent,chat,transfer_funds,0.844,1,4,96,526,0,0,none,454,0
B-01377,2023-09-22 14:21:27.283407,B,llm_agent,voice,transfer_funds,0.854,2,3,20,981,0,0,none,539,0
B-01378,2023-08-01 21:00:18.237644,B,llm_agent,chat,make_payment,0.83,2,4,7,486,0,0,none,358,1
B-01379,2023-11-07 20:38:27.570632,B,llm_agent,voice,freeze_card,0.937,2,1,110,1178,0,1,low_confidence,332,1
B-01380,2023-10-23 17:59:49.316457,B,llm_agent,voice,unknown,0.205,3,5,108,2525,1,0,none,357,1
B-01381,2023-12-21 08:06:21.453424,B,llm_agent,voice,fund_movement,0.715,2,4,172,2477,0,0,none,446,0
B-01382,2023-12-24 06:27:14.633412,B,llm_agent,voice,unknown,0.731,2,7,58,1498,1,0,none,347,1
B-01383,2023-10-18 23:31:43.909641,B,llm_agent,voice,check_balance,0.891,2,1,70,324,0,0,none,543,1
B-01384,2023-08-21 05:53:42.739765,B,llm_agent,voice,card_management,0.617,2,7,124,2060,0,0,none,471,1
B-01385,2023-12-12 05:06:41.431763,B,llm_agent,voice,loan_inquiry,0.636,2,2,23,214,0,0,none,577,1
B-01386,2023-08-02 00:21:04.143340,B,llm_agent,mobile_app,loan_inquiry,0.916,1,4,112,741,0,0,none,570,0
B-01387,2023-10-19 01:35:38.706210,B,llm_agent,mobile_app,account_balance_check,0.285,2,3,133,1378,0,0,none,571,1
B-01388,2023-08-02 15:38:24.889653,B,llm_agent,mobile_app,check_balance,0.711,2,3,63,678,0,0,none,209,0
B-01389,2023-09-23 11:58:41.542082,B,llm_agent,chat,request_statement,0.941,2,4,92,1021,0,0,none,302,1
B-01390,2023-07-29 04:03:06.999040,B,llm_agent,voice,dispute_charge,0.764,2,3,107,862,0,0,none,498,1
B-01391,2023-12-29 06:34:01.697023,B,llm_agent,chat,investment_advice,0.63,2,6,43,2516,0,1,low_confidence,280,1
B-01392,2023-08-01 00:18:03.871351,B,llm_agent,voice,make_payment,0.794,1,2,10,533,0,1,low_confidence,469,1
B-01393,2023-10-18 22:33:38.921518,B,llm_agent,chat,unknown,0.551,2,6,140,1042,1,0,none,319,1
B-01394,2023-08-23 18:26:03.817395,B,llm_agent,voice,transaction_dispute,0.469,3,5,158,1438,0,0,none,329,0
B-01395,2023-12-17 08:40:44.964077,B,llm_agent,mobile_app,payment_processing,0.261,4,3,169,995,0,0,none,542,1
B-01396,2023-12-14 21:18:10.769340,B,llm_agent,voice,payment_processing,0.38,2,3,173,1590,0,0,none,107,1
B-01397,2023-12-05 16:27:12.942258,B,llm_agent,chat,transaction_dispute,0.508,2,4,95,2660,0,1,customer_request,608,1
B-01398,2023-10-19 22:16:44.373148,B,llm_agent,chat,loan_inquiry,0.545,1,4,6,256,0,0,none,438,1
B-01399,2023-09-07 20:32:17.480397,B,llm_agent,mobile_app,transfer_funds,0.853,2,3,43,401,0,0,none,35,0
B-01400,2023-10-28 09:21:36.868037,B,llm_agent,voice,unknown,0.572,2,3,85,2963,1,0,none,56,1
B-01401,2023-07-16 14:19:17.731915,B,llm_agent,voice,loan_inquiry,0.956,2,3,77,509,0,0,none,283,1
B-01402,2023-07-02 23:04:56.137306,B,llm_agent,voice,document_request,0.46,4,4,166,2956,0,0,none,694,1
B-01403,2023-09-27 23:19:27.216105,B,llm_agent,chat,credit_inquiry,0.544,2,4,107,1537,0,0,none,41,1
B-01404,2023-09-09 06:20:00.310764,B,llm_agent,voice,card_management,0.643,3,4,159,2004,0,0,none,454,1
B-01405,2023-12-06 09:20:11.734197,B,llm_agent,chat,check_balance,0.684,2,4,48,908,0,0,none,512,0
B-01406,2023-11-09 01:10:49.339300,B,llm_agent,chat,transfer_funds,0.848,1,4,113,342,0,0,none,182,1
B-01407,2023-12-15 04:47:39.545172,B,llm_agent,voice,transfer_funds,0.678,2,4,56,1121,0,0,none,110,1
B-01408,2023-07-15 20:31:18.119838,B,llm_agent,voice,freeze_card,0.857,1,1,90,424,0,0,none,525,1
B-01409,2023-11-08 16:28:47.542042,B,llm_agent,chat,update_address,0.627,2,1,33,482,0,0,none,558,1
B-01410,2023-10-06 18:35:22.205195,B,llm_agent,mobile_app,investment_advice,0.679,4,3,129,2938,0,0,none,426,1
B-01411,2023-07-01 01:09:51.593848,B,llm_agent,mobile_app,fund_movement,0.733,4,4,184,2416,0,0,none,562,0
B-01412,2023-07-11 00:19:45.590778,B,llm_agent,chat,make_payment,0.821,1,3,101,743,0,0,none,429,1
B-01413,2023-12-27 05:31:39.705049,B,llm_agent,voice,check_balance,0.975,2,4,59,600,0,0,none,393,1
B-01414,2023-08-14 19:49:34.845834,B,llm_agent,voice,fund_movement,0.418,4,6,57,926,0,0,none,405,1
B-01415,2023-07-23 08:50:15.636241,B,llm_agent,mobile_app,card_management,0.646,4,5,187,2745,0,1,low_confidence,352,1
B-01416,2023-10-14 23:00:02.555946,B,llm_agent,chat,investment_advice,0.677,4,5,87,2856,0,1,timeout,566,1
B-01417,2023-07-24 07:08:24.745621,B,llm_agent,voice,transfer_funds,0.363,2,1,19,1046,0,0,none,217,1
B-01418,2023-10-27 19:42:01.945578,B,llm_agent,voice,loan_inquiry,0.962,1,1,78,1029,0,0,none,536,1
B-01419,2023-09-06 23:58:58.667949,B,llm_agent,voice,credit_inquiry,0.792,3,3,198,2899,0,1,low_confidence,304,1
B-01420,2023-11-15 14:03:57.648041,B,llm_agent,chat,transfer_funds,0.68,1,2,116,698,0,0,none,312,1
B-01421,2023-09-22 00:40:01.218324,B,llm_agent,chat,transfer_funds,0.856,2,3,63,588,0,0,none,165,1
B-01422,2023-11-19 13:14:57.221829,B,llm_agent,mobile_app,check_balance,0.661,2,2,40,1020,0,0,none,525,0
B-01423,2023-10-21 21:11:01.876249,B,llm_agent,voice,credit_inquiry,0.968,4,5,78,2732,0,0,none,520,1
B-01424,2023-11-13 17:23:16.958994,B,llm_agent,voice,payment_processing,0.451,2,5,182,1885,0,0,none,252,0
B-01425,2023-12-12 14:35:44.358321,B,llm_agent,voice,account_balance_check,0.375,3,6,158,2199,0,0,none,67,1
B-01426,2023-10-15 19:02:55.425945,B,llm_agent,chat,update_address,0.856,1,2,97,807,0,0,none,376,1
B-01427,2023-08-28 09:15:17.455116,B,llm_agent,chat,account_balance_check,0.311,4,5,134,1355,0,1,unresolved,653,1
B-01428,2023-10-26 21:01:54.995375,B,llm_agent,voice,make_payment,0.77,2,2,88,902,0,0,none,173,1
B-01429,2023-08-23 23:12:52.216528,B,llm_agent,voice,unknown,0.762,4,3,131,1670,1,0,none,579,1
B-01430,2023-09-15 12:35:40.180846,B,llm_agent,chat,account_balance_check,0.312,3,4,98,1749,0,1,low_confidence,156,1
B-01431,2023-08-15 16:39:35.767808,B,llm_agent,voice,update_address,0.416,1,3,27,537,0,0,none,34,1
B-01432,2023-10-16 22:48:08.903535,B,llm_agent,voice,dispute_charge,0.901,2,1,16,1108,0,0,none,87,1
B-01433,2023-09-02 01:51:45.476300,B,llm_agent,voice,unknown,0.337,2,5,79,2477,1,0,none,594,1
B-01434,2023-07-26 11:33:49.947979,B,llm_agent,voice,document_request,0.673,4,5,67,2447,0,0,none,469,1
B-01435,2023-10-23 10:05:07.381360,B,llm_agent,voice,fund_movement,0.529,3,5,109,1619,0,0,none,645,1
B-01436,2023-12-18 03:41:41.968532,B,llm_agent,voice,freeze_card,0.892,1,1,24,890,0,1,customer_request,616,1
B-01437,2023-07-18 09:39:35.715440,B,llm_agent,voice,transaction_dispute,0.189,3,4,108,2153,0,0,none,305,1
B-01438,2023-12-30 16:45:10.065560,B,llm_agent,mobile_app,profile_update,0.63,3,7,92,2193,0,0,none,412,1
B-01439,2023-11-18 05:47:10.218654,B,llm_agent,chat,update_address,0.784,2,1,50,1094,0,1,low_confidence,617,1
B-01440,2023-09-12 11:28:53.144417,B,llm_agent,voice,document_request,0.359,2,4,145,1378,0,1,low_confidence,305,0
B-01441,2023-11-13 21:22:03.718569,B,llm_agent,voice,payment_processing,0.266,3,4,103,1811,0,0,none,151,0
B-01442,2023-12-30 08:08:40.898041,B,llm_agent,chat,insurance_claim,0.669,3,5,187,2587,0,0,none,446,1
B-01443,2023-09-24 03:59:07.197903,B,llm_agent,voice,insurance_claim,0.424,3,5,165,2781,0,1,low_confidence,601,1
B-01444,2023-08-04 11:14:45.179668,B,llm_agent,voice,loan_inquiry,0.962,1,1,53,637,0,0,none,618,1
B-01445,2023-07-21 23:07:11.418995,B,llm_agent,voice,card_management,0.355,4,4,51,2535,0,0,none,670,1
B-01446,2023-12-13 15:28:36.066958,B,llm_agent,mobile_app,freeze_card,0.697,2,3,24,1194,0,0,none,461,1
B-01447,2023-12-13 05:06:08.737302,B,llm_agent,voice,check_balance,0.485,2,1,66,969,0,0,none,185,1
B-01448,2023-11-01 10:57:01.904463,B,llm_agent,chat,freeze_card,0.729,2,1,25,1014,0,1,unresolved,636,1
B-01449,2023-12-10 17:57:49.610054,B,llm_agent,voice,freeze_card,0.966,2,1,119,690,0,0,none,480,0
B-01450,2023-12-20 19:05:24.335660,B,llm_agent,voice,fund_movement,0.465,4,6,81,2002,0,1,unresolved,110,0
B-01451,2023-11-01 19:27:50.468943,B,llm_agent,chat,payment_processing,0.412,3,5,53,2328,0,0,none,141,1
B-01452,2023-07-01 17:46:35.917739,B,llm_agent,voice,freeze_card,0.716,2,3,76,467,0,1,unresolved,90,0
B-01453,2023-08-28 07:20:18.676820,B,llm_agent,voice,unknown,0.428,3,5,158,1113,1,0,none,600,1
B-01454,2023-08-06 23:51:35.816477,B,llm_agent,mobile_app,investment_advice,0.407,3,7,88,2614,0,0,none,103,1
B-01455,2023-10-12 11:51:11.942415,B,llm_agent,chat,check_balance,0.896,2,4,17,381,0,0,none,678,1
B-01456,2023-10-21 17:51:47.034449,B,llm_agent,voice,freeze_card,0.484,2,2,67,891,0,0,none,479,1
B-01457,2023-12-22 04:32:39.621925,B,llm_agent,voice,dispute_charge,0.971,2,3,84,347,0,0,none,595,1
B-01458,2023-12-19 14:48:51.111888,B,llm_agent,voice,payment_processing,0.439,2,4,147,1334,0,1,customer_request,277,1
B-01459,2023-07-13 00:36:46.450387,B,llm_agent,voice,make_payment,0.797,1,4,62,625,0,0,none,613,1
B-01460,2023-11-15 11:37:30.320050,B,llm_agent,chat,document_request,0.479,3,5,159,2150,0,0,none,77,1
B-01461,2023-09-24 02:19:09.572003,B,llm_agent,chat,profile_update,0.077,2,3,73,2052,0,0,none,415,1
B-01462,2023-12-06 20:46:37.939876,B,llm_agent,chat,check_balance,0.691,2,4,24,1009,0,1,low_confidence,580,0
B-01463,2023-07-02 12:27:55.678738,B,llm_agent,chat,account_balance_check,0.252,4,3,62,1452,0,1,unresolved,114,0
B-01464,2023-09-27 19:13:36.876130,B,llm_agent,voice,account_balance_check,0.304,3,3,73,2610,0,1,low_confidence,609,1
B-01465,2023-09-03 16:02:03.428269,B,llm_agent,chat,account_balance_check,0.614,2,7,118,1978,0,1,unresolved,244,1
B-01466,2023-09-30 01:50:42.582587,B,llm_agent,voice,dispute_charge,0.797,2,3,118,491,0,0,none,271,0
B-01467,2023-11-14 21:28:20.603320,B,llm_agent,voice,dispute_charge,0.787,1,1,65,834,0,0,none,619,1
B-01468,2023-11-08 23:55:57.919199,B,llm_agent,voice,card_management,0.705,3,5,123,1306,0,0,none,460,1
B-01469,2023-08-11 23:01:41.455785,B,llm_agent,mobile_app,request_statement,0.859,2,3,101,1195,0,0,none,581,1
B-01470,2023-07-29 05:56:54.523985,B,llm_agent,chat,update_address,0.775,1,1,92,970,0,0,none,636,1
B-01471,2023-10-08 07:00:54.194337,B,llm_agent,chat,check_balance,0.972,1,4,38,866,0,0,none,598,1
B-01472,2023-11-18 17:12:28.070074,B,llm_agent,chat,check_balance,0.695,1,2,88,347,0,0,none,606,1
B-01473,2023-12-30 19:57:38.633700,B,llm_agent,mobile_app,document_request,0.349,2,5,121,1788,0,0,none,637,1
B-01474,2023-07-01 01:11:26.278143,B,llm_agent,voice,transfer_funds,0.855,1,4,38,708,0,0,none,558,1
B-01475,2023-08-23 16:11:56.267478,B,llm_agent,voice,loan_inquiry,0.735,2,4,64,844,0,1,low_confidence,533,1
B-01476,2023-11-29 14:25:05.143902,B,llm_agent,chat,fund_movement,0.56,4,3,69,2626,0,1,unresolved,157,1
B-01477,2023-10-04 01:31:53.964589,B,llm_agent,chat,update_address,0.929,2,2,93,989,0,0,none,198,1
B-01478,2023-07-19 22:28:11.306142,B,llm_agent,mobile_app,transfer_funds,0.862,1,4,31,812,0,0,none,284,0
B-01479,2023-08-09 23:34:15.680443,B,llm_agent,mobile_app,make_payment,0.704,1,4,87,880,0,0,none,255,0
B-01480,2023-09-05 16:17:44.146380,B,llm_agent,voice,dispute_charge,0.827,2,4,104,893,0,0,none,75,1
B-01481,2023-12-30 15:01:46.032499,B,llm_agent,voice,dispute_charge,0.956,2,2,87,504,0,0,none,442,1
B-01482,2023-10-12 09:06:09.938853,B,llm_agent,voice,transfer_funds,0.505,2,1,65,226,0,0,none,325,1
B-01483,2023-09-14 06:57:34.307296,B,llm_agent,voice,transaction_dispute,0.137,3,4,41,2697,0,1,low_confidence,399,1
B-01484,2023-11-04 21:14:20.614018,B,llm_agent,voice,fund_movement,0.188,4,5,71,2409,0,1,timeout,422,1
B-01485,2023-08-30 21:04:01.381610,B,llm_agent,voice,transaction_dispute,0.608,2,4,92,1709,0,0,none,446,1
B-01486,2023-08-28 20:06:24.533040,B,llm_agent,chat,request_statement,0.935,1,2,67,747,0,1,low_confidence,588,1
B-01487,2023-07-25 00:09:24.300487,B,llm_agent,chat,transfer_funds,0.821,2,4,19,510,0,0,none,578,1
B-01488,2023-10-09 04:12:02.787165,B,llm_agent,chat,make_payment,0.762,2,1,54,982,0,0,none,109,1
B-01489,2023-11-27 21:52:15.518676,B,llm_agent,voice,request_statement,0.827,2,1,48,527,0,0,none,502,0
B-01490,2023-10-02 09:05:33.942811,B,llm_agent,voice,update_address,0.681,1,1,65,1101,0,0,none,112,1
B-01491,2023-12-29 03:30:16.755853,B,llm_agent,mobile_app,account_balance_check,0.731,3,6,84,2916,0,1,low_confidence,236,1
B-01492,2023-10-25 13:12:08.138668,B,llm_agent,voice,unknown,0.554,4,5,148,1387,1,0,none,269,0
B-01493,2023-10-07 23:31:30.788008,B,llm_agent,voice,transaction_dispute,0.479,4,7,158,1549,0,0,none,453,1
B-01494,2023-10-01 15:12:46.039158,B,llm_agent,voice,insurance_claim,0.266,3,5,157,2841,0,0,none,266,0
B-01495,2023-07-15 09:12:48.505340,B,llm_agent,voice,profile_update,0.294,4,7,136,993,0,1,unresolved,195,1
B-01496,2023-12-27 14:15:22.333616,B,llm_agent,chat,transfer_funds,0.791,1,4,26,452,0,1,timeout,647,1
B-01497,2023-12-05 22:06:26.120332,B,llm_agent,voice,payment_processing,0.273,3,5,69,909,0,1,customer_request,656,1
B-01498,2023-07-29 04:26:50.511242,B,llm_agent,chat,document_request,0.362,2,7,109,1776,0,0,none,560,1
B-01499,2023-12-27 10:37:18.985005,B,llm_agent,voice,update_address,0.946,2,2,26,881,0,0,none,641,1
B-01500,2023-07-31 13:49:46.742639,B,llm_agent,chat,loan_inquiry,0.805,1,2,76,368,0,0,none,295,0
B-01501,2023-07-14 00:30:57.264752,B,llm_agent,voice,update_address,0.903,2,4,50,269,0,0,none,342,1
B-01502,2023-09-25 01:46:00.681211,B,llm_agent,voice,check_balance,0.745,1,3,28,887,0,0,none,58,1
B-01503,2023-08-10 21:45:49.881079,B,llm_agent,chat,profile_update,0.181,2,3,53,1874,0,0,none,56,1
B-01504,2023-07-16 11:06:25.598274,B,llm_agent,voice,dispute_charge,0.608,1,2,51,693,0,0,none,234,0
B-01505,2023-08-17 17:04:03.514409,B,llm_agent,chat,request_statement,0.954,1,2,22,614,0,0,none,367,1
B-01506,2023-09-06 18:10:20.916620,B,llm_agent,voice,payment_processing,0.286,2,6,162,2677,0,0,none,698,1
B-01507,2023-10-06 17:59:56.151763,B,llm_agent,chat,dispute_charge,0.679,1,3,80,567,0,0,none,173,1
B-01508,2023-12-15 05:47:27.669719,B,llm_agent,voice,make_payment,0.879,1,4,113,589,0,0,none,300,1
B-01509,2023-10-01 17:03:28.888977,B,llm_agent,mobile_app,investment_advice,0.716,4,4,89,1840,0,0,none,401,1
B-01510,2023-12-30 16:12:48.504022,B,llm_agent,voice,document_request,0.4,3,7,59,2738,0,0,none,34,0
B-01511,2023-10-17 11:34:27.135655,B,llm_agent,voice,check_balance,0.964,2,2,98,387,0,0,none,437,1
B-01512,2023-12-02 16:39:49.539485,B,llm_agent,mobile_app,update_address,0.812,1,4,24,259,0,0,none,260,1
B-01513,2023-10-05 23:26:54.927562,B,llm_agent,chat,profile_update,0.483,4,3,83,956,0,0,none,499,1
B-01514,2023-08-25 00:54:28.849406,B,llm_agent,chat,dispute_charge,0.906,2,4,53,423,0,0,none,346,1
B-01515,2023-12-30 22:12:18.087758,B,llm_agent,chat,card_management,0.581,2,4,40,2681,0,0,none,699,1
B-01516,2023-10-31 00:36:55.566938,B,llm_agent,voice,make_payment,0.747,1,3,74,326,0,0,none,702,1
B-01517,2023-12-22 19:52:47.993641,B,llm_agent,voice,investment_advice,0.623,3,5,101,1948,0,0,none,242,1
B-01518,2023-10-25 23:23:59.245837,B,llm_agent,chat,check_balance,0.785,1,2,47,908,0,0,none,445,1
B-01519,2023-07-04 16:21:04.840282,B,llm_agent,mobile_app,make_payment,0.84,1,3,62,969,0,1,low_confidence,479,0
B-01520,2023-11-09 17:02:10.377342,B,llm_agent,voice,transfer_funds,0.932,1,3,107,769,0,0,none,666,1
B-01521,2023-12-29 07:41:25.631411,B,llm_agent,chat,account_balance_check,0.431,2,7,148,1574,0,0,none,65,0
B-01522,2023-10-21 02:04:40.168654,B,llm_agent,mobile_app,update_address,0.799,1,1,39,613,0,0,none,31,1
B-01523,2023-10-28 13:25:43.678689,B,llm_agent,voice,payment_processing,0.57,3,6,171,1081,0,0,none,482,0
B-01524,2023-08-09 00:04:30.639983,B,llm_agent,voice,investment_advice,0.709,4,3,103,1246,0,0,none,309,1
B-01525,2023-12-01 06:15:40.009767,B,llm_agent,voice,check_balance,0.975,1,4,11,322,0,0,none,66,1
B-01526,2023-07-01 15:12:27.673127,B,llm_agent,voice,freeze_card,0.953,2,2,94,946,0,0,none,710,1
B-01527,2023-11-16 19:41:29.563280,B,llm_agent,chat,dispute_charge,0.771,1,4,86,511,0,0,none,318,0
B-01528,2023-08-19 13:16:53.078103,B,llm_agent,mobile_app,request_statement,0.882,2,4,60,934,0,1,customer_request,410,1
B-01529,2023-08-12 01:49:37.188425,B,llm_agent,voice,transfer_funds,0.891,2,3,7,805,0,0,none,383,1
B-01530,2023-11-25 19:47:11.002848,B,llm_agent,voice,request_statement,0.763,1,1,63,443,0,0,none,141,1
B-01531,2023-08-31 02:15:55.146459,B,llm_agent,mobile_app,freeze_card,0.714,1,4,26,461,0,0,none,239,0
B-01532,2023-09-11 13:17:11.228294,B,llm_agent,voice,request_statement,0.83,1,4,19,996,0,0,none,363,1
B-01533,2023-09-09 14:00:08.182058,B,llm_agent,voice,make_payment,0.609,1,1,16,855,0,0,none,328,1
B-01534,2023-10-23 23:54:03.630219,B,llm_agent,voice,investment_advice,0.502,3,7,89,1452,0,0,none,164,1
B-01535,2023-12-11 22:04:37.625757,B,llm_agent,chat,document_request,0.633,2,4,170,1016,0,0,none,142,1
B-01536,2023-11-28 12:35:28.920230,B,llm_agent,voice,loan_inquiry,0.651,1,4,115,891,0,0,none,376,0
B-01537,2023-11-02 20:51:57.332416,B,llm_agent,chat,update_address,0.818,2,2,96,280,0,0,none,623,1
B-01538,2023-11-18 20:53:47.821310,B,llm_agent,voice,check_balance,0.896,2,4,110,687,0,0,none,328,1
B-01539,2023-07-18 19:57:31.770857,B,llm_agent,voice,transfer_funds,0.989,2,3,41,990,0,0,none,247,1
B-01540,2023-12-24 20:48:50.820787,B,llm_agent,voice,transfer_funds,0.821,1,4,30,373,0,0,none,643,0
B-01541,2023-08-26 05:06:36.635145,B,llm_agent,voice,transaction_dispute,0.116,4,5,116,1186,0,0,none,709,1
B-01542,2023-07-22 03:52:27.979649,B,llm_agent,voice,insurance_claim,0.362,4,4,40,1100,0,0,none,404,1
B-01543,2023-12-15 17:34:40.311368,B,llm_agent,chat,account_balance_check,0.272,3,3,77,2787,0,1,low_confidence,702,1
B-01544,2023-08-17 17:20:26.595764,B,llm_agent,chat,document_request,0.403,4,7,151,1527,0,0,none,376,0
B-01545,2023-07-27 19:50:25.290652,B,llm_agent,voice,transaction_dispute,0.631,3,5,124,2780,0,0,none,149,0
B-01546,2023-12-29 06:41:24.607262,B,llm_agent,voice,card_management,0.474,3,3,139,2029,0,1,timeout,243,1
B-01547,2023-07-04 12:54:25.390810,B,llm_agent,voice,unknown,0.239,2,3,158,2648,1,0,none,322,1
B-01548,2023-11-04 16:29:48.220658,B,llm_agent,voice,investment_advice,0.304,2,6,182,2576,0,0,none,247,1
B-01549,2023-09-10 08:49:30.881291,B,llm_agent,voice,check_balance,0.913,1,4,88,343,0,0,none,100,1
B-01550,2023-11-27 16:44:00.972489,B,llm_agent,mobile_app,fund_movement,0.473,2,7,158,1152,0,0,none,664,1
B-01551,2023-07-13 02:45:33.997478,B,llm_agent,voice,loan_inquiry,0.907,2,2,80,272,0,0,none,455,1
B-01552,2023-08-28 00:54:02.330869,B,llm_agent,chat,fund_movement,0.118,4,5,92,2965,0,1,low_confidence,310,0
B-01553,2023-08-14 05:18:18.182695,B,llm_agent,voice,profile_update,0.716,3,7,53,2572,0,0,none,347,1
B-01554,2023-07-24 02:41:34.572387,B,llm_agent,chat,account_balance_check,0.42,4,3,73,2098,0,0,none,643,0
B-01555,2023-10-15 05:17:24.110594,B,llm_agent,voice,check_balance,0.72,2,2,73,1156,0,0,none,286,0
B-01556,2023-08-28 00:32:21.514177,B,llm_agent,chat,make_payment,0.779,2,3,83,463,0,0,none,320,1
B-01557,2023-09-11 06:37:50.254488,B,llm_agent,chat,request_statement,0.554,2,2,53,366,0,0,none,243,0
B-01558,2023-10-29 00:54:23.883776,B,llm_agent,voice,credit_inquiry,0.313,4,7,48,2364,0,1,low_confidence,514,1
B-01559,2023-07-14 14:52:24.837474,B,llm_agent,voice,loan_inquiry,0.63,1,2,108,374,0,0,none,316,1
B-01560,2023-11-23 20:37:39.696308,B,llm_agent,voice,make_payment,0.687,2,1,95,420,0,0,none,664,1
B-01561,2023-09-11 23:14:24.539734,B,llm_agent,chat,credit_inquiry,0.8,4,7,129,2237,0,1,low_confidence,322,1
B-01562,2023-08-18 03:02:07.536083,B,llm_agent,voice,dispute_charge,0.904,2,1,71,272,0,0,none,637,0
B-01563,2023-11-27 00:54:39.325659,B,llm_agent,voice,insurance_claim,0.593,4,7,152,1773,0,0,none,710,1
B-01564,2023-08-14 12:29:43.009799,B,llm_agent,mobile_app,request_statement,0.744,2,2,9,243,0,1,low_confidence,462,0
B-01565,2023-10-24 23:15:59.836391,B,llm_agent,chat,dispute_charge,0.708,2,2,76,459,0,0,none,108,1
B-01566,2023-08-05 13:09:04.272411,B,llm_agent,voice,make_payment,0.865,1,2,19,457,0,1,low_confidence,416,1
B-01567,2023-10-11 05:50:40.334241,B,llm_agent,voice,transfer_funds,0.65,1,4,48,325,0,0,none,514,1
B-01568,2023-09-12 07:05:57.662872,B,llm_agent,chat,payment_processing,0.769,2,3,125,2957,0,0,none,39,1
B-01569,2023-12-05 17:51:23.922751,B,llm_agent,chat,investment_advice,0.367,2,6,181,2889,0,0,none,79,1
B-01570,2023-09-11 23:46:05.260293,B,llm_agent,chat,update_address,0.745,1,3,29,994,0,0,none,633,0
B-01571,2023-11-03 09:35:03.250298,B,llm_agent,voice,fund_movement,0.315,2,7,190,2751,0,0,none,610,1
B-01572,2023-12-27 20:20:53.622421,B,llm_agent,voice,profile_update,0.692,4,3,168,2456,0,1,timeout,127,0
B-01573,2023-07-01 10:22:02.145514,B,llm_agent,voice,update_address,0.446,2,3,104,351,0,0,none,69,1
B-01574,2023-07-17 07:17:57.318225,B,llm_agent,voice,check_balance,0.701,1,3,72,1120,0,0,none,269,0
B-01575,2023-10-13 12:56:16.765268,B,llm_agent,chat,card_management,0.564,3,3,187,1565,0,0,none,77,1
B-01576,2023-08-15 09:28:37.664542,B,llm_agent,voice,payment_processing,0.483,4,6,127,1645,0,1,low_confidence,533,1
B-01577,2023-07-02 02:44:27.608585,B,llm_agent,voice,transfer_funds,0.717,2,1,6,934,0,0,none,565,1
B-01578,2023-12-20 18:40:09.805554,B,llm_agent,chat,request_statement,0.664,2,1,41,1160,0,0,none,377,1
B-01579,2023-08-22 04:03:10.230830,B,llm_agent,voice,dispute_charge,0.673,1,2,118,665,0,0,none,41,1
B-01580,2023-12-30 09:33:04.660070,B,llm_agent,chat,fund_movement,0.504,2,3,138,984,0,1,unresolved,45,0
B-01581,2023-08-08 08:24:33.957971,B,llm_agent,chat,insurance_claim,0.278,4,5,56,2784,0,0,none,107,1
B-01582,2023-12-17 08:05:55.409010,B,llm_agent,chat,credit_inquiry,0.276,2,6,188,2449,0,0,none,105,1
B-01583,2023-07-01 16:22:35.093731,B,llm_agent,voice,payment_processing,0.737,4,7,41,971,0,1,low_confidence,232,1
B-01584,2023-10-19 10:49:20.934289,B,llm_agent,voice,make_payment,0.75,2,2,113,404,0,0,none,540,1
B-01585,2023-11-14 04:44:51.702087,B,llm_agent,voice,insurance_claim,0.467,4,6,47,1693,0,0,none,271,0
B-01586,2023-11-04 23:25:16.566718,B,llm_agent,voice,unknown,0.395,4,3,60,1710,1,0,none,388,0
B-01587,2023-11-21 18:44:55.590974,B,llm_agent,voice,payment_processing,0.106,2,6,143,2104,0,1,low_confidence,48,1
B-01588,2023-12-06 12:32:10.434913,B,llm_agent,mobile_app,check_balance,0.735,2,1,58,220,0,0,none,437,0
B-01589,2023-09-01 03:24:50.827693,B,llm_agent,chat,freeze_card,0.713,2,1,75,422,0,0,none,194,1
B-01590,2023-10-18 22:56:59.781470,B,llm_agent,chat,update_address,0.873,2,3,41,408,0,0,none,95,1
B-01591,2023-11-08 11:25:14.273867,B,llm_agent,voice,payment_processing,0.537,2,7,100,2926,0,0,none,168,1
B-01592,2023-12-04 22:50:52.350982,B,llm_agent,voice,make_payment,0.937,1,3,11,752,0,0,none,133,1
B-01593,2023-07-05 05:06:10.215531,B,llm_agent,chat,fund_movement,0.705,3,3,180,2067,0,1,low_confidence,127,0
B-01594,2023-07-05 12:46:42.950305,B,llm_agent,voice,make_payment,0.646,1,2,27,229,0,0,none,259,1
B-01595,2023-12-29 20:36:53.533416,B,llm_agent,voice,document_request,0.581,3,4,62,1345,0,0,none,568,1
B-01596,2023-07-23 18:24:16.683892,B,llm_agent,voice,update_address,0.724,1,2,60,265,0,0,none,73,1
B-01597,2023-08-17 03:17:29.069831,B,llm_agent,voice,check_balance,0.573,1,4,36,582,0,0,none,679,1
B-01598,2023-08-21 08:38:19.094002,B,llm_agent,voice,request_statement,0.819,1,3,32,1000,0,1,unresolved,453,1
B-01599,2023-09-14 06:14:14.209890,B,llm_agent,voice,card_management,0.739,4,4,177,2593,0,1,low_confidence,327,1
B-01600,2023-11-13 22:15:13.194554,B,llm_agent,voice,dispute_charge,0.743,1,1,97,1035,0,0,none,40,1
B-01601,2023-12-19 14:14:23.496789,B,llm_agent,voice,insurance_claim,0.429,2,3,162,2954,0,0,none,616,0
B-01602,2023-10-08 16:11:56.535266,B,llm_agent,chat,make_payment,0.491,2,3,56,823,0,0,none,496,1
B-01603,2023-10-13 22:53:29.429616,B,llm_agent,mobile_app,make_payment,0.823,2,3,116,960,0,0,none,77,0
B-01604,2023-09-11 17:37:37.680316,B,llm_agent,voice,make_payment,0.748,1,1,21,500,0,0,none,178,0
B-01605,2023-10-18 08:43:31.462805,B,llm_agent,voice,credit_inquiry,0.634,4,7,47,1846,0,0,none,80,1
B-01606,2023-07-08 13:34:23.133210,B,llm_agent,voice,investment_advice,0.529,3,5,92,1595,0,0,none,408,0
B-01607,2023-10-07 08:24:10.913486,B,llm_agent,voice,card_management,0.693,3,6,49,815,0,1,unresolved,385,1
B-01608,2023-12-17 19:50:01.654188,B,llm_agent,voice,document_request,0.613,2,4,76,1312,0,0,none,231,0
B-01609,2023-11-20 09:07:26.430699,B,llm_agent,mobile_app,fund_movement,0.751,2,6,91,1206,0,0,none,471,1
B-01610,2023-09-09 18:31:54.686923,B,llm_agent,voice,fund_movement,0.452,4,4,54,2162,0,0,none,149,1
B-01611,2023-11-22 05:30:48.387309,B,llm_agent,voice,dispute_charge,0.893,2,2,92,335,0,0,none,55,1
B-01612,2023-08-14 21:13:18.631760,B,llm_agent,voice,transfer_funds,0.707,1,2,89,818,0,0,none,600,1
B-01613,2023-11-08 04:19:57.607043,B,llm_agent,mobile_app,account_balance_check,0.431,3,4,126,2543,0,0,none,275,1
B-01614,2023-08-16 05:13:03.572881,B,llm_agent,chat,check_balance,0.894,2,1,102,676,0,0,none,325,1
B-01615,2023-11-12 17:01:53.731725,B,llm_agent,chat,freeze_card,0.681,2,1,62,367,0,0,none,199,1
B-01616,2023-08-13 11:43:13.445120,B,llm_agent,voice,transfer_funds,0.7,2,1,97,284,0,0,none,500,1
B-01617,2023-09-01 09:05:05.695657,B,llm_agent,mobile_app,check_balance,0.719,1,1,21,758,0,0,none,348,1
B-01618,2023-08-21 23:18:45.474433,B,llm_agent,chat,payment_processing,0.215,2,4,181,2868,0,1,timeout,295,0
B-01619,2023-12-07 10:41:17.591702,B,llm_agent,mobile_app,unknown,0.119,2,6,113,2321,1,0,none,128,1
B-01620,2023-11-27 03:14:30.207115,B,llm_agent,chat,check_balance,0.657,2,1,85,464,0,0,none,62,1
B-01621,2023-11-08 15:36:52.723188,B,llm_agent,mobile_app,check_balance,0.825,1,4,72,760,0,0,none,469,0
B-01622,2023-08-10 16:14:29.468761,B,llm_agent,voice,investment_advice,0.449,2,4,131,2448,0,0,none,672,1
B-01623,2023-10-05 04:57:49.290319,B,llm_agent,mobile_app,check_balance,0.846,1,2,97,546,0,0,none,279,1
B-01624,2023-11-25 13:10:36.709142,B,llm_agent,voice,check_balance,0.916,2,3,19,634,0,0,none,418,1
B-01625,2023-10-15 17:48:59.445241,B,llm_agent,voice,account_balance_check,0.415,2,4,85,1138,0,0,none,536,1
B-01626,2023-08-15 02:58:03.915589,B,llm_agent,voice,make_payment,0.767,2,1,89,480,0,0,none,78,0
B-01627,2023-08-12 20:24:40.845626,B,llm_agent,chat,account_balance_check,0.813,2,5,42,2880,0,1,timeout,327,0
B-01628,2023-11-06 10:06:11.185742,B,llm_agent,voice,profile_update,0.464,2,6,141,2805,0,0,none,665,1
B-01629,2023-10-31 00:26:48.063294,B,llm_agent,voice,account_balance_check,0.666,2,7,91,1711,0,0,none,380,1
B-01630,2023-07-11 09:39:40.348808,B,llm_agent,voice,update_address,0.746,1,2,10,476,0,0,none,575,1
B-01631,2023-07-26 22:40:50.806094,B,llm_agent,chat,card_management,0.3,3,6,159,1125,0,0,none,113,1
B-01632,2023-08-20 06:34:44.170613,B,llm_agent,voice,card_management,0.22,3,4,168,919,0,0,none,511,1
B-01633,2023-09-21 15:08:23.188205,B,llm_agent,voice,transaction_dispute,0.333,4,7,59,2476,0,0,none,354,1
B-01634,2023-07-10 23:56:09.162236,B,llm_agent,voice,profile_update,0.487,2,7,195,1485,0,0,none,465,1
B-01635,2023-09-16 10:59:23.824047,B,llm_agent,voice,request_statement,0.931,2,1,30,285,0,0,none,168,1
B-01636,2023-12-01 10:30:13.137723,B,llm_agent,voice,make_payment,0.857,1,3,21,259,0,0,none,346,1
B-01637,2023-12-09 03:29:01.407103,B,llm_agent,voice,profile_update,0.419,4,3,162,2381,0,0,none,392,1
B-01638,2023-08-22 09:06:02.886894,B,llm_agent,voice,request_statement,0.903,1,3,69,1022,0,0,none,666,0
B-01639,2023-11-18 04:14:27.418145,B,llm_agent,voice,transaction_dispute,0.713,4,7,154,1097,0,0,none,452,0
B-01640,2023-11-12 17:07:52.754943,B,llm_agent,voice,transaction_dispute,0.736,2,6,109,2424,0,1,timeout,306,1
B-01641,2023-11-06 12:05:37.579058,B,llm_agent,chat,card_management,0.519,3,3,162,2992,0,0,none,159,1
B-01642,2023-11-28 11:32:51.516564,B,llm_agent,chat,card_management,0.426,2,5,112,2355,0,0,none,538,1
B-01643,2023-12-04 11:34:35.101531,B,llm_agent,voice,check_balance,0.427,1,2,73,906,0,0,none,300,1
B-01644,2023-10-19 11:30:12.456453,B,llm_agent,mobile_app,transfer_funds,0.801,1,3,98,1068,0,0,none,625,1
B-01645,2023-11-10 13:32:37.349443,B,llm_agent,voice,insurance_claim,0.584,2,3,77,1981,0,0,none,644,1
B-01646,2023-07-03 20:40:54.725620,B,llm_agent,mobile_app,credit_inquiry,0.336,2,3,108,2363,0,0,none,442,1
B-01647,2023-07-27 09:52:04.927519,B,llm_agent,chat,fund_movement,0.788,2,7,116,2071,0,0,none,661,1
B-01648,2023-07-13 22:38:11.787698,B,llm_agent,chat,unknown,0.49,3,6,75,2498,1,0,none,355,1
B-01649,2023-08-23 21:04:04.977983,B,llm_agent,chat,unknown,0.733,3,3,138,1805,1,0,none,64,1
B-01650,2023-08-12 09:49:20.152134,B,llm_agent,chat,credit_inquiry,0.338,2,4,136,886,0,0,none,125,0
B-01651,2023-12-14 10:33:55.876939,B,llm_agent,mobile_app,request_statement,0.795,2,3,117,237,0,1,low_confidence,218,1
B-01652,2023-08-21 16:38:41.317243,B,llm_agent,voice,make_payment,0.762,2,3,28,288,0,0,none,494,1
B-01653,2023-07-20 00:17:08.547097,B,llm_agent,chat,update_address,0.83,1,2,65,871,0,0,none,260,0
B-01654,2023-09-09 17:00:11.424430,B,llm_agent,voice,update_address,0.745,2,2,42,1055,0,0,none,265,1
B-01655,2023-09-23 10:15:29.386889,B,llm_agent,mobile_app,unknown,0.243,3,7,99,1791,1,1,low_confidence,352,1
B-01656,2023-12-02 17:52:16.550902,B,llm_agent,voice,fund_movement,0.244,4,4,157,1682,0,0,none,712,1
B-01657,2023-10-03 03:40:01.512107,B,llm_agent,voice,transfer_funds,0.717,2,3,32,906,0,0,none,556,1
B-01658,2023-07-20 03:04:11.604785,B,llm_agent,chat,document_request,0.477,2,4,124,2979,0,0,none,677,1
B-01659,2023-09-03 11:30:27.682769,B,llm_agent,mobile_app,unknown,0.551,3,6,196,2969,1,0,none,611,0
B-01660,2023-12-19 10:51:23.123038,B,llm_agent,voice,dispute_charge,0.571,2,2,111,1189,0,0,none,216,1
B-01661,2023-12-26 17:32:16.484062,B,llm_agent,voice,account_balance_check,0.733,3,5,192,2908,0,0,none,283,1
B-01662,2023-10-09 16:59:34.163946,B,llm_agent,voice,account_balance_check,0.235,4,7,160,2597,0,0,none,423,1
B-01663,2023-10-03 01:45:02.653864,B,llm_agent,mobile_app,fund_movement,0.59,4,6,193,1800,0,0,none,145,1
B-01664,2023-08-03 13:24:12.334320,B,llm_agent,voice,loan_inquiry,0.878,2,4,26,541,0,0,none,174,1
B-01665,2023-08-30 03:02:52.977181,B,llm_agent,voice,payment_processing,0.331,4,5,90,2489,0,1,unresolved,703,1
B-01666,2023-09-10 05:41:06.041506,B,llm_agent,mobile_app,loan_inquiry,0.937,1,3,117,287,0,0,none,488,1
B-01667,2023-09-06 02:14:45.954144,B,llm_agent,voice,update_address,0.903,1,2,46,431,0,0,none,500,1
B-01668,2023-09-22 04:00:24.118327,B,llm_agent,voice,loan_inquiry,0.879,2,4,106,850,0,0,none,699,1
B-01669,2023-08-04 07:48:11.551655,B,llm_agent,voice,update_address,0.947,2,1,119,731,0,0,none,440,1
B-01670,2023-11-21 08:32:21.693636,B,llm_agent,voice,loan_inquiry,0.673,2,2,70,515,0,0,none,79,0
B-01671,2023-10-24 17:24:20.640225,B,llm_agent,mobile_app,payment_processing,0.483,3,3,67,1752,0,1,unresolved,481,0
B-01672,2023-10-10 21:58:58.227170,B,llm_agent,mobile_app,document_request,0.339,4,3,80,1573,0,0,none,227,1
B-01673,2023-08-03 16:52:22.106364,B,llm_agent,voice,fund_movement,0.724,4,4,198,2553,0,0,none,157,0
B-01674,2023-07-09 08:53:30.712780,B,llm_agent,voice,request_statement,0.69,1,3,40,201,0,0,none,451,1
B-01675,2023-09-25 14:37:36.494890,B,llm_agent,voice,payment_processing,0.284,2,5,99,1108,0,0,none,704,1
B-01676,2023-10-01 02:55:46.594840,B,llm_agent,voice,fund_movement,0.637,3,6,87,1851,0,0,none,92,1
B-01677,2023-10-11 18:31:04.195860,B,llm_agent,chat,loan_inquiry,0.92,1,2,119,587,0,0,none,432,1
B-01678,2023-07-21 01:00:06.161007,B,llm_agent,voice,loan_inquiry,0.728,2,3,13,1129,0,0,none,457,0
B-01679,2023-07-02 06:57:58.927001,B,llm_agent,mobile_app,fund_movement,0.375,4,6,95,2557,0,0,none,421,1
B-01680,2023-10-20 20:51:56.579611,B,llm_agent,chat,check_balance,0.825,1,2,32,576,0,0,none,590,1
B-01681,2023-12-14 09:01:40.405344,B,llm_agent,voice,insurance_claim,0.766,3,6,154,2287,0,0,none,280,1
B-01682,2023-08-16 20:41:47.982115,B,llm_agent,voice,document_request,0.176,2,4,172,1101,0,1,low_confidence,360,1
B-01683,2023-10-17 11:31:49.240845,B,llm_agent,voice,transfer_funds,0.919,2,3,80,762,0,0,none,561,1
B-01684,2023-07-27 14:58:07.677659,B,llm_agent,voice,make_payment,0.785,1,2,89,623,0,0,none,130,1
B-01685,2023-08-30 13:14:18.388894,B,llm_agent,voice,update_address,0.665,2,2,93,985,0,0,none,38,1
B-01686,2023-07-22 10:47:19.876616,B,llm_agent,chat,freeze_card,0.72,2,4,89,1074,0,0,none,273,1
B-01687,2023-08-18 11:05:22.184803,B,llm_agent,voice,dispute_charge,0.842,1,2,28,889,0,0,none,522,1
B-01688,2023-10-29 18:21:31.489091,B,llm_agent,voice,make_payment,0.837,2,3,68,589,0,0,none,142,1
B-01689,2023-08-02 06:50:18.041003,B,llm_agent,chat,transfer_funds,0.716,1,4,89,1088,0,0,none,599,1
B-01690,2023-11-08 00:00:15.547566,B,llm_agent,mobile_app,transaction_dispute,0.372,4,4,157,2413,0,1,customer_request,641,1
B-01691,2023-08-29 05:39:27.979960,B,llm_agent,voice,update_address,0.943,1,4,108,700,0,0,none,140,1
B-01692,2023-11-29 11:40:11.106515,B,llm_agent,chat,transfer_funds,0.808,2,3,7,777,0,0,none,416,1
B-01693,2023-09-11 23:01:21.769391,B,llm_agent,voice,make_payment,0.945,1,2,59,477,0,0,none,704,1
B-01694,2023-11-03 14:31:27.589344,B,llm_agent,voice,account_balance_check,0.445,4,6,120,2898,0,1,low_confidence,532,1
B-01695,2023-09-29 12:38:12.319474,B,llm_agent,voice,make_payment,0.909,1,3,99,1045,0,0,none,430,1
B-01696,2023-09-12 09:14:42.803733,B,llm_agent,voice,update_address,0.904,1,4,16,752,0,0,none,413,1
B-01697,2023-07-16 04:57:24.446144,B,llm_agent,voice,credit_inquiry,0.622,2,6,164,2567,0,0,none,451,1
B-01698,2023-08-15 14:12:09.379639,B,llm_agent,chat,insurance_claim,0.649,2,7,55,1724,0,1,low_confidence,700,1
B-01699,2023-10-31 19:36:46.479213,B,llm_agent,chat,fund_movement,0.665,3,4,50,2661,0,0,none,654,1
B-01700,2023-09-27 05:15:05.891779,B,llm_agent,voice,request_statement,0.926,2,4,56,931,0,1,timeout,696,1
B-01701,2023-12-11 22:15:29.404359,B,llm_agent,chat,make_payment,0.786,1,3,61,201,0,0,none,402,1
B-01702,2023-11-14 22:51:56.269410,B,llm_agent,voice,dispute_charge,0.674,1,2,40,222,0,0,none,361,1
B-01703,2023-07-04 05:14:01.815144,B,llm_agent,voice,credit_inquiry,0.657,2,3,73,1993,0,0,none,500,1
B-01704,2023-10-21 18:49:22.758802,B,llm_agent,voice,request_statement,0.812,1,4,118,624,0,0,none,96,1
B-01705,2023-07-03 09:11:19.617782,B,llm_agent,chat,freeze_card,0.925,1,2,112,1143,0,0,none,443,1
B-01706,2023-12-22 13:58:02.963650,B,llm_agent,voice,transfer_funds,0.983,1,1,110,930,0,0,none,536,1
B-01707,2023-09-29 18:09:34.983141,B,llm_agent,chat,account_balance_check,0.174,3,5,89,1114,0,0,none,655,1
B-01708,2023-10-09 14:16:15.600003,B,llm_agent,voice,document_request,0.794,3,3,76,2302,0,0,none,500,1
B-01709,2023-08-30 03:46:46.998957,B,llm_agent,chat,update_address,0.486,1,3,27,1005,0,0,none,291,1
B-01710,2023-08-29 10:06:28.664466,B,llm_agent,mobile_app,make_payment,0.712,1,2,75,588,0,0,none,376,1
B-01711,2023-11-10 16:34:58.286632,B,llm_agent,voice,insurance_claim,0.231,4,5,180,1538,0,1,customer_request,128,1
B-01712,2023-09-18 22:34:25.424390,B,llm_agent,voice,transaction_dispute,0.667,2,5,166,1052,0,0,none,144,1
B-01713,2023-07-15 15:32:54.863836,B,llm_agent,chat,account_balance_check,0.481,2,4,168,1716,0,1,customer_request,438,1
B-01714,2023-10-09 08:56:22.172427,B,llm_agent,voice,profile_update,0.728,2,6,141,1750,0,1,customer_request,602,1
B-01715,2023-07-13 20:32:49.717063,B,llm_agent,chat,check_balance,0.845,2,3,24,834,0,0,none,668,0
B-01716,2023-10-31 15:17:32.349032,B,llm_agent,voice,fund_movement,0.96,2,6,102,2096,0,0,none,101,1
B-01717,2023-09-07 08:52:13.972646,B,llm_agent,voice,request_statement,0.741,2,1,45,916,0,0,none,392,1
B-01718,2023-07-01 09:42:02.523574,B,llm_agent,voice,insurance_claim,0.484,3,4,80,2446,0,1,low_confidence,196,0
B-01719,2023-09-03 04:29:33.093576,B,llm_agent,voice,check_balance,0.925,2,3,55,251,0,1,unresolved,474,1
B-01720,2023-12-19 08:53:19.304775,B,llm_agent,voice,account_balance_check,0.616,3,4,72,2335,0,0,none,447,1
B-01721,2023-10-20 08:35:34.058293,B,llm_agent,mobile_app,transaction_dispute,0.752,2,5,174,1714,0,1,unresolved,670,1
B-01722,2023-10-17 20:28:04.406446,B,llm_agent,voice,insurance_claim,0.662,4,4,154,1360,0,0,none,354,1
B-01723,2023-11-28 03:28:48.008229,B,llm_agent,voice,card_management,0.645,4,5,141,1283,0,0,none,481,1
B-01724,2023-10-21 16:48:42.281055,B,llm_agent,mobile_app,make_payment,0.86,1,4,82,615,0,0,none,607,1
B-01725,2023-10-05 07:26:00.483904,B,llm_agent,voice,profile_update,0.544,4,4,189,1094,0,0,none,128,1
B-01726,2023-12-10 20:49:26.665155,B,llm_agent,voice,transfer_funds,0.953,1,2,93,530,0,0,none,609,0
B-01727,2023-07-07 06:52:43.115667,B,llm_agent,voice,investment_advice,0.18,2,7,190,2269,0,0,none,262,1
B-01728,2023-11-19 00:25:08.354043,B,llm_agent,voice,transaction_dispute,0.607,2,7,92,833,0,1,unresolved,124,1
B-01729,2023-12-12 21:02:39.194831,B,llm_agent,voice,make_payment,0.829,2,4,22,937,0,0,none,43,1
B-01730,2023-07-06 11:15:53.298891,B,llm_agent,chat,account_balance_check,0.574,4,7,48,2112,0,0,none,418,0
B-01731,2023-12-11 04:45:32.392293,B,llm_agent,voice,freeze_card,0.97,1,3,108,1169,0,0,none,44,1
B-01732,2023-07-07 09:19:12.495739,B,llm_agent,voice,check_balance,0.949,1,3,22,683,0,0,none,72,1
B-01733,2023-08-09 15:57:03.444662,B,llm_agent,chat,update_address,0.979,2,4,32,774,0,0,none,65,1
B-01734,2023-12-14 23:14:17.770836,B,llm_agent,voice,loan_inquiry,0.793,2,1,19,906,0,0,none,561,1
B-01735,2023-07-18 11:52:31.194235,B,llm_agent,chat,freeze_card,0.801,2,4,116,844,0,0,none,72,0
B-01736,2023-07-19 05:38:13.721349,B,llm_agent,voice,check_balance,0.88,2,3,57,943,0,1,low_confidence,244,1
B-01737,2023-11-22 05:44:43.367142,B,llm_agent,voice,check_balance,0.854,2,1,42,666,0,0,none,301,1
B-01738,2023-12-27 01:15:59.118108,B,llm_agent,chat,request_statement,0.935,2,1,108,393,0,0,none,579,1
B-01739,2023-12-25 23:36:15.421007,B,llm_agent,mobile_app,transaction_dispute,0.511,3,3,148,1935,0,0,none,591,1
B-01740,2023-07-06 05:50:36.928691,B,llm_agent,voice,check_balance,0.508,2,1,85,967,0,0,none,433,1
B-01741,2023-11-07 21:55:29.531556,B,llm_agent,chat,loan_inquiry,0.62,2,1,7,1188,0,0,none,664,0
B-01742,2023-07-01 13:40:01.746830,B,llm_agent,chat,document_request,0.251,2,7,41,2766,0,0,none,460,0
B-01743,2023-11-07 06:24:32.036305,B,llm_agent,voice,check_balance,0.915,2,1,60,993,0,0,none,497,0
B-01744,2023-12-13 16:32:12.046489,B,llm_agent,chat,account_balance_check,0.758,3,4,110,1452,0,0,none,631,1
B-01745,2023-08-13 15:22:43.586383,B,llm_agent,chat,transfer_funds,0.898,2,1,43,1038,0,0,none,319,1
B-01746,2023-09-12 19:03:48.965534,B,llm_agent,chat,unknown,0.466,2,6,173,1837,1,0,none,160,1
B-01747,2023-08-06 18:32:32.784027,B,llm_agent,voice,payment_processing,0.491,2,4,143,1766,0,0,none,474,0
B-01748,2023-08-04 07:49:24.124984,B,llm_agent,voice,fund_movement,0.674,4,3,61,1157,0,0,none,404,1
B-01749,2023-12-15 07:03:39.892799,B,llm_agent,voice,fund_movement,0.429,3,5,115,1953,0,0,none,330,1
B-01750,2023-07-29 23:12:39.522371,B,llm_agent,chat,unknown,0.654,2,7,158,876,1,0,none,54,0
B-01751,2023-10-15 14:02:36.044559,B,llm_agent,voice,fund_movement,0.676,4,6,171,1408,0,1,low_confidence,511,1
B-01752,2023-07-13 18:11:40.626146,B,llm_agent,voice,freeze_card,0.692,1,3,83,425,0,0,none,548,1
B-01753,2023-09-23 00:11:43.846634,B,llm_agent,chat,unknown,0.728,4,7,151,991,1,0,none,38,1
B-01754,2023-11-24 16:55:31.507986,B,llm_agent,voice,make_payment,0.694,2,4,66,390,0,0,none,290,1
B-01755,2023-07-16 14:28:14.624148,B,llm_agent,chat,dispute_charge,0.949,2,1,98,643,0,0,none,545,1
B-01756,2023-08-30 17:21:43.874889,B,llm_agent,mobile_app,investment_advice,0.733,2,3,125,1169,0,0,none,124,1
B-01757,2023-07-23 09:30:42.050104,B,llm_agent,voice,fund_movement,0.322,4,7,54,1316,0,1,low_confidence,593,1
B-01758,2023-10-11 08:19:44.003355,B,llm_agent,chat,transfer_funds,0.962,1,1,43,413,0,0,none,239,1
B-01759,2023-12-27 08:30:56.330872,B,llm_agent,voice,card_management,0.645,3,7,93,1844,0,1,timeout,639,1
B-01760,2023-08-18 11:25:18.576805,B,llm_agent,chat,freeze_card,0.968,1,4,35,422,0,0,none,639,1
B-01761,2023-07-22 04:35:26.308470,B,llm_agent,chat,credit_inquiry,0.872,2,7,103,1545,0,1,unresolved,692,0
B-01762,2023-08-05 05:38:01.130660,B,llm_agent,chat,credit_inquiry,0.764,3,4,96,2214,0,0,none,123,1
B-01763,2023-07-10 18:54:54.506391,B,llm_agent,chat,account_balance_check,0.751,2,5,187,1239,0,0,none,390,1
B-01764,2023-08-08 23:18:19.585116,B,llm_agent,chat,credit_inquiry,0.468,2,3,188,959,0,0,none,39,0
B-01765,2023-09-15 22:06:26.091885,B,llm_agent,voice,check_balance,0.8,1,2,79,214,0,0,none,169,1
B-01766,2023-07-29 01:10:26.720076,B,llm_agent,mobile_app,document_request,0.319,2,5,183,2962,0,0,none,477,1
B-01767,2023-07-02 06:34:36.391618,B,llm_agent,voice,update_address,0.942,1,1,53,767,0,0,none,380,1
B-01768,2023-10-06 13:09:17.967046,B,llm_agent,chat,insurance_claim,0.21,4,4,126,1811,0,0,none,390,1
B-01769,2023-08-23 08:26:04.508372,B,llm_agent,voice,make_payment,0.702,1,1,37,879,0,0,none,412,1
B-01770,2023-11-29 18:32:17.381018,B,llm_agent,chat,insurance_claim,0.363,4,3,56,1927,0,1,low_confidence,386,1
B-01771,2023-10-04 05:46:04.222689,B,llm_agent,chat,document_request,0.435,4,4,189,2427,0,0,none,374,1
B-01772,2023-09-24 19:01:54.491998,B,llm_agent,chat,update_address,0.789,1,3,57,295,0,1,low_confidence,32,1
B-01773,2023-12-09 10:49:00.510436,B,llm_agent,chat,check_balance,0.677,2,3,72,730,0,0,none,106,1
B-01774,2023-08-23 14:53:52.824863,B,llm_agent,voice,make_payment,0.89,2,1,84,839,0,0,none,385,1
B-01775,2023-10-08 00:46:06.644337,B,llm_agent,voice,transaction_dispute,0.579,3,7,125,2656,0,0,none,594,1
B-01776,2023-09-28 01:33:27.089181,B,llm_agent,chat,check_balance,0.808,1,1,115,818,0,0,none,405,1
B-01777,2023-07-14 06:56:02.144555,B,llm_agent,chat,check_balance,0.856,2,3,57,333,0,0,none,325,1
B-01778,2023-09-02 17:16:07.180512,B,llm_agent,voice,check_balance,0.747,2,2,86,339,0,0,none,281,1
B-01779,2023-11-03 06:45:07.318591,B,llm_agent,chat,investment_advice,0.415,3,4,161,1557,0,0,none,115,1
B-01780,2023-12-25 19:53:34.842672,B,llm_agent,chat,dispute_charge,0.783,1,1,108,308,0,0,none,622,1
B-01781,2023-10-19 07:04:01.925470,B,llm_agent,chat,check_balance,0.835,1,4,47,524,0,0,none,326,0
B-01782,2023-07-07 19:50:44.218056,B,llm_agent,chat,document_request,0.61,2,7,64,2920,0,0,none,34,1
B-01783,2023-09-24 13:31:45.505202,B,llm_agent,voice,freeze_card,0.512,1,2,50,714,0,0,none,146,1
B-01784,2023-08-05 10:57:40.245226,B,llm_agent,chat,freeze_card,0.928,1,3,48,666,0,0,none,716,1
B-01785,2023-09-18 05:47:36.816344,B,llm_agent,chat,document_request,0.401,2,3,138,1242,0,0,none,553,1
B-01786,2023-12-19 08:34:00.980523,B,llm_agent,mobile_app,card_management,0.823,4,3,184,2431,0,1,unresolved,309,1
B-01787,2023-12-13 10:34:39.381730,B,llm_agent,chat,payment_processing,0.457,4,3,187,1448,0,0,none,67,1
B-01788,2023-09-03 19:40:00.555892,B,llm_agent,chat,transaction_dispute,0.698,4,4,105,2949,0,0,none,102,1
B-01789,2023-12-13 16:04:24.251362,B,llm_agent,voice,make_payment,0.846,2,3,50,923,0,0,none,307,1
B-01790,2023-07-10 11:49:19.854173,B,llm_agent,chat,insurance_claim,0.499,3,4,159,1006,0,0,none,325,1
B-01791,2023-12-11 01:57:15.437353,B,llm_agent,chat,profile_update,0.535,3,7,124,2966,0,0,none,530,0
B-01792,2023-11-06 07:10:26.288755,B,llm_agent,voice,document_request,0.43,3,5,164,818,0,0,none,326,1
B-01793,2023-12-17 08:33:44.907278,B,llm_agent,chat,make_payment,0.916,1,1,93,682,0,0,none,292,1
B-01794,2023-09-07 09:59:34.092484,B,llm_agent,voice,transaction_dispute,0.809,3,6,147,1986,0,1,timeout,185,1
B-01795,2023-10-14 05:24:39.539362,B,llm_agent,voice,investment_advice,0.535,3,5,171,2006,0,0,none,687,0
B-01796,2023-12-03 18:39:33.146761,B,llm_agent,chat,fund_movement,0.552,3,5,191,1738,0,0,none,502,1
B-01797,2023-10-17 00:02:12.679009,B,llm_agent,mobile_app,card_management,0.613,2,6,99,1721,0,0,none,602,1
B-01798,2023-08-11 16:31:38.601315,B,llm_agent,voice,payment_processing,0.276,3,3,89,2416,0,1,low_confidence,528,1
B-01799,2023-11-03 04:27:01.307700,B,llm_agent,voice,check_balance,0.723,2,2,93,637,0,0,none,97,1
B-01800,2023-08-04 04:57:51.110424,B,llm_agent,voice,card_management,0.309,2,6,117,2577,0,0,none,650,1
B-01801,2023-08-09 15:35:39.349708,B,llm_agent,mobile_app,card_management,0.673,4,5,102,2677,0,0,none,352,1
B-01802,2023-07-27 14:40:45.018301,B,llm_agent,voice,freeze_card,0.704,2,4,5,280,0,1,unresolved,609,1
B-01803,2023-07-22 08:07:39.027649,B,llm_agent,chat,credit_inquiry,0.816,4,6,93,2100,0,1,timeout,259,1
B-01804,2023-09-01 06:25:16.695263,B,llm_agent,chat,check_balance,0.654,1,1,46,461,0,0,none,634,1
B-01805,2023-11-12 18:09:38.587928,B,llm_agent,mobile_app,make_payment,0.752,2,3,35,915,0,0,none,705,1
B-01806,2023-11-10 19:56:43.818656,B,llm_agent,voice,make_payment,0.825,1,1,83,1042,0,0,none,392,1
B-01807,2023-10-08 09:10:18.586223,B,llm_agent,chat,insurance_claim,0.57,4,3,174,2101,0,0,none,660,1
B-01808,2023-12-14 05:06:54.885429,B,llm_agent,chat,make_payment,0.85,2,1,6,539,0,0,none,166,1
B-01809,2023-08-21 02:04:01.803412,B,llm_agent,voice,insurance_claim,0.476,2,7,46,962,0,0,none,549,1
B-01810,2023-08-18 16:37:00.990429,B,llm_agent,voice,unknown,0.696,2,3,190,2591,1,0,none,369,1
B-01811,2023-11-15 22:33:46.690969,B,llm_agent,voice,account_balance_check,0.41,2,3,94,1403,0,0,none,176,1
B-01812,2023-11-08 22:09:29.856961,B,llm_agent,chat,transfer_funds,0.873,1,1,30,381,0,0,none,62,1
B-01813,2023-08-30 08:54:09.355436,B,llm_agent,mobile_app,profile_update,0.425,2,3,114,888,0,0,none,563,0
B-01814,2023-12-15 16:01:46.402480,B,llm_agent,chat,insurance_claim,0.518,4,7,98,2386,0,0,none,673,0
B-01815,2023-11-27 03:21:41.087023,B,llm_agent,voice,fund_movement,0.349,4,7,155,1958,0,0,none,148,1
B-01816,2023-08-18 15:30:20.155417,B,llm_agent,voice,freeze_card,0.771,1,2,57,857,0,0,none,450,1
B-01817,2023-09-22 13:10:55.079681,B,llm_agent,voice,request_statement,0.902,2,2,39,652,0,1,unresolved,328,1
B-01818,2023-08-17 21:02:48.820192,B,llm_agent,voice,unknown,0.48,3,5,168,2584,1,0,none,640,1
B-01819,2023-08-14 16:20:06.471786,B,llm_agent,voice,check_balance,0.922,2,2,94,950,0,0,none,181,1
B-01820,2023-12-14 20:17:59.027601,B,llm_agent,voice,request_statement,0.836,2,4,73,832,0,0,none,147,1
B-01821,2023-10-22 01:18:23.319765,B,llm_agent,chat,payment_processing,0.151,2,4,108,2624,0,0,none,216,1
B-01822,2023-07-27 01:21:19.430475,B,llm_agent,mobile_app,update_address,0.795,2,4,18,1080,0,0,none,133,1
B-01823,2023-07-21 01:43:01.473849,B,llm_agent,chat,unknown,0.171,4,7,101,2188,1,0,none,537,1
B-01824,2023-09-09 11:02:33.126563,B,llm_agent,mobile_app,request_statement,0.677,1,1,81,981,0,0,none,39,1
B-01825,2023-09-02 18:13:31.399106,B,llm_agent,voice,make_payment,0.666,1,2,35,528,0,0,none,274,1
B-01826,2023-12-21 22:45:37.400206,B,llm_agent,chat,unknown,0.171,2,4,177,1682,1,1,unresolved,384,1
B-01827,2023-11-26 22:46:33.942757,B,llm_agent,voice,dispute_charge,0.921,2,2,76,504,0,0,none,502,0
B-01828,2023-12-28 06:37:42.441756,B,llm_agent,voice,card_management,0.153,3,6,168,1125,0,0,none,548,1
B-01829,2023-12-18 14:16:49.069357,B,llm_agent,voice,payment_processing,0.502,3,4,140,1366,0,0,none,391,1
B-01830,2023-11-18 10:15:03.382770,B,llm_agent,voice,dispute_charge,0.816,2,1,93,660,0,0,none,651,1
B-01831,2023-10-17 11:28:06.269075,B,llm_agent,mobile_app,account_balance_check,0.593,4,4,108,1910,0,0,none,591,1
B-01832,2023-09-10 13:46:26.147029,B,llm_agent,voice,check_balance,0.88,1,2,89,881,0,0,none,318,1
B-01833,2023-11-27 11:40:32.894664,B,llm_agent,voice,dispute_charge,0.942,2,4,11,923,0,0,none,284,1
B-01834,2023-08-07 23:06:33.140849,B,llm_agent,voice,transaction_dispute,0.554,4,7,125,2809,0,0,none,423,1
B-01835,2023-11-23 16:27:18.163589,B,llm_agent,voice,payment_processing,0.76,2,6,59,1541,0,0,none,541,1
B-01836,2023-09-09 17:08:14.162272,B,llm_agent,chat,make_payment,0.912,2,4,72,925,0,0,none,184,1
B-01837,2023-11-17 00:46:38.208822,B,llm_agent,mobile_app,update_address,0.721,2,3,46,1118,0,1,unresolved,57,1
B-01838,2023-09-25 15:46:52.902063,B,llm_agent,chat,update_address,0.886,1,4,57,223,0,0,none,209,1
B-01839,2023-09-21 15:42:57.096701,B,llm_agent,voice,check_balance,0.724,1,4,36,657,0,0,none,372,1
B-01840,2023-12-13 12:58:07.895124,B,llm_agent,chat,transaction_dispute,0.846,2,4,51,2478,0,0,none,370,1
B-01841,2023-08-03 02:26:47.968249,B,llm_agent,voice,account_balance_check,0.357,2,6,51,1044,0,1,customer_request,373,1
B-01842,2023-07-15 12:03:51.338864,B,llm_agent,chat,make_payment,0.889,1,2,105,1130,0,0,none,678,1
B-01843,2023-09-28 17:27:53.714252,B,llm_agent,chat,check_balance,0.91,1,2,27,332,0,0,none,369,1
B-01844,2023-07-23 11:23:01.161547,B,llm_agent,voice,check_balance,0.921,1,2,97,254,0,1,low_confidence,222,1
B-01845,2023-09-17 21:57:56.825663,B,llm_agent,voice,transaction_dispute,0.354,3,6,52,1385,0,0,none,526,1
B-01846,2023-07-03 07:04:21.866349,B,llm_agent,voice,transfer_funds,0.623,2,1,118,1084,0,0,none,36,1
B-01847,2023-10-14 17:19:36.038511,B,llm_agent,voice,insurance_claim,0.294,2,5,132,2341,0,1,customer_request,578,1
B-01848,2023-10-10 11:18:38.391697,B,llm_agent,chat,card_management,0.741,2,7,162,2978,0,1,low_confidence,377,1
B-01849,2023-07-13 08:47:00.716493,B,llm_agent,mobile_app,freeze_card,0.648,2,2,50,730,0,0,none,368,1
B-01850,2023-09-25 04:25:15.382209,B,llm_agent,voice,investment_advice,0.271,2,3,177,1536,0,0,none,393,1
B-01851,2023-08-30 15:56:15.841248,B,llm_agent,voice,unknown,0.325,3,4,73,1794,1,0,none,44,1
B-01852,2023-12-01 12:57:01.903742,B,llm_agent,chat,update_address,0.988,1,1,17,1193,0,0,none,101,1
B-01853,2023-09-14 11:58:49.717602,B,llm_agent,voice,profile_update,0.579,2,4,138,1554,0,1,low_confidence,344,1
B-01854,2023-08-15 00:55:18.571643,B,llm_agent,voice,transaction_dispute,0.422,3,4,83,2984,0,1,unresolved,282,0
B-01855,2023-07-30 12:23:30.248157,B,llm_agent,voice,credit_inquiry,0.29,3,7,142,1275,0,1,unresolved,532,1
B-01856,2023-11-30 14:22:56.414252,B,llm_agent,voice,update_address,0.651,2,2,34,374,0,1,low_confidence,176,1
B-01857,2023-08-02 07:09:01.362990,B,llm_agent,chat,payment_processing,0.677,4,4,68,808,0,0,none,228,1
B-01858,2023-12-12 04:13:01.019894,B,llm_agent,mobile_app,transfer_funds,0.956,1,2,73,236,0,0,none,440,1
B-01859,2023-09-06 03:04:56.373005,B,llm_agent,voice,dispute_charge,0.837,1,3,20,236,0,0,none,367,1
B-01860,2023-09-07 04:23:35.728496,B,llm_agent,voice,check_balance,0.914,2,3,66,1147,0,0,none,628,1
B-01861,2023-11-02 09:27:12.245030,B,llm_agent,voice,account_balance_check,0.257,4,7,188,2966,0,0,none,213,1
B-01862,2023-07-04 15:07:00.211015,B,llm_agent,mobile_app,fund_movement,0.625,4,3,137,1889,0,0,none,499,0
B-01863,2023-08-24 22:14:40.422365,B,llm_agent,chat,account_balance_check,0.406,3,6,126,2605,0,0,none,105,1
B-01864,2023-11-09 15:08:39.271519,B,llm_agent,chat,loan_inquiry,0.908,1,2,34,813,0,0,none,558,0
B-01865,2023-12-10 03:50:53.004479,B,llm_agent,voice,loan_inquiry,0.971,1,2,72,790,0,0,none,57,1
B-01866,2023-10-18 06:18:23.592122,B,llm_agent,mobile_app,make_payment,0.838,1,2,21,811,0,0,none,564,1
B-01867,2023-07-15 17:01:33.596824,B,llm_agent,chat,investment_advice,0.64,2,7,147,954,0,0,none,561,1
B-01868,2023-12-10 01:14:32.561969,B,llm_agent,voice,card_management,0.843,4,5,86,2665,0,0,none,33,0
B-01869,2023-12-09 05:30:39.303689,B,llm_agent,chat,transfer_funds,0.833,2,4,75,1172,0,0,none,66,1
B-01870,2023-11-24 05:28:51.648839,B,llm_agent,chat,make_payment,0.683,1,2,69,478,0,0,none,376,1
B-01871,2023-09-14 01:52:56.988083,B,llm_agent,chat,payment_processing,0.647,2,4,180,2271,0,0,none,215,0
B-01872,2023-10-01 01:07:08.683499,B,llm_agent,voice,account_balance_check,0.192,4,4,78,1905,0,1,low_confidence,230,1
B-01873,2023-08-30 09:45:31.547469,B,llm_agent,voice,request_statement,0.91,2,4,52,1192,0,0,none,456,1
B-01874,2023-08-16 07:17:03.298694,B,llm_agent,voice,payment_processing,0.224,4,4,170,961,0,0,none,517,1
B-01875,2023-10-19 22:03:59.941843,B,llm_agent,voice,check_balance,0.851,1,1,83,604,0,0,none,330,1
B-01876,2023-09-02 06:11:10.563038,B,llm_agent,chat,make_payment,0.906,1,3,60,1007,0,0,none,591,1
B-01877,2023-07-20 20:34:37.548757,B,llm_agent,voice,dispute_charge,0.881,1,2,63,661,0,0,none,465,1
B-01878,2023-07-04 05:14:46.869059,B,llm_agent,voice,fund_movement,0.31,3,4,143,2223,0,0,none,174,0
B-01879,2023-10-18 23:19:29.680887,B,llm_agent,chat,investment_advice,0.487,4,5,60,2502,0,1,unresolved,119,0
B-01880,2023-10-18 02:13:05.523503,B,llm_agent,mobile_app,credit_inquiry,0.579,4,6,90,2158,0,0,none,669,1
B-01881,2023-07-22 22:18:09.350960,B,llm_agent,voice,dispute_charge,0.599,1,1,88,534,0,0,none,70,1
B-01882,2023-12-10 10:21:10.060946,B,llm_agent,voice,dispute_charge,0.945,2,3,25,507,0,0,none,648,1
B-01883,2023-08-04 00:37:36.922170,B,llm_agent,chat,payment_processing,0.735,3,3,117,2889,0,0,none,685,1
B-01884,2023-09-14 10:02:48.276457,B,llm_agent,voice,make_payment,0.848,1,2,8,1137,0,0,none,579,1
B-01885,2023-12-28 12:24:23.459288,B,llm_agent,voice,profile_update,0.455,2,7,182,1239,0,0,none,513,1
B-01886,2023-08-23 07:44:29.710641,B,llm_agent,voice,transaction_dispute,0.418,4,7,181,1490,0,1,unresolved,651,1
B-01887,2023-08-09 03:40:25.754210,B,llm_agent,chat,request_statement,0.838,1,4,56,466,0,0,none,367,1
B-01888,2023-11-21 17:46:35.609905,B,llm_agent,mobile_app,make_payment,0.801,2,3,42,583,0,0,none,40,1
B-01889,2023-11-23 19:43:43.477762,B,llm_agent,voice,transaction_dispute,0.328,4,3,136,1045,0,1,customer_request,511,1
B-01890,2023-09-11 03:55:58.845772,B,llm_agent,voice,profile_update,0.583,2,3,58,2005,0,0,none,224,1
B-01891,2023-11-26 19:33:31.929537,B,llm_agent,voice,update_address,0.908,2,4,115,1014,0,0,none,269,1
B-01892,2023-12-01 15:14:57.530590,B,llm_agent,chat,card_management,0.434,3,5,125,1774,0,1,unresolved,92,1
B-01893,2023-07-08 18:52:17.137270,B,llm_agent,chat,unknown,0.507,3,6,60,1579,1,1,customer_request,673,1
B-01894,2023-11-11 22:45:00.134670,B,llm_agent,chat,insurance_claim,0.671,4,5,109,2225,0,0,none,717,1
B-01895,2023-11-15 15:28:07.790917,B,llm_agent,mobile_app,insurance_claim,0.573,3,5,180,2459,0,1,unresolved,322,0
B-01896,2023-12-03 01:45:04.419491,B,llm_agent,voice,check_balance,0.815,1,4,96,1004,0,0,none,305,0
B-01897,2023-11-26 15:19:42.685324,B,llm_agent,chat,transaction_dispute,0.49,4,6,65,2693,0,0,none,360,1
B-01898,2023-07-24 14:01:54.307181,B,llm_agent,voice,check_balance,0.817,1,3,66,420,0,0,none,668,1
B-01899,2023-07-27 15:40:48.919240,B,llm_agent,mobile_app,freeze_card,0.597,2,4,67,441,0,0,none,717,1
B-01900,2023-08-16 18:10:47.055590,B,llm_agent,voice,make_payment,0.9,1,3,98,859,0,0,none,429,1
B-01901,2023-10-30 15:52:04.873110,B,llm_agent,voice,fund_movement,0.655,2,6,175,1639,0,0,none,278,1
B-01902,2023-11-22 18:00:18.517611,B,llm_agent,chat,loan_inquiry,0.745,1,4,48,1198,0,0,none,624,1
B-01903,2023-10-12 14:31:17.340035,B,llm_agent,voice,request_statement,0.757,2,3,99,728,0,0,none,31,1
B-01904,2023-08-29 13:50:51.762907,B,llm_agent,mobile_app,unknown,0.795,2,6,54,2653,1,0,none,198,1
B-01905,2023-12-25 03:28:09.000764,B,llm_agent,chat,make_payment,0.871,2,3,83,611,0,0,none,486,1
B-01906,2023-12-17 13:19:59.417842,B,llm_agent,chat,freeze_card,0.807,1,4,45,660,0,0,none,107,1
B-01907,2023-07-29 18:38:11.342939,B,llm_agent,voice,fund_movement,0.225,2,5,87,2392,0,0,none,574,1
B-01908,2023-09-09 07:34:33.175494,B,llm_agent,chat,make_payment,0.897,1,2,22,644,0,0,none,114,1
B-01909,2023-09-22 18:00:29.477248,B,llm_agent,mobile_app,loan_inquiry,0.731,1,1,77,294,0,0,none,216,1
B-01910,2023-08-11 21:44:39.849358,B,llm_agent,voice,unknown,0.453,4,3,138,1457,1,0,none,547,0
B-01911,2023-10-25 22:27:09.758751,B,llm_agent,voice,check_balance,0.798,2,3,119,784,0,1,low_confidence,540,1
B-01912,2023-07-27 23:41:25.190666,B,llm_agent,mobile_app,credit_inquiry,0.458,2,4,40,2433,0,0,none,326,1
B-01913,2023-12-20 00:21:22.678247,B,llm_agent,chat,request_statement,0.661,2,1,118,818,0,0,none,281,1
B-01914,2023-11-18 12:10:19.780134,B,llm_agent,voice,insurance_claim,0.381,2,3,119,2349,0,1,customer_request,217,1
B-01915,2023-10-02 22:10:02.854377,B,llm_agent,chat,loan_inquiry,0.783,1,4,39,1051,0,0,none,497,1
B-01916,2023-10-27 20:53:53.627659,B,llm_agent,voice,card_management,0.434,4,4,47,1986,0,0,none,528,1
B-01917,2023-07-28 01:39:20.014765,B,llm_agent,mobile_app,transaction_dispute,0.266,2,4,42,917,0,1,low_confidence,652,0
B-01918,2023-12-23 13:01:21.573060,B,llm_agent,chat,loan_inquiry,0.852,1,2,30,227,0,0,none,209,0
B-01919,2023-11-29 05:22:49.623712,B,llm_agent,voice,fund_movement,0.581,3,6,168,1617,0,0,none,446,0
B-01920,2023-10-15 21:07:54.042621,B,llm_agent,voice,payment_processing,0.746,2,4,190,2164,0,1,unresolved,625,1
B-01921,2023-07-10 20:47:52.759238,B,llm_agent,chat,make_payment,0.817,1,2,106,411,0,0,none,519,1
B-01922,2023-12-16 03:01:30.267874,B,llm_agent,mobile_app,loan_inquiry,0.946,2,1,89,370,0,0,none,86,1
B-01923,2023-11-12 13:49:07.988844,B,llm_agent,voice,profile_update,0.442,3,7,181,958,0,0,none,617,1
B-01924,2023-07-16 00:57:14.525662,B,llm_agent,voice,freeze_card,0.883,1,2,67,1041,0,0,none,251,0
B-01925,2023-10-16 11:57:19.990200,B,llm_agent,voice,account_balance_check,0.802,3,7,169,1065,0,0,none,588,0
B-01926,2023-07-26 19:00:35.816674,B,llm_agent,mobile_app,investment_advice,0.893,4,6,53,1476,0,0,none,228,1
B-01927,2023-07-23 02:48:49.307386,B,llm_agent,voice,check_balance,0.927,1,1,78,838,0,0,none,74,1
B-01928,2023-10-03 19:20:37.356941,B,llm_agent,voice,transfer_funds,0.773,2,1,97,387,0,0,none,660,1
B-01929,2023-11-27 18:35:56.354105,B,llm_agent,mobile_app,payment_processing,0.263,4,6,41,2297,0,0,none,397,1
B-01930,2023-10-20 17:59:27.959591,B,llm_agent,chat,loan_inquiry,0.529,1,3,41,881,0,0,none,349,1
B-01931,2023-08-10 07:10:38.801598,B,llm_agent,mobile_app,document_request,0.405,2,6,84,2835,0,0,none,714,1
B-01932,2023-08-07 14:43:20.041256,B,llm_agent,mobile_app,transfer_funds,0.927,2,4,7,666,0,0,none,454,1
B-01933,2023-09-06 06:44:09.175842,B,llm_agent,voice,request_statement,0.716,2,1,71,784,0,0,none,541,1
B-01934,2023-09-18 11:08:29.940097,B,llm_agent,mobile_app,transaction_dispute,0.562,2,7,164,2799,0,0,none,629,1
B-01935,2023-12-05 18:13:38.473884,B,llm_agent,chat,check_balance,0.931,1,2,40,605,0,0,none,516,1
B-01936,2023-11-23 18:09:51.369821,B,llm_agent,voice,dispute_charge,0.676,1,1,26,1031,0,0,none,533,1
B-01937,2023-09-11 05:39:29.025993,B,llm_agent,chat,check_balance,0.93,1,1,26,958,0,0,none,210,1
B-01938,2023-11-19 04:52:56.990919,B,llm_agent,chat,loan_inquiry,0.906,2,1,60,1172,0,0,none,310,1
B-01939,2023-12-05 19:34:17.743883,B,llm_agent,voice,make_payment,0.9,2,1,87,225,0,0,none,128,1
B-01940,2023-09-30 04:48:32.493465,B,llm_agent,voice,profile_update,0.173,3,4,133,925,0,0,none,326,0
B-01941,2023-11-17 16:22:11.752729,B,llm_agent,voice,credit_inquiry,0.378,2,4,178,1719,0,0,none,593,0
B-01942,2023-08-26 03:20:26.641932,B,llm_agent,chat,profile_update,0.441,4,3,160,1636,0,0,none,649,1
B-01943,2023-07-23 23:39:50.410361,B,llm_agent,voice,loan_inquiry,0.759,1,1,89,972,0,0,none,530,1
B-01944,2023-11-18 17:28:22.141784,B,llm_agent,chat,loan_inquiry,0.878,2,2,94,512,0,0,none,535,1
B-01945,2023-12-07 03:14:06.392746,B,llm_agent,voice,transaction_dispute,0.366,2,5,141,1604,0,1,low_confidence,203,1
B-01946,2023-07-08 10:46:11.639581,B,llm_agent,chat,check_balance,0.886,2,1,12,429,0,0,none,95,1
B-01947,2023-10-27 11:28:57.237309,B,llm_agent,mobile_app,transaction_dispute,0.502,3,6,152,2991,0,0,none,659,1
B-01948,2023-09-29 19:53:32.010126,B,llm_agent,mobile_app,check_balance,0.665,1,1,9,1113,0,0,none,545,1
B-01949,2023-11-03 15:24:55.996302,B,llm_agent,voice,dispute_charge,0.848,2,4,50,253,0,1,unresolved,692,1
B-01950,2023-08-19 08:52:30.001290,B,llm_agent,voice,insurance_claim,0.608,3,5,178,821,0,0,none,157,1
B-01951,2023-12-13 10:52:41.543953,B,llm_agent,chat,insurance_claim,0.78,2,3,103,966,0,0,none,193,0
B-01952,2023-09-18 09:37:12.570537,B,llm_agent,voice,make_payment,0.824,2,4,35,462,0,0,none,586,1
B-01953,2023-07-10 16:14:16.273864,B,llm_agent,mobile_app,check_balance,0.946,2,3,39,904,0,0,none,274,0
B-01954,2023-07-20 06:04:32.811173,B,llm_agent,voice,make_payment,0.757,1,2,59,602,0,0,none,420,1
B-01955,2023-12-29 10:49:16.153923,B,llm_agent,voice,profile_update,0.631,4,5,68,2561,0,1,low_confidence,273,1
B-01956,2023-11-13 18:58:13.810414,B,llm_agent,chat,check_balance,0.952,1,3,116,928,0,0,none,501,1
B-01957,2023-07-02 08:52:03.421011,B,llm_agent,voice,unknown,0.204,2,4,174,1976,1,0,none,41,0
B-01958,2023-09-15 16:24:28.695995,B,llm_agent,chat,transaction_dispute,0.515,3,5,146,1795,0,1,unresolved,456,1
B-01959,2023-12-17 13:02:12.245901,B,llm_agent,chat,dispute_charge,0.777,1,4,100,510,0,1,unresolved,336,1
B-01960,2023-09-14 17:48:46.157716,B,llm_agent,voice,make_payment,0.933,2,2,43,525,0,0,none,255,1
B-01961,2023-09-24 05:04:04.855774,B,llm_agent,mobile_app,dispute_charge,0.806,2,1,13,881,0,0,none,272,1
B-01962,2023-07-02 21:06:08.960981,B,llm_agent,chat,profile_update,0.377,3,5,125,2990,0,0,none,649,1
B-01963,2023-12-01 13:10:35.860380,B,llm_agent,voice,insurance_claim,0.372,3,5,193,1671,0,0,none,436,1
B-01964,2023-09-15 15:05:03.432318,B,llm_agent,mobile_app,check_balance,0.724,2,2,9,363,0,0,none,700,1
B-01965,2023-12-13 21:35:16.917964,B,llm_agent,voice,payment_processing,0.58,4,7,175,2969,0,0,none,178,1
B-01966,2023-07-02 09:54:37.707054,B,llm_agent,mobile_app,account_balance_check,0.628,2,6,181,2232,0,0,none,489,1
B-01967,2023-07-03 06:16:30.073415,B,llm_agent,voice,check_balance,0.87,2,4,11,664,0,0,none,103,0
B-01968,2023-10-01 20:22:33.386440,B,llm_agent,voice,unknown,0.366,4,3,191,2125,1,1,unresolved,181,1
B-01969,2023-07-24 05:55:37.154498,B,llm_agent,voice,transfer_funds,0.925,1,3,19,285,0,0,none,458,0
B-01970,2023-11-06 18:03:50.529746,B,llm_agent,voice,transaction_dispute,0.479,2,6,43,2040,0,1,customer_request,271,1
B-01971,2023-07-20 00:43:12.645277,B,llm_agent,voice,account_balance_check,0.199,3,5,49,2500,0,0,none,471,1
B-01972,2023-07-04 12:57:55.143932,B,llm_agent,voice,unknown,0.415,3,7,182,2017,1,0,none,44,1
B-01973,2023-10-30 06:19:00.240831,B,llm_agent,voice,profile_update,0.169,3,7,120,2711,0,0,none,298,1
B-01974,2023-07-11 23:39:50.946039,B,llm_agent,voice,dispute_charge,0.89,2,2,111,843,0,0,none,342,1
B-01975,2023-08-16 16:23:10.363370,B,llm_agent,voice,account_balance_check,0.367,2,5,72,863,0,0,none,525,1
B-01976,2023-10-15 22:43:09.912947,B,llm_agent,chat,profile_update,0.523,3,7,61,1059,0,1,customer_request,602,1
B-01977,2023-09-06 16:09:30.625653,B,llm_agent,voice,loan_inquiry,0.911,2,3,113,913,0,0,none,323,1
B-01978,2023-08-21 01:17:06.968968,B,llm_agent,mobile_app,payment_processing,0.581,3,3,61,2802,0,0,none,480,0
B-01979,2023-11-26 18:13:30.154775,B,llm_agent,chat,check_balance,0.742,2,4,101,443,0,0,none,341,1
B-01980,2023-10-01 16:54:36.502923,B,llm_agent,mobile_app,freeze_card,0.756,1,2,117,560,0,0,none,224,1
B-01981,2023-10-20 11:38:13.452947,B,llm_agent,voice,make_payment,0.824,1,2,7,309,0,0,none,175,1
B-01982,2023-08-04 07:14:54.041962,B,llm_agent,mobile_app,transaction_dispute,0.244,4,7,117,2759,0,0,none,38,1
B-01983,2023-10-04 02:50:23.047160,B,llm_agent,voice,make_payment,0.954,2,1,26,617,0,0,none,73,1
B-01984,2023-12-28 08:35:53.103149,B,llm_agent,voice,loan_inquiry,0.841,2,2,69,742,0,0,none,235,1
B-01985,2023-12-29 07:31:28.861247,B,llm_agent,voice,insurance_claim,0.825,4,6,80,1487,0,0,none,292,1
B-01986,2023-08-12 22:11:36.498459,B,llm_agent,chat,insurance_claim,0.726,3,4,193,2496,0,0,none,76,1
B-01987,2023-07-31 00:59:14.530174,B,llm_agent,voice,dispute_charge,0.95,2,1,50,634,0,1,unresolved,341,0
B-01988,2023-11-19 00:48:58.471035,B,llm_agent,mobile_app,make_payment,0.855,2,1,102,545,0,1,customer_request,543,1
B-01989,2023-10-31 22:19:01.247372,B,llm_agent,voice,make_payment,0.897,2,2,9,824,0,0,none,674,1
B-01990,2023-07-31 09:22:46.124456,B,llm_agent,voice,update_address,0.776,1,3,72,954,0,0,none,673,1
B-01991,2023-12-16 09:25:19.525676,B,llm_agent,chat,document_request,0.305,2,4,190,2078,0,1,low_confidence,200,1
B-01992,2023-12-08 21:26:06.742997,B,llm_agent,voice,profile_update,0.345,4,4,111,924,0,0,none,189,1
B-01993,2023-10-04 05:14:44.415519,B,llm_agent,voice,transaction_dispute,0.506,4,7,150,1581,0,0,none,513,1
B-01994,2023-11-23 00:50:45.408641,B,llm_agent,voice,account_balance_check,0.795,3,4,141,1636,0,1,unresolved,253,1
B-01995,2023-08-13 17:41:49.935865,B,llm_agent,voice,freeze_card,0.741,2,4,97,546,0,0,none,75,0
B-01996,2023-10-17 01:41:48.871006,B,llm_agent,voice,insurance_claim,0.661,4,6,40,1881,0,0,none,463,1
B-01997,2023-09-23 20:39:14.492760,B,llm_agent,voice,insurance_claim,0.398,2,6,118,1975,0,0,none,507,1
B-01998,2023-11-29 22:22:29.307098,B,llm_agent,voice,freeze_card,0.782,2,4,102,540,0,0,none,105,1
B-01999,2023-12-12 22:06:53.736964,B,llm_agent,chat,document_request,0.478,2,3,122,1814,0,0,none,659,1
