session_id,timestamp,period,system_type,channel,intent,confidence_score,intent_attempts,turns,raw_input_length,response_latency_ms,is_fallback,transferred_to_human,transfer_reason,call_duration_sec,resolved
B-00000,2023-07-04 15:02:44.270135,B,llm_agent,voice,transfer_funds,0.702,1,1,89,883,0,0,none,105,1
B-00001,2023-12-13 03:31:08.224856,B,llm_agent,voice,credit_inquiry,0.477,3,7,197,2946,0,0,none,698,1
B-00002,2023-08-31 13:25:35.438151,B,llm_agent,chat,investment_advice,0.741,4,4,144,887,0,0,none,161,1
B-00003,2023-07-12 01:28:30.786213,B,llm_agent,voice,freeze_card,0.774,2,3,35,438,0,0,none,516,1
B-00004,2023-08-03 17:46:11.207905,B,llm_agent,voice,unknown,0.281,2,6,101,815,1,0,none,183,1
B-00005,2023-11-10 12:12:18.365706,B,llm_agent,chat,update_address,0.803,1,4,84,586,0,0,none,308,1
B-00006,2023-08-12 15:22:56.800430,B,llm_agent,voice,dispute_charge,0.83,1,1,44,412,0,1,customer_request,641,1
B-00007,2023-11-12 04:29:09.080209,B,llm_agent,voice,fund_movement,0.572,2,6,169,920,0,1,low_confidence,713,1
B-00008,2023-11-30 04:24:20.430500,B,llm_agent,chat,account_balance_check,0.426,3,6,120,1670,0,0,none,446,1
B-00009,2023-12-14 13:06:05.535024,B,llm_agent,voice,transfer_funds,0.718,2,3,49,668,0,0,none,169,1
B-00010,2023-12-13 20:12:07.226557,B,llm_agent,voice,request_statement,0.795,1,2,82,564,0,0,none,68,1
B-00011,2023-08-03 01:02:54.075690,B,llm_agent,chat,loan_inquiry,0.804,2,4,22,993,0,0,none,509,1
B-00012,2023-10-11 04:57:50.145753,B,llm_agent,mobile_app,freeze_card,0.727,1,3,113,820,0,0,none,583,1
B-00013,2023-12-09 15:38:59.124914,B,llm_agent,mobile_app,freeze_card,0.768,1,1,107,739,0,0,none,297,0
B-00014,2023-08-14 11:10:56.571465,B,llm_agent,voice,make_payment,0.793,2,1,83,375,0,0,none,511,1
B-00015,2023-12-30 20:09:24.079281,B,llm_agent,mobile_app,make_payment,0.86,2,2,20,579,0,0,none,177,1
B-00016,2023-11-12 18:10:14.462768,B,llm_agent,voice,check_balance,0.741,2,2,52,386,0,0,none,385,1
B-00017,2023-12-18 20:52:47.699438,B,llm_agent,voice,dispute_charge,0.874,1,3,76,640,0,0,none,103,1
B-00018,2023-08-26 21:13:54.348356,B,llm_agent,voice,freeze_card,0.882,1,2,76,872,0,0,none,599,1
B-00019,2023-08-07 01:56:33.024228,B,llm_agent,voice,loan_inquiry,0.639,1,1,44,961,0,0,none,612,0
B-00020,2023-12-21 18:46:15.157047,B,llm_agent,voice,update_address,0.844,1,1,99,632,0,0,none,560,1
B-00021,2023-08-21 12:54:37.107176,B,llm_agent,chat,update_address,0.736,1,1,16,448,0,0,none,37,1
B-00022,2023-12-13 11:34:21.556143,B,llm_agent,voice,transfer_funds,0.84,1,2,68,797,0,0,none,377,1
B-00023,2023-08-01 03:33:49.116320,B,llm_agent,chat,update_address,0.809,2,4,91,843,0,0,none,360,1
B-00024,2023-09-04 14:24:48.965635,B,llm_agent,mobile_app,make_payment,0.652,1,1,26,477,0,0,none,538,1
B-00025,2023-10-24 00:53:28.292883,B,llm_agent,voice,request_statement,0.703,2,4,90,1081,0,0,none,551,1
B-00026,2023-12-14 21:01:15.485102,B,llm_agent,voice,loan_inquiry,0.882,2,1,17,736,0,0,none,45,1
B-00027,2023-09-23 10:06:39.592483,B,llm_agent,voice,check_balance,0.565,2,1,88,871,0,0,none,658,1
B-00028,2023-10-18 15:30:57.872063,B,llm_agent,voice,check_balance,0.781,2,2,53,239,0,0,none,377,1
B-00029,2023-08-29 17:22:22.692894,B,llm_agent,voice,dispute_charge,0.728,2,1,111,246,0,1,customer_request,91,1
B-00030,2023-08-05 17:33:29.631926,B,llm_agent,voice,update_address,0.709,1,2,16,268,0,0,none,285,0
B-00031,2023-11-13 13:02:31.211169,B,llm_agent,chat,make_payment,0.944,2,4,31,1032,0,0,none,527,0
B-00032,2023-11-12 11:30:27.176378,B,llm_agent,chat,profile_update,0.284,4,3,165,2105,0,0,none,189,1
B-00033,2023-12-06 02:52:54.087358,B,llm_agent,voice,request_statement,0.684,2,4,35,745,0,0,none,384,0
B-00034,2023-07-28 13:48:45.610295,B,llm_agent,chat,check_balance,0.872,2,4,89,997,0,0,none,347,1
B-00035,2023-07-11 17:24:14.252705,B,llm_agent,chat,make_payment,0.827,2,3,103,510,0,0,none,276,1
B-00036,2023-10-23 10:00:35.189751,B,llm_agent,chat,freeze_card,0.9,1,3,80,441,0,0,none,300,1
B-00037,2023-09-28 10:50:24.204273,B,llm_agent,voice,check_balance,0.872,1,4,74,501,0,0,none,416,1
B-00038,2023-10-23 12:01:30.907282,B,llm_agent,voice,request_statement,0.952,2,2,11,1157,0,0,none,157,1
B-00039,2023-08-13 16:43:46.857425,B,llm_agent,chat,update_address,0.727,2,2,22,420,0,0,none,485,1
B-00040,2023-11-29 02:05:05.304318,B,llm_agent,voice,update_address,0.886,2,3,38,272,0,0,none,719,0
B-00041,2023-09-20 10:03:29.505292,B,llm_agent,voice,loan_inquiry,0.764,2,2,5,850,0,0,none,547,1
B-00042,2023-11-01 22:43:56.825688,B,llm_agent,voice,dispute_charge,0.682,2,4,99,759,0,0,none,65,1
B-00043,2023-08-05 16:26:17.264100,B,llm_agent,voice,make_payment,0.941,2,2,59,660,0,0,none,318,1
B-00044,2023-07-10 01:59:34.000138,B,llm_agent,chat,freeze_card,0.982,2,3,94,441,0,0,none,607,1
B-00045,2023-09-04 12:05:36.496953,B,llm_agent,voice,loan_inquiry,0.719,1,4,87,918,0,0,none,510,1
B-00046,2023-09-16 22:38:00.595026,B,llm_agent,voice,transfer_funds,0.925,2,3,45,751,0,0,none,550,1
B-00047,2023-09-17 14:38:24.727675,B,llm_agent,mobile_app,dispute_charge,0.811,1,1,79,1087,0,0,none,477,1
B-00048,2023-08-13 19:23:48.482057,B,llm_agent,voice,transfer_funds,0.72,1,2,40,844,0,0,none,81,1
B-00049,2023-09-24 12:49:30.031756,B,llm_agent,voice,make_payment,0.974,1,2,62,726,0,0,none,529,1
B-00050,2023-10-01 13:15:12.568712,B,llm_agent,chat,insurance_claim,0.398,3,5,164,1390,0,1,unresolved,265,1
B-00051,2023-08-22 09:53:02.864509,B,llm_agent,voice,request_statement,0.643,2,4,48,748,0,0,none,52,1
B-00052,2023-08-30 18:17:33.522917,B,llm_agent,mobile_app,update_address,0.881,2,1,81,1081,0,0,none,453,1
B-00053,2023-10-11 08:59:24.634669,B,llm_agent,chat,freeze_card,0.8,2,3,93,907,0,0,none,462,1
B-00054,2023-07-09 04:40:20.902721,B,llm_agent,voice,freeze_card,0.606,1,4,23,987,0,0,none,136,1
B-00055,2023-07-08 13:18:05.654090,B,llm_agent,voice,make_payment,0.909,2,1,70,592,0,0,none,545,1
B-00056,2023-09-18 03:41:50.380444,B,llm_agent,voice,make_payment,0.652,2,1,110,213,0,0,none,542,0
B-00057,2023-07-12 11:18:44.685975,B,llm_agent,voice,account_balance_check,0.573,2,7,171,1212,0,1,low_confidence,291,0
B-00058,2023-11-14 14:16:59.194730,B,llm_agent,voice,transfer_funds,0.915,1,2,12,231,0,0,none,272,1
B-00059,2023-10-16 09:20:48.332667,B,llm_agent,voice,transaction_dispute,0.504,3,4,66,2300,0,0,none,636,1
B-00060,2023-07-05 19:20:58.712113,B,llm_agent,chat,check_balance,0.797,2,4,9,1017,0,0,none,127,1
B-00061,2023-08-30 07:08:55.101913,B,llm_agent,voice,make_payment,0.696,1,4,82,672,0,0,none,484,1
B-00062,2023-07-17 02:19:12.980565,B,llm_agent,voice,make_payment,0.822,1,1,60,578,0,0,none,506,1
B-00063,2023-12-13 20:13:34.278957,B,llm_agent,voice,check_balance,0.947,1,3,6,697,0,1,low_confidence,195,1
B-00064,2023-08-26 20:46:23.758356,B,llm_agent,voice,document_request,0.567,3,7,77,2516,0,1,customer_request,203,0
B-00065,2023-09-08 22:32:49.812581,B,llm_agent,mobile_app,check_balance,0.691,2,2,25,397,0,0,none,391,1
B-00066,2023-11-22 01:06:14.231431,B,llm_agent,voice,unknown,0.673,4,5,120,2062,1,0,none,272,0
B-00067,2023-08-09 14:28:00.694850,B,llm_agent,mobile_app,freeze_card,0.907,2,1,52,1197,0,0,none,97,0
B-00068,2023-08-08 01:03:50.900511,B,llm_agent,chat,transfer_funds,0.966,1,2,12,205,0,1,low_confidence,330,1
B-00069,2023-11-25 17:33:20.666421,B,llm_agent,voice,update_address,0.645,1,2,65,1189,0,0,none,537,0
B-00070,2023-10-06 13:16:37.857534,B,llm_agent,voice,dispute_charge,0.748,1,2,90,395,0,0,none,328,1
B-00071,2023-08-16 22:55:33.070110,B,llm_agent,voice,transfer_funds,0.658,2,3,48,960,0,0,none,546,1
B-00072,2023-07-29 20:47:07.810299,B,llm_agent,voice,check_balance,0.76,2,2,81,833,0,0,none,575,1
B-00073,2023-11-22 20:16:06.092532,B,llm_agent,chat,make_payment,0.592,1,2,84,570,0,1,timeout,432,1
B-00074,2023-08-07 07:36:38.304759,B,llm_agent,mobile_app,request_statement,0.714,2,4,90,706,0,0,none,476,1
B-00075,2023-09-28 21:00:35.068889,B,llm_agent,voice,make_payment,0.751,1,1,102,747,0,0,none,75,1
B-00076,2023-08-04 18:41:39.347937,B,llm_agent,chat,make_payment,0.684,1,4,26,841,0,0,none,618,1
B-00077,2023-09-07 17:55:05.865273,B,llm_agent,mobile_app,freeze_card,0.893,2,4,19,240,0,0,none,138,1
B-00078,2023-07-16 08:28:23.119089,B,llm_agent,voice,investment_advice,0.238,2,7,132,2971,0,1,unresolved,562,1
B-00079,2023-07-02 20:42:26.632116,B,llm_agent,voice,make_payment,0.802,1,1,56,599,0,0,none,561,1
B-00080,2023-10-14 12:34:13.241889,B,llm_agent,voice,freeze_card,0.948,1,1,70,1042,0,0,none,676,1
B-00081,2023-10-13 03:58:27.708717,B,llm_agent,voice,loan_inquiry,0.76,2,1,24,282,0,0,none,260,1
B-00082,2023-08-04 17:26:44.745549,B,llm_agent,voice,request_statement,0.903,1,2,61,1134,0,0,none,270,0
B-00083,2023-08-06 02:49:09.079100,B,llm_agent,voice,freeze_card,0.897,2,2,55,983,0,0,none,201,1
B-00084,2023-11-19 11:41:51.337394,B,llm_agent,chat,transfer_funds,0.88,1,1,52,992,0,0,none,429,1
B-00085,2023-09-20 17:35:14.497082,B,llm_agent,mobile_app,loan_inquiry,0.735,1,1,84,233,0,0,none,175,1
B-00086,2023-10-19 12:51:51.859602,B,llm_agent,voice,request_statement,0.836,2,2,118,1197,0,0,none,610,1
B-00087,2023-08-21 05:12:11.658817,B,llm_agent,voice,loan_inquiry,0.902,1,2,13,1050,0,0,none,487,1
B-00088,2023-10-16 06:18:38.325298,B,llm_agent,chat,profile_update,0.682,3,7,185,2989,0,0,none,593,0
B-00089,2023-09-15 12:53:29.701608,B,llm_agent,chat,freeze_card,0.914,1,3,42,1046,0,0,none,361,1
B-00090,2023-08-20 04:41:34.151016,B,llm_agent,voice,update_address,0.685,2,4,119,301,0,0,none,588,0
B-00091,2023-10-10 07:44:43.579039,B,llm_agent,chat,profile_update,0.669,2,7,173,2999,0,0,none,103,0
B-00092,2023-07-13 16:00:21.723829,B,llm_agent,chat,freeze_card,0.501,1,3,19,697,0,0,none,327,0
B-00093,2023-07-24 04:24:40.747981,B,llm_agent,voice,update_address,0.839,2,3,45,247,0,0,none,458,1
B-00094,2023-09-20 03:17:09.959755,B,llm_agent,voice,check_balance,0.827,2,3,52,801,0,0,none,365,0
B-00095,2023-08-26 08:10:56.121168,B,llm_agent,voice,request_statement,0.784,1,2,28,949,0,0,none,542,1
B-00096,2023-11-25 15:49:48.636891,B,llm_agent,voice,transfer_funds,0.966,2,3,64,581,0,1,customer_request,84,1
B-00097,2023-08-05 23:29:45.338907,B,llm_agent,voice,document_request,0.625,4,3,118,1981,0,1,unresolved,582,1
B-00098,2023-07-25 12:37:01.609821,B,llm_agent,voice,make_payment,0.868,2,3,55,644,0,0,none,150,0
B-00099,2023-07-13 04:57:02.064174,B,llm_agent,chat,freeze_card,0.79,2,1,42,734,0,0,none,116,1
B-00100,2023-11-27 10:31:16.456120,B,llm_agent,voice,make_payment,0.675,1,2,49,654,0,0,none,334,1
B-00101,2023-12-05 09:59:11.749782,B,llm_agent,mobile_app,dispute_charge,0.805,1,4,117,421,0,0,none,581,1
B-00102,2023-12-12 21:49:50.655407,B,llm_agent,voice,check_balance,0.905,1,3,83,450,0,0,none,244,1
B-00103,2023-12-10 07:34:34.888649,B,llm_agent,chat,check_balance,0.904,1,1,76,419,0,1,timeout,607,1
B-00104,2023-12-07 22:15:16.429677,B,llm_agent,chat,request_statement,0.656,2,4,44,1080,0,0,none,196,0
B-00105,2023-12-26 09:37:15.464521,B,llm_agent,voice,check_balance,0.72,2,3,76,768,0,0,none,575,1
B-00106,2023-09-11 21:03:01.278938,B,llm_agent,voice,insurance_claim,0.727,2,3,113,1843,0,0,none,133,1
B-00107,2023-10-29 10:27:42.741596,B,llm_agent,voice,freeze_card,0.734,2,3,17,564,0,0,none,507,1
B-00108,2023-07-08 16:11:14.909150,B,llm_agent,chat,insurance_claim,0.431,4,4,165,2024,0,0,none,549,1
B-00109,2023-12-06 12:27:36.938413,B,llm_agent,mobile_app,loan_inquiry,0.793,2,2,75,407,0,1,low_confidence,103,1
B-00110,2023-07-27 13:34:25.797285,B,llm_agent,voice,update_address,0.937,1,4,16,1071,0,0,none,589,1
B-00111,2023-11-02 18:58:38.844341,B,llm_agent,voice,update_address,0.681,2,4,93,1000,0,0,none,460,1
B-00112,2023-08-29 17:31:50.967227,B,llm_agent,chat,check_balance,0.576,2,4,51,665,0,0,none,368,1
B-00113,2023-10-16 13:41:16.010455,B,llm_agent,voice,request_statement,0.857,1,2,40,960,0,0,none,657,0
B-00114,2023-11-23 03:34:35.766255,B,llm_agent,voice,check_balance,0.85,2,1,91,549,0,0,none,599,1
B-00115,2023-10-02 02:56:07.539245,B,llm_agent,voice,check_balance,0.507,2,4,30,839,0,0,none,280,1
B-00116,2023-12-21 22:42:35.053438,B,llm_agent,voice,update_address,0.586,1,1,11,385,0,0,none,661,1
B-00117,2023-08-26 14:13:45.158888,B,llm_agent,voice,loan_inquiry,0.754,2,1,107,608,0,0,none,640,1
B-00118,2023-10-11 13:00:36.508689,B,llm_agent,chat,make_payment,0.905,2,1,76,200,0,1,low_confidence,135,1
B-00119,2023-12-05 00:15:44.180691,B,llm_agent,voice,make_payment,0.696,1,3,108,644,0,0,none,467,1
B-00120,2023-10-09 22:17:42.716162,B,llm_agent,chat,request_statement,0.645,2,4,80,662,0,0,none,603,0
B-00121,2023-10-06 19:09:11.134705,B,llm_agent,chat,document_request,0.488,2,5,169,2314,0,0,none,118,1
B-00122,2023-09-09 17:15:57.753910,B,llm_agent,voice,transfer_funds,0.976,1,3,39,476,0,1,customer_request,49,1
B-00123,2023-11-20 07:48:49.214915,B,llm_agent,mobile_app,dispute_charge,0.911,1,3,43,665,0,0,none,554,1
B-00124,2023-09-04 17:32:03.653728,B,llm_agent,mobile_app,check_balance,0.872,1,1,79,1005,0,0,none,108,1
B-00125,2023-08-15 09:28:28.387727,B,llm_agent,mobile_app,payment_processing,0.466,3,4,138,1926,0,0,none,251,1
B-00126,2023-07-24 13:00:57.402267,B,llm_agent,voice,profile_update,0.757,2,7,91,2624,0,0,none,313,1
B-00127,2023-09-17 05:19:04.714122,B,llm_agent,chat,make_payment,0.798,1,4,76,945,0,0,none,623,1
B-00128,2023-08-22 07:51:47.593573,B,llm_agent,voice,make_payment,0.802,1,1,19,946,0,0,none,492,1
B-00129,2023-12-29 02:27:08.245146,B,llm_agent,voice,request_statement,0.819,2,1,111,810,0,0,none,222,1
B-00130,2023-10-20 19:49:55.819164,B,llm_agent,voice,loan_inquiry,0.65,2,2,57,382,0,0,none,367,0
B-00131,2023-12-29 15:04:27.639693,B,llm_agent,chat,check_balance,0.806,2,4,31,1174,0,0,none,357,1
B-00132,2023-11-05 05:53:09.135017,B,llm_agent,voice,document_request,0.696,2,3,82,1159,0,0,none,174,1
B-00133,2023-12-03 02:42:53.313551,B,llm_agent,voice,loan_inquiry,0.755,1,4,93,412,0,0,none,344,1
B-00134,2023-07-21 11:56:00.380524,B,llm_agent,mobile_app,unknown,0.735,3,4,62,2748,1,1,low_confidence,465,1
B-00135,2023-11-04 12:49:49.940073,B,llm_agent,chat,check_balance,0.848,1,2,66,1023,0,1,unresolved,120,0
B-00136,2023-07-22 16:20:28.409817,B,llm_agent,mobile_app,update_address,0.841,1,3,82,752,0,0,none,629,1
B-00137,2023-07-27 19:08:38.870103,B,llm_agent,voice,update_address,0.696,1,2,7,1180,0,0,none,504,1
B-00138,2023-07-15 03:46:03.076422,B,llm_agent,chat,dispute_charge,0.687,1,3,100,452,0,0,none,578,1
B-00139,2023-10-23 03:30:58.631974,B,llm_agent,chat,update_address,0.882,2,4,51,999,0,0,none,391,1
B-00140,2023-10-28 01:07:33.032794,B,llm_agent,voice,request_statement,0.904,1,1,10,772,0,0,none,234,1
B-00141,2023-08-23 03:08:20.256482,B,llm_agent,voice,make_payment,0.968,2,2,7,864,0,0,none,529,1
B-00142,2023-12-11 20:39:44.403691,B,llm_agent,voice,check_balance,0.683,1,2,111,825,0,0,none,652,1
B-00143,2023-12-16 23:36:43.890761,B,llm_agent,voice,make_payment,0.693,1,1,22,522,0,1,customer_request,143,1
B-00144,2023-11-25 06:58:19.725787,B,llm_agent,voice,dispute_charge,0.828,2,3,64,349,0,0,none,296,1
B-00145,2023-10-23 13:41:29.241752,B,llm_agent,voice,make_payment,0.876,2,4,57,1168,0,0,none,671,1
B-00146,2023-10-18 09:16:30.447582,B,llm_agent,chat,request_statement,0.804,2,4,49,202,0,0,none,650,1
B-00147,2023-09-10 22:07:01.000336,B,llm_agent,chat,insurance_claim,0.435,3,5,115,1568,0,1,timeout,625,1
B-00148,2023-09-22 12:21:08.576165,B,llm_agent,chat,freeze_card,0.811,2,4,107,1176,0,1,customer_request,101,1
B-00149,2023-07-26 19:56:45.328976,B,llm_agent,voice,request_statement,0.874,1,3,8,1040,0,0,none,118,1
B-00150,2023-12-22 21:31:27.328937,B,llm_agent,voice,make_payment,0.871,2,4,107,331,0,0,none,675,1
B-00151,2023-10-16 20:21:26.952810,B,llm_agent,voice,check_balance,0.845,2,2,23,203,0,0,none,626,0
B-00152,2023-09-08 13:32:13.691647,B,llm_agent,chat,make_payment,0.775,1,2,19,953,0,0,none,270,1
B-00153,2023-08-06 21:59:24.429076,B,llm_agent,chat,loan_inquiry,0.907,2,4,94,222,0,0,none,242,1
B-00154,2023-09-13 10:37:06.298666,B,llm_agent,voice,update_address,0.697,1,4,64,223,0,0,none,332,1
B-00155,2023-07-31 17:08:07.568220,B,llm_agent,voice,dispute_charge,0.438,2,4,95,347,0,0,none,35,1
B-00156,2023-11-24 01:05:34.467276,B,llm_agent,chat,check_balance,0.816,2,4,89,836,0,0,none,608,1
B-00157,2023-11-10 03:16:12.383795,B,llm_agent,chat,update_address,0.966,2,4,99,891,0,0,none,634,1
B-00158,2023-11-14 14:30:39.920140,B,llm_agent,mobile_app,loan_inquiry,0.917,2,1,40,1011,0,0,none,505,1
B-00159,2023-11-03 06:31:57.592904,B,llm_agent,voice,update_address,0.957,2,4,48,280,0,0,none,152,1
B-00160,2023-12-11 14:44:34.024094,B,llm_agent,chat,make_payment,0.725,2,3,99,664,0,0,none,413,1
B-00161,2023-08-03 08:31:00.043180,B,llm_agent,chat,profile_update,0.299,4,5,79,1482,0,0,none,316,1
B-00162,2023-10-05 00:22:07.722862,B,llm_agent,chat,request_statement,0.77,1,1,93,1182,0,0,none,498,0
B-00163,2023-10-21 21:26:57.183258,B,llm_agent,chat,check_balance,0.644,2,3,87,896,0,0,none,69,1
B-00164,2023-12-27 15:47:46.850143,B,llm_agent,mobile_app,request_statement,0.733,1,3,21,451,0,0,none,389,1
B-00165,2023-09-05 08:31:25.894769,B,llm_agent,chat,loan_inquiry,0.654,2,3,86,357,0,0,none,582,1
B-00166,2023-08-20 15:35:02.364422,B,llm_agent,chat,request_statement,0.839,2,1,39,889,0,0,none,48,1
B-00167,2023-07-11 19:36:46.314436,B,llm_agent,voice,request_statement,0.826,1,4,119,1060,0,0,none,689,1
B-00168,2023-12-25 12:59:32.970037,B,llm_agent,voice,check_balance,0.83,2,4,92,524,0,0,none,354,1
B-00169,2023-08-16 09:15:30.121470,B,llm_agent,voice,loan_inquiry,0.96,2,1,105,261,0,0,none,59,1
B-00170,2023-07-21 08:29:04.601659,B,llm_agent,voice,make_payment,0.797,1,2,45,975,0,0,none,447,0
B-00171,2023-12-12 02:33:30.826881,B,llm_agent,mobile_app,loan_inquiry,0.575,2,2,53,801,0,0,none,501,1
B-00172,2023-12-18 11:01:58.044069,B,llm_agent,chat,dispute_charge,0.86,2,2,42,531,0,0,none,120,1
B-00173,2023-10-08 01:19:39.286959,B,llm_agent,chat,make_payment,0.646,2,1,33,1049,0,0,none,359,1
B-00174,2023-08-19 15:39:58.815631,B,llm_agent,chat,make_payment,0.941,2,2,108,552,0,0,none,185,1
B-00175,2023-09-29 10:40:56.704750,B,llm_agent,chat,credit_inquiry,0.642,2,5,126,2225,0,1,low_confidence,661,1
B-00176,2023-07-21 08:30:52.990564,B,llm_agent,mobile_app,loan_inquiry,0.904,2,3,110,679,0,0,none,188,1
B-00177,2023-07-25 09:07:47.661615,B,llm_agent,voice,check_balance,0.559,2,4,63,632,0,0,none,113,1
B-00178,2023-09-26 18:30:31.017322,B,llm_agent,mobile_app,make_payment,0.589,2,1,56,335,0,0,none,403,1
B-00179,2023-12-02 10:31:32.080755,B,llm_agent,chat,freeze_card,0.824,2,4,87,500,0,0,none,657,1
B-00180,2023-07-27 10:06:16.072144,B,llm_agent,mobile_app,make_payment,0.699,1,2,116,707,0,0,none,185,1
B-00181,2023-10-26 20:15:44.366877,B,llm_agent,voice,dispute_charge,0.83,1,3,112,605,0,0,none,645,1
B-00182,2023-08-30 22:45:26.196509,B,llm_agent,chat,request_statement,0.979,2,3,28,916,0,0,none,186,0
B-00183,2023-07-11 05:37:08.161727,B,llm_agent,voice,freeze_card,0.917,1,2,85,732,0,0,none,665,0
B-00184,2023-08-16 02:39:48.203053,B,llm_agent,voice,unknown,0.444,4,3,117,2645,1,1,unresolved,323,1
B-00185,2023-07-13 15:44:54.702773,B,llm_agent,voice,update_address,0.846,1,3,64,238,0,0,none,307,1
B-00186,2023-08-04 09:06:38.234211,B,llm_agent,voice,freeze_card,0.887,2,3,62,212,0,0,none,573,1
B-00187,2023-08-25 20:15:02.133181,B,llm_agent,voice,dispute_charge,0.732,1,1,11,769,0,0,none,366,0
B-00188,2023-08-01 18:09:03.410843,B,llm_agent,mobile_app,make_payment,0.89,1,3,95,1110,0,0,none,222,1
B-00189,2023-09-12 22:06:34.730775,B,llm_agent,chat,freeze_card,0.898,2,3,47,941,0,0,none,290,1
B-00190,2023-07-01 13:46:38.001084,B,llm_agent,chat,loan_inquiry,0.899,1,4,29,231,0,0,none,203,1
B-00191,2023-07-06 07:18:59.628086,B,llm_agent,mobile_app,loan_inquiry,0.528,1,4,30,663,0,0,none,339,1
B-00192,2023-11-18 01:23:28.566407,B,llm_agent,mobile_app,make_payment,0.61,1,2,74,1156,0,1,unresolved,376,0
B-00193,2023-11-20 04:08:22.656865,B,llm_agent,mobile_app,dispute_charge,0.901,2,1,96,980,0,0,none,503,1
B-00194,2023-09-09 03:58:52.816307,B,llm_agent,mobile_app,freeze_card,0.982,1,3,14,1150,0,0,none,273,1
B-00195,2023-12-27 20:48:04.414485,B,llm_agent,chat,make_payment,0.914,1,3,91,777,0,0,none,214,1
B-00196,2023-08-19 23:37:38.451709,B,llm_agent,voice,fund_movement,0.369,4,6,192,2187,0,1,low_confidence,706,1
B-00197,2023-11-14 18:53:43.654229,B,llm_agent,chat,loan_inquiry,0.806,1,1,45,682,0,0,none,598,1
B-00198,2023-09-20 01:39:49.391301,B,llm_agent,voice,make_payment,0.963,1,2,106,344,0,0,none,586,1
B-00199,2023-09-01 13:37:46.668749,B,llm_agent,voice,check_balance,0.974,2,1,77,776,0,0,none,275,1
B-00200,2023-08-22 18:21:11.366078,B,llm_agent,voice,request_statement,0.916,2,4,37,1125,0,0,none,300,1
B-00201,2023-08-12 01:26:44.734475,B,llm_agent,voice,update_address,0.807,1,3,98,970,0,0,none,496,1
B-00202,2023-10-30 06:32:40.766990,B,llm_agent,mobile_app,request_statement,0.906,2,3,26,774,0,0,none,112,1
B-00203,2023-07-06 10:15:51.140683,B,llm_agent,voice,update_address,0.666,1,4,17,853,0,0,none,698,0
B-00204,2023-12-13 13:17:36.577025,B,llm_agent,chat,transfer_funds,0.958,2,1,92,528,0,0,none,180,1
B-00205,2023-08-16 13:31:38.188687,B,llm_agent,voice,freeze_card,0.833,1,3,100,1174,0,0,none,190,1
B-00206,2023-09-27 01:12:59.778382,B,llm_agent,voice,loan_inquiry,0.684,2,1,116,880,0,1,unresolved,570,1
B-00207,2023-09-10 12:03:56.014608,B,llm_agent,chat,transfer_funds,0.905,2,3,87,363,0,0,none,221,1
B-00208,2023-12-21 15:29:00.381722,B,llm_agent,voice,check_balance,0.827,2,3,31,554,0,0,none,345,1
B-00209,2023-07-31 19:30:29.014738,B,llm_agent,chat,check_balance,0.692,1,2,5,901,0,0,none,683,1
B-00210,2023-09-05 19:59:01.507486,B,llm_agent,voice,make_payment,0.626,1,1,107,981,0,0,none,164,0
B-00211,2023-10-30 02:17:37.067674,B,llm_agent,voice,transfer_funds,0.582,2,4,63,546,0,0,none,103,1
B-00212,2023-08-21 16:58:42.929597,B,llm_agent,voice,transaction_dispute,0.626,3,5,142,1604,0,0,none,461,1
B-00213,2023-10-08 16:03:56.914964,B,llm_agent,chat,check_balance,0.957,2,1,52,298,0,0,none,53,0
B-00214,2023-07-05 22:10:53.657216,B,llm_agent,voice,update_address,0.71,1,1,25,644,0,0,none,471,1
B-00215,2023-12-13 02:17:17.000809,B,llm_agent,chat,card_management,0.174,4,3,104,886,0,0,none,197,1
B-00216,2023-12-01 10:37:55.981738,B,llm_agent,voice,loan_inquiry,0.659,1,1,49,971,0,0,none,257,1
B-00217,2023-07-23 17:33:06.406874,B,llm_agent,chat,check_balance,0.822,2,1,18,1101,0,0,none,299,1
B-00218,2023-11-11 10:05:43.699421,B,llm_agent,chat,document_request,0.477,2,3,74,1211,0,0,none,129,1
B-00219,2023-07-12 04:46:11.570958,B,llm_agent,voice,loan_inquiry,0.978,2,1,51,262,0,0,none,651,1
B-00220,2023-12-16 20:08:01.171658,B,llm_agent,voice,account_balance_check,0.701,2,3,186,2550,0,0,none,419,1
B-00221,2023-07-22 22:58:41.085520,B,llm_agent,voice,payment_processing,0.7,3,5,95,955,0,0,none,274,1
B-00222,2023-09-04 16:08:42.132684,B,llm_agent,voice,update_address,0.793,2,2,59,652,0,0,none,419,0
B-00223,2023-12-04 22:30:08.863966,B,llm_agent,voice,check_balance,0.892,1,3,48,463,0,0,none,251,1
B-00224,2023-08-07 20:37:02.276128,B,llm_agent,voice,transfer_funds,0.872,2,1,14,857,0,0,none,345,1
B-00225,2023-12-17 20:03:39.876957,B,llm_agent,voice,loan_inquiry,0.665,2,4,94,929,0,0,none,129,1
B-00226,2023-10-31 02:05:48.778626,B,llm_agent,chat,make_payment,0.657,1,4,84,860,0,0,none,699,1
B-00227,2023-09-25 21:10:10.976777,B,llm_agent,mobile_app,make_payment,0.548,1,1,96,293,0,0,none,567,1
B-00228,2023-07-23 10:00:13.066534,B,llm_agent,voice,update_address,0.999,2,1,92,314,0,0,none,251,0
B-00229,2023-10-29 04:20:16.471443,B,llm_agent,chat,make_payment,0.381,2,1,48,1052,0,0,none,406,0
B-00230,2023-10-16 17:43:18.446500,B,llm_agent,voice,update_address,0.73,2,1,100,426,0,0,none,376,1
B-00231,2023-09-16 06:46:31.250567,B,llm_agent,voice,make_payment,0.735,1,1,24,975,0,0,none,71,0
B-00232,2023-09-12 20:15:59.895404,B,llm_agent,voice,make_payment,0.831,1,2,6,388,0,0,none,468,1
B-00233,2023-10-16 19:36:38.164333,B,llm_agent,chat,dispute_charge,0.83,1,4,87,1143,0,0,none,388,1
B-00234,2023-09-14 06:03:15.070302,B,llm_agent,mobile_app,account_balance_check,0.264,2,6,65,2068,0,0,none,506,0
B-00235,2023-11-03 00:37:15.969917,B,llm_agent,voice,loan_inquiry,0.924,2,1,68,363,0,0,none,198,1
B-00236,2023-09-18 19:33:36.358123,B,llm_agent,voice,dispute_charge,0.841,2,3,101,1042,0,0,none,613,1
B-00237,2023-12-27 06:57:09.223293,B,llm_agent,voice,transfer_funds,0.896,2,2,60,1131,0,0,none,540,1
B-00238,2023-10-10 09:22:29.116380,B,llm_agent,voice,check_balance,0.743,1,2,58,844,0,0,none,182,1
B-00239,2023-07-26 18:21:08.659775,B,llm_agent,voice,account_balance_check,0.42,3,7,141,2621,0,0,none,418,1
B-00240,2023-12-25 03:47:24.140644,B,llm_agent,voice,request_statement,0.89,1,4,27,250,0,0,none,625,1
B-00241,2023-12-28 08:45:38.037927,B,llm_agent,chat,dispute_charge,0.954,1,1,54,211,0,0,none,49,0
B-00242,2023-12-29 17:09:26.288612,B,llm_agent,voice,profile_update,0.505,2,4,173,2808,0,0,none,99,1
B-00243,2023-08-25 22:08:28.918097,B,llm_agent,chat,make_payment,0.747,2,2,83,533,0,1,timeout,597,0
B-00244,2023-09-01 19:35:22.280006,B,llm_agent,chat,make_payment,0.796,1,2,19,597,0,0,none,74,1
B-00245,2023-07-02 03:08:03.157297,B,llm_agent,mobile_app,transfer_funds,0.782,1,3,72,542,0,0,none,280,0
B-00246,2023-12-10 11:04:16.094732,B,llm_agent,voice,request_statement,0.884,1,3,16,437,0,0,none,631,1
B-00247,2023-11-07 21:22:14.719420,B,llm_agent,mobile_app,check_balance,0.966,1,1,111,1162,0,0,none,560,1
B-00248,2023-08-21 12:47:27.325736,B,llm_agent,chat,update_address,0.839,2,2,15,1140,0,0,none,254,0
B-00249,2023-08-04 03:47:40.528960,B,llm_agent,chat,check_balance,0.82,2,2,19,619,0,0,none,431,1
B-00250,2023-12-10 20:40:52.868329,B,llm_agent,chat,make_payment,0.778,1,1,87,521,0,0,none,579,1
B-00251,2023-09-03 22:15:56.947782,B,llm_agent,voice,freeze_card,0.822,2,3,28,284,0,0,none,305,1
B-00252,2023-10-12 00:33:08.683567,B,llm_agent,voice,check_balance,0.839,2,3,105,585,0,0,none,564,1
B-00253,2023-07-29 22:09:50.481286,B,llm_agent,chat,request_statement,0.812,2,4,116,457,0,0,none,610,1
B-00254,2023-08-02 05:03:34.746384,B,llm_agent,mobile_app,freeze_card,0.748,1,2,13,908,0,1,unresolved,496,1
B-00255,2023-09-09 22:48:19.903553,B,llm_agent,chat,unknown,0.531,3,7,44,861,1,0,none,500,1
B-00256,2023-08-15 20:48:59.232112,B,llm_agent,voice,freeze_card,0.774,1,3,69,634,0,0,none,171,1
B-00257,2023-08-10 17:42:26.487756,B,llm_agent,voice,request_statement,0.733,2,2,55,814,0,0,none,608,1
B-00258,2023-09-13 13:29:30.416107,B,llm_agent,voice,update_address,0.794,2,3,100,352,0,0,none,323,1
B-00259,2023-08-08 07:24:45.022599,B,llm_agent,voice,freeze_card,0.957,2,3,118,883,0,0,none,401,0
B-00260,2023-12-20 19:02:14.191035,B,llm_agent,voice,check_balance,0.883,1,2,104,1113,0,0,none,588,1
B-00261,2023-10-15 20:10:14.431275,B,llm_agent,chat,update_address,0.952,1,1,99,471,0,1,unresolved,247,1
B-00262,2023-07-08 23:45:58.983453,B,llm_agent,voice,request_statement,0.884,1,4,11,1069,0,0,none,97,1
B-00263,2023-08-10 07:19:39.665499,B,llm_agent,mobile_app,request_statement,0.726,2,2,69,755,0,0,none,40,0
B-00264,2023-09-21 02:44:27.472907,B,llm_agent,voice,freeze_card,0.943,2,1,73,815,0,0,none,379,1
B-00265,2023-09-17 17:32:02.709834,B,llm_agent,mobile_app,transfer_funds,0.813,2,1,29,619,0,0,none,415,0
B-00266,2023-11-03 18:41:43.911704,B,llm_agent,chat,check_balance,0.876,1,2,116,507,0,0,none,136,1
B-00267,2023-11-19 09:17:26.809497,B,llm_agent,voice,credit_inquiry,0.259,3,4,100,2086,0,0,none,444,1
B-00268,2023-10-13 08:56:56.713659,B,llm_agent,chat,loan_inquiry,0.871,2,1,87,803,0,0,none,100,1
B-00269,2023-09-04 05:19:17.460251,B,llm_agent,chat,make_payment,0.766,2,4,42,949,0,0,none,458,1
B-00270,2023-08-04 07:59:31.744177,B,llm_agent,voice,check_balance,0.864,1,2,117,259,0,0,none,334,1
B-00271,2023-07-07 18:51:39.935314,B,llm_agent,voice,transaction_dispute,0.415,3,5,93,1975,0,1,customer_request,714,1
B-00272,2023-07-12 00:39:34.091638,B,llm_agent,voice,update_address,0.911,2,3,111,917,0,0,none,243,1
B-00273,2023-09-14 02:41:38.546411,B,llm_agent,voice,check_balance,0.844,2,4,5,362,0,0,none,574,1
B-00274,2023-07-01 06:00:18.009374,B,llm_agent,voice,document_request,0.464,2,4,97,2830,0,0,none,596,1
B-00275,2023-08-31 22:53:15.712822,B,llm_agent,chat,dispute_charge,0.847,2,4,23,485,0,0,none,677,1
B-00276,2023-07-02 09:21:58.251522,B,llm_agent,voice,dispute_charge,0.935,1,2,14,826,0,1,low_confidence,366,0
B-00277,2023-12-05 13:58:20.339491,B,llm_agent,chat,transfer_funds,0.861,1,2,43,270,0,0,none,379,1
B-00278,2023-08-08 15:22:28.543340,B,llm_agent,mobile_app,dispute_charge,0.704,2,3,45,667,0,1,unresolved,541,1
B-00279,2023-10-30 10:35:36.455150,B,llm_agent,voice,dispute_charge,0.752,1,1,9,347,0,0,none,380,1
B-00280,2023-12-11 06:07:29.194376,B,llm_agent,chat,check_balance,0.622,2,4,51,506,0,0,none,486,1
B-00281,2023-12-10 18:58:49.017196,B,llm_agent,mobile_app,check_balance,0.883,2,4,20,978,0,0,none,346,1
B-00282,2023-11-28 13:29:47.303082,B,llm_agent,voice,make_payment,0.838,1,3,101,1052,0,0,none,686,1
B-00283,2023-10-24 21:44:58.719594,B,llm_agent,voice,dispute_charge,0.826,1,2,113,769,0,0,none,712,1
B-00284,2023-08-10 15:50:51.063149,B,llm_agent,voice,make_payment,0.773,2,2,104,715,0,0,none,209,1
B-00285,2023-09-16 16:34:43.112406,B,llm_agent,mobile_app,fund_movement,0.915,4,6,110,1668,0,0,none,119,0
B-00286,2023-09-13 21:04:07.973243,B,llm_agent,chat,check_balance,0.838,1,1,100,1003,0,0,none,568,1
B-00287,2023-10-17 00:14:04.342262,B,llm_agent,voice,request_statement,0.545,2,3,68,686,0,0,none,163,1
B-00288,2023-09-10 03:06:26.799343,B,llm_agent,voice,update_address,0.679,1,4,9,411,0,0,none,159,1
B-00289,2023-07-17 23:51:02.945001,B,llm_agent,chat,make_payment,0.91,2,4,114,355,0,0,none,605,1
B-00290,2023-07-08 22:28:11.662750,B,llm_agent,voice,freeze_card,0.659,2,4,109,323,0,0,none,624,1
B-00291,2023-09-13 11:17:33.567236,B,llm_agent,voice,freeze_card,0.781,1,1,97,870,0,0,none,69,1
B-00292,2023-12-07 08:02:08.097909,B,llm_agent,chat,update_address,0.664,1,4,64,352,0,0,none,632,1
B-00293,2023-11-07 01:31:29.909801,B,llm_agent,chat,unknown,0.735,4,7,155,820,1,0,none,712,1
B-00294,2023-08-25 22:43:22.583272,B,llm_agent,chat,request_statement,0.848,2,4,43,242,0,0,none,594,0
B-00295,2023-12-19 02:26:50.202480,B,llm_agent,voice,make_payment,0.856,1,1,98,296,0,0,none,185,0
B-00296,2023-10-29 02:33:35.275289,B,llm_agent,voice,check_balance,0.767,2,3,88,1061,0,0,none,251,1
B-00297,2023-12-01 12:28:11.544298,B,llm_agent,voice,freeze_card,0.945,1,1,18,948,0,0,none,470,1
B-00298,2023-11-28 19:39:07.715015,B,llm_agent,chat,request_statement,0.963,1,2,46,941,0,0,none,131,1
B-00299,2023-10-22 20:29:05.036098,B,llm_agent,mobile_app,make_payment,0.912,1,4,116,735,0,0,none,600,1
B-00300,2023-12-19 22:46:20.388389,B,llm_agent,mobile_app,request_statement,0.838,2,2,77,1192,0,0,none,611,1
B-00301,2023-09-21 08:01:26.485419,B,llm_agent,voice,request_statement,0.777,2,2,46,762,0,0,none,616,1
B-00302,2023-11-21 17:56:24.112671,B,llm_agent,voice,update_address,0.772,2,1,70,942,0,0,none,436,1
B-00303,2023-08-07 06:52:37.037934,B,llm_agent,voice,loan_inquiry,0.677,2,4,93,275,0,0,none,672,1
B-00304,2023-12-20 10:20:59.085991,B,llm_agent,voice,update_address,0.94,2,4,112,1130,0,0,none,339,1
B-00305,2023-11-11 15:23:18.439708,B,llm_agent,chat,check_balance,0.449,2,4,69,1034,0,0,none,279,1
B-00306,2023-08-19 15:23:02.480263,B,llm_agent,voice,update_address,0.531,1,4,93,1157,0,0,none,314,1
B-00307,2023-10-16 11:16:54.198995,B,llm_agent,chat,make_payment,0.692,1,4,13,1164,0,0,none,206,1
B-00308,2023-07-05 00:56:37.826016,B,llm_agent,voice,payment_processing,0.521,4,6,57,2341,0,0,none,99,1
B-00309,2023-10-05 08:57:03.106780,B,llm_agent,voice,dispute_charge,0.886,2,4,106,930,0,0,none,356,1
B-00310,2023-11-17 07:42:44.901293,B,llm_agent,chat,check_balance,0.673,1,4,107,642,0,0,none,476,1
B-00311,2023-09-05 18:32:59.845951,B,llm_agent,chat,transfer_funds,0.967,2,3,59,364,0,0,none,568,1
B-00312,2023-11-13 07:43:53.049350,B,llm_agent,mobile_app,transfer_funds,0.839,1,4,7,622,0,0,none,389,1
B-00313,2023-11-11 14:01:20.781135,B,llm_agent,voice,update_address,0.596,1,4,13,1045,0,0,none,711,1
B-00314,2023-12-18 23:59:17.729315,B,llm_agent,voice,payment_processing,0.606,3,6,173,1870,0,1,unresolved,693,1
B-00315,2023-12-23 17:50:41.984022,B,llm_agent,voice,transfer_funds,0.708,2,4,34,1156,0,0,none,133,1
B-00316,2023-08-08 02:39:41.874267,B,llm_agent,mobile_app,dispute_charge,0.878,2,3,73,466,0,0,none,495,1
B-00317,2023-08-29 06:00:14.196412,B,llm_agent,voice,insurance_claim,0.371,4,3,94,1333,0,0,none,470,1
B-00318,2023-08-11 03:39:14.588053,B,llm_agent,chat,freeze_card,0.719,2,4,103,1015,0,0,none,696,1
B-00319,2023-09-10 05:23:23.265821,B,llm_agent,voice,make_payment,0.875,2,3,93,242,0,0,none,607,1
B-00320,2023-07-08 05:12:00.037958,B,llm_agent,voice,request_statement,0.853,1,4,108,400,0,0,none,126,1
B-00321,2023-09-27 01:36:05.596607,B,llm_agent,voice,transfer_funds,0.941,2,4,55,930,0,1,unresolved,174,1
B-00322,2023-12-10 03:39:26.396927,B,llm_agent,chat,check_balance,0.895,1,1,114,518,0,0,none,500,1
B-00323,2023-11-10 19:12:47.728745,B,llm_agent,voice,check_balance,0.598,1,4,27,575,0,0,none,209,1
B-00324,2023-10-12 09:54:26.386104,B,llm_agent,voice,account_balance_check,0.465,3,4,163,2447,0,0,none,591,1
B-00325,2023-08-15 17:12:25.435099,B,llm_agent,voice,dispute_charge,0.753,1,4,10,435,0,0,none,410,0
B-00326,2023-08-15 03:57:53.404950,B,llm_agent,voice,freeze_card,0.951,2,4,6,994,0,0,none,451,1
B-00327,2023-07-16 02:04:36.811582,B,llm_agent,voice,check_balance,0.758,2,3,87,1130,0,0,none,617,0
B-00328,2023-07-16 03:22:17.281930,B,llm_agent,chat,make_payment,0.875,1,1,46,1183,0,0,none,454,1
B-00329,2023-11-17 20:29:27.149523,B,llm_agent,chat,request_statement,0.813,2,4,38,671,0,0,none,443,1
B-00330,2023-12-20 08:53:14.284330,B,llm_agent,chat,request_statement,0.861,2,3,105,948,0,0,none,137,1
B-00331,2023-12-02 22:41:12.709414,B,llm_agent,voice,loan_inquiry,0.836,1,1,75,644,0,0,none,621,1
B-00332,2023-12-19 11:35:15.856805,B,llm_agent,voice,check_balance,0.858,2,2,116,703,0,0,none,251,1
B-00333,2023-07-16 05:01:02.700262,B,llm_agent,voice,make_payment,0.813,2,4,34,380,0,1,unresolved,222,1
B-00334,2023-09-04 02:12:41.692326,B,llm_agent,voice,update_address,0.876,2,2,85,706,0,0,none,466,1
B-00335,2023-08-13 11:21:54.537227,B,llm_agent,voice,check_balance,0.964,1,4,37,224,0,0,none,120,1
B-00336,2023-07-18 20:37:00.565485,B,llm_agent,voice,freeze_card,0.812,2,2,67,475,0,0,none,356,1
B-00337,2023-08-13 05:50:59.979581,B,llm_agent,voice,dispute_charge,0.779,2,3,66,867,0,0,none,482,0
B-00338,2023-10-26 08:05:46.724578,B,llm_agent,chat,loan_inquiry,0.813,1,1,66,1074,0,0,none,625,1
B-00339,2023-09-27 11:25:29.980600,B,llm_agent,voice,make_payment,0.903,2,2,61,314,0,0,none,185,1
B-00340,2023-12-14 08:45:42.647021,B,llm_agent,voice,update_address,0.792,2,3,73,959,0,0,none,566,1
B-00341,2023-07-25 06:16:30.778275,B,llm_agent,voice,dispute_charge,0.765,2,4,95,574,0,0,none,582,1
B-00342,2023-11-03 00:34:16.480745,B,llm_agent,voice,request_statement,0.669,1,2,45,953,0,0,none,399,1
B-00343,2023-10-16 13:36:27.151735,B,llm_agent,mobile_app,request_statement,0.937,1,2,80,228,0,0,none,634,1
B-00344,2023-11-13 12:44:35.592245,B,llm_agent,mobile_app,check_balance,0.909,2,1,24,1002,0,0,none,452,1
B-00345,2023-09-24 16:48:57.930268,B,llm_agent,voice,transfer_funds,0.844,1,4,113,1184,0,0,none,221,0
B-00346,2023-07-07 10:29:44.825328,B,llm_agent,voice,dispute_charge,0.885,2,4,95,549,0,0,none,482,1
B-00347,2023-09-10 17:19:03.922797,B,llm_agent,voice,loan_inquiry,0.912,2,2,11,461,0,0,none,457,1
B-00348,2023-08-08 16:36:32.611207,B,llm_agent,chat,freeze_card,0.949,1,3,22,699,0,0,none,482,1
B-00349,2023-08-26 11:02:48.901861,B,llm_agent,voice,update_address,0.838,2,3,44,745,0,1,unresolved,140,1
B-00350,2023-08-11 01:57:34.273352,B,llm_agent,mobile_app,make_payment,0.961,2,3,18,419,0,0,none,510,1
B-00351,2023-10-25 01:03:29.257811,B,llm_agent,voice,transfer_funds,0.915,2,3,89,1080,0,0,none,620,1
B-00352,2023-12-16 21:06:09.654860,B,llm_agent,voice,make_payment,0.763,1,2,57,1064,0,0,none,373,1
B-00353,2023-07-27 22:41:00.606782,B,llm_agent,chat,check_balance,0.916,1,2,117,738,0,0,none,380,1
B-00354,2023-09-10 01:53:52.113053,B,llm_agent,chat,loan_inquiry,0.837,2,2,13,859,0,1,low_confidence,115,1
B-00355,2023-08-22 07:53:25.174947,B,llm_agent,voice,make_payment,0.53,2,3,19,905,0,0,none,253,0
B-00356,2023-07-22 02:23:33.478856,B,llm_agent,voice,freeze_card,0.662,1,4,6,589,0,0,none,689,1
B-00357,2023-09-12 01:46:32.905340,B,llm_agent,mobile_app,make_payment,0.886,1,4,5,807,0,0,none,660,1
B-00358,2023-11-23 15:50:49.332636,B,llm_agent,mobile_app,unknown,0.63,4,6,64,1909,1,0,none,41,0
B-00359,2023-08-20 07:52:12.995700,B,llm_agent,chat,freeze_card,0.691,2,1,33,1031,0,0,none,487,1
B-00360,2023-08-17 14:00:25.536696,B,llm_agent,voice,check_balance,0.844,1,4,101,899,0,0,none,41,0
B-00361,2023-12-17 19:46:11.184001,B,llm_agent,voice,check_balance,0.814,1,3,113,503,0,0,none,493,1
B-00362,2023-10-27 07:07:17.032661,B,llm_agent,chat,loan_inquiry,0.838,2,4,38,1093,0,0,none,677,1
B-00363,2023-08-21 20:34:19.688923,B,llm_agent,voice,freeze_card,0.864,1,1,77,1174,0,0,none,433,1
B-00364,2023-07-06 19:08:47.034033,B,llm_agent,voice,check_balance,0.82,2,3,19,1059,0,0,none,371,1
B-00365,2023-12-29 08:24:25.988013,B,llm_agent,voice,freeze_card,0.858,2,4,88,1040,0,1,unresolved,206,1
B-00366,2023-12-26 14:40:09.626025,B,llm_agent,voice,make_payment,0.874,1,1,23,283,0,0,none,594,1
B-00367,2023-10-31 09:56:42.964776,B,llm_agent,chat,request_statement,0.819,1,2,64,358,0,0,none,661,0
B-00368,2023-07-23 20:56:14.932944,B,llm_agent,mobile_app,update_address,0.859,2,1,118,941,0,0,none,296,1
B-00369,2023-11-10 10:41:06.564042,B,llm_agent,voice,make_payment,0.68,1,4,13,702,0,0,none,503,1
B-00370,2023-09-21 21:01:40.056992,B,llm_agent,mobile_app,request_statement,0.95,2,3,40,960,0,0,none,327,1
B-00371,2023-07-09 13:44:28.020890,B,llm_agent,voice,loan_inquiry,0.736,1,4,61,283,0,0,none,190,0
B-00372,2023-07-25 01:31:02.587350,B,llm_agent,mobile_app,payment_processing,0.803,4,6,82,858,0,0,none,516,1
B-00373,2023-07-08 14:16:04.898733,B,llm_agent,chat,check_balance,0.922,1,3,52,368,0,0,none,435,1
B-00374,2023-07-22 00:59:09.456039,B,llm_agent,voice,transfer_funds,0.799,2,2,36,305,0,0,none,381,1
B-00375,2023-10-10 11:55:42.966081,B,llm_agent,mobile_app,request_statement,0.973,2,1,117,1093,0,1,timeout,584,1
B-00376,2023-11-12 15:36:28.066662,B,llm_agent,chat,profile_update,0.302,3,5,91,2505,0,0,none,651,0
B-00377,2023-12-27 00:51:30.500268,B,llm_agent,chat,make_payment,0.762,2,3,84,623,0,0,none,217,1
B-00378,2023-12-28 03:01:26.192318,B,llm_agent,mobile_app,check_balance,0.702,1,1,33,341,0,0,none,507,1
B-00379,2023-11-26 16:37:00.702564,B,llm_agent,voice,check_balance,0.753,1,4,59,900,0,0,none,334,1
B-00380,2023-07-09 22:53:35.468978,B,llm_agent,voice,make_payment,0.483,1,2,7,1128,0,0,none,393,1
B-00381,2023-09-21 18:36:15.842343,B,llm_agent,voice,dispute_charge,0.591,2,1,50,500,0,0,none,245,0
B-00382,2023-07-09 23:36:01.713175,B,llm_agent,voice,freeze_card,0.881,2,4,108,378,0,1,low_confidence,602,1
B-00383,2023-10-25 13:15:45.295546,B,llm_agent,mobile_app,make_payment,0.941,1,3,78,1021,0,0,none,34,0
B-00384,2023-07-29 14:54:21.592991,B,llm_agent,mobile_app,check_balance,0.906,1,2,27,235,0,0,none,405,1
B-00385,2023-10-29 05:24:01.071049,B,llm_agent,chat,check_balance,0.947,1,4,71,746,0,0,none,353,0
B-00386,2023-08-16 07:28:42.458021,B,llm_agent,chat,dispute_charge,0.511,2,3,59,1057,0,0,none,236,1
B-00387,2023-10-28 07:58:14.801682,B,llm_agent,voice,make_payment,0.927,2,3,16,1103,0,0,none,263,1
B-00388,2023-11-11 18:42:37.742721,B,llm_agent,mobile_app,check_balance,0.741,2,3,102,458,0,0,none,113,1
B-00389,2023-08-22 18:40:06.751218,B,llm_agent,voice,payment_processing,0.748,3,5,90,2694,0,0,none,147,1
B-00390,2023-12-29 11:20:13.581610,B,llm_agent,voice,freeze_card,0.951,1,1,108,576,0,1,unresolved,271,0
B-00391,2023-08-12 03:25:46.904906,B,llm_agent,mobile_app,credit_inquiry,0.477,4,6,169,2724,0,1,customer_request,104,0
B-00392,2023-07-18 20:09:46.977846,B,llm_agent,chat,check_balance,0.894,1,2,102,474,0,0,none,467,1
B-00393,2023-10-15 20:59:59.212605,B,llm_agent,chat,loan_inquiry,0.862,1,3,83,891,0,0,none,417,1
B-00394,2023-09-14 05:27:43.069236,B,llm_agent,voice,card_management,0.566,4,6,173,2050,0,0,none,707,1
B-00395,2023-11-29 22:34:38.826835,B,llm_agent,voice,dispute_charge,0.904,2,4,19,556,0,0,none,658,1
B-00396,2023-10-03 10:09:03.132703,B,llm_agent,voice,transfer_funds,0.468,1,1,49,1006,0,0,none,544,1
B-00397,2023-08-16 16:47:11.915807,B,llm_agent,voice,check_balance,0.884,1,1,113,892,0,0,none,382,0
B-00398,2023-10-04 22:43:53.160138,B,llm_agent,chat,check_balance,0.915,1,3,19,246,0,0,none,457,1
B-00399,2023-12-06 00:28:36.754315,B,llm_agent,chat,request_statement,0.66,1,3,29,383,0,0,none,86,1
B-00400,2023-08-13 08:04:23.041588,B,llm_agent,mobile_app,check_balance,0.771,2,1,43,735,0,0,none,169,1
B-00401,2023-07-23 03:54:03.543461,B,llm_agent,voice,update_address,0.689,2,3,67,307,0,0,none,529,1
B-00402,2023-12-07 18:28:17.224744,B,llm_agent,voice,request_statement,0.793,1,1,25,733,0,0,none,517,1
B-00403,2023-12-05 16:35:48.449863,B,llm_agent,chat,transfer_funds,0.86,1,2,5,225,0,0,none,42,1
B-00404,2023-12-03 15:06:21.377529,B,llm_agent,voice,make_payment,0.493,1,3,5,340,0,0,none,390,0
B-00405,2023-08-20 03:55:14.869938,B,llm_agent,voice,loan_inquiry,0.887,2,1,100,235,0,0,none,244,0
B-00406,2023-11-23 16:27:32.688263,B,llm_agent,chat,freeze_card,0.838,1,1,116,1048,0,0,none,539,1
B-00407,2023-08-17 00:44:29.779044,B,llm_agent,voice,update_address,0.886,1,1,113,896,0,1,unresolved,458,1
B-00408,2023-10-22 14:25:29.216105,B,llm_agent,voice,make_payment,0.81,2,1,77,489,0,0,none,282,0
B-00409,2023-07-23 04:28:33.153942,B,llm_agent,chat,check_balance,0.759,1,4,29,1093,0,0,none,664,0
B-00410,2023-09-15 18:20:29.165158,B,llm_agent,voice,loan_inquiry,0.819,1,3,25,1050,0,0,none,359,1
B-00411,2023-12-14 01:18:57.165400,B,llm_agent,chat,profile_update,0.576,2,5,175,1265,0,1,timeout,244,1
B-00412,2023-07-04 15:32:13.535896,B,llm_agent,voice,dispute_charge,0.58,1,3,42,1102,0,0,none,392,1
B-00413,2023-07-29 03:16:15.281331,B,llm_agent,voice,loan_inquiry,0.688,1,2,7,497,0,0,none,657,0
B-00414,2023-10-25 23:20:17.303690,B,llm_agent,mobile_app,check_balance,0.855,1,1,25,474,0,0,none,279,1
B-00415,2023-11-23 11:24:23.128484,B,llm_agent,voice,check_balance,0.811,2,4,71,714,0,1,timeout,199,0
B-00416,2023-09-18 23:34:56.460841,B,llm_agent,voice,make_payment,0.865,1,2,51,604,0,0,none,429,1
B-00417,2023-11-17 12:50:04.691423,B,llm_agent,voice,freeze_card,0.86,2,3,61,1003,0,0,none,220,1
B-00418,2023-12-26 02:32:49.128235,B,llm_agent,voice,dispute_charge,0.754,2,3,114,991,0,0,none,220,1
B-00419,2023-11-05 06:33:04.975573,B,llm_agent,voice,update_address,0.913,1,3,14,883,0,0,none,426,1
B-00420,2023-09-20 01:05:11.638724,B,llm_agent,voice,loan_inquiry,0.873,1,4,49,1118,0,0,none,82,0
B-00421,2023-10-24 07:43:53.466320,B,llm_agent,mobile_app,check_balance,0.84,2,3,99,904,0,0,none,656,1
B-00422,2023-08-26 02:15:10.171028,B,llm_agent,voice,loan_inquiry,0.711,2,4,114,1163,0,0,none,153,1
B-00423,2023-07-18 12:01:50.922463,B,llm_agent,chat,check_balance,0.644,1,3,65,1040,0,0,none,510,0
B-00424,2023-07-27 13:24:11.094388,B,llm_agent,chat,freeze_card,0.76,2,4,49,1109,0,0,none,370,1
B-00425,2023-09-19 01:52:20.912255,B,llm_agent,voice,account_balance_check,0.441,3,4,84,1581,0,0,none,217,1
B-00426,2023-08-21 20:08:50.035874,B,llm_agent,voice,make_payment,0.933,1,1,76,491,0,0,none,76,1
B-00427,2023-07-09 04:00:46.826375,B,llm_agent,voice,freeze_card,0.921,2,3,73,259,0,1,customer_request,216,1
B-00428,2023-09-08 03:48:04.418830,B,llm_agent,chat,transfer_funds,0.92,1,2,109,902,0,0,none,296,1
B-00429,2023-12-03 23:16:18.126522,B,llm_agent,voice,update_address,0.963,2,1,90,1140,0,0,none,106,1
B-00430,2023-07-15 20:56:10.074808,B,llm_agent,voice,freeze_card,0.904,1,3,21,1192,0,1,unresolved,496,1
B-00431,2023-12-13 01:45:08.959723,B,llm_agent,chat,make_payment,0.863,2,2,26,647,0,0,none,513,1
B-00432,2023-07-30 03:47:58.625575,B,llm_agent,chat,profile_update,0.337,2,5,98,870,0,1,low_confidence,383,1
B-00433,2023-09-22 23:48:12.253784,B,llm_agent,mobile_app,dispute_charge,0.966,2,3,40,604,0,1,unresolved,159,1
B-00434,2023-12-11 01:56:36.390035,B,llm_agent,chat,account_balance_check,0.257,2,4,189,1480,0,0,none,411,0
B-00435,2023-07-15 03:18:00.941686,B,llm_agent,chat,update_address,0.691,1,4,74,581,0,0,none,564,1
B-00436,2023-10-16 01:14:45.011648,B,llm_agent,voice,freeze_card,0.962,1,3,118,403,0,0,none,529,1
B-00437,2023-11-15 14:38:02.599419,B,llm_agent,mobile_app,check_balance,0.862,1,1,17,601,0,0,none,284,1
B-00438,2023-10-14 10:43:13.585923,B,llm_agent,chat,dispute_charge,0.828,1,2,59,778,0,0,none,113,1
B-00439,2023-07-08 11:40:18.761295,B,llm_agent,voice,dispute_charge,0.879,2,2,57,734,0,0,none,349,0
B-00440,2023-10-08 21:44:35.645079,B,llm_agent,chat,check_balance,0.798,2,2,109,763,0,0,none,212,0
B-00441,2023-07-28 00:37:44.759874,B,llm_agent,voice,check_balance,0.74,2,1,34,312,0,0,none,562,0
B-00442,2023-09-13 02:12:24.983007,B,llm_agent,chat,update_address,0.896,1,1,79,604,0,0,none,321,1
B-00443,2023-08-11 00:32:26.724751,B,llm_agent,mobile_app,freeze_card,0.891,2,1,23,220,0,0,none,509,1
B-00444,2023-11-16 10:13:05.227670,B,llm_agent,voice,freeze_card,0.835,1,1,37,368,0,0,none,215,1
B-00445,2023-11-25 17:10:16.346460,B,llm_agent,voice,dispute_charge,0.925,1,2,114,235,0,0,none,173,1
B-00446,2023-08-07 19:13:38.684427,B,llm_agent,chat,dispute_charge,0.65,2,4,76,237,0,0,none,332,1
B-00447,2023-10-26 08:13:13.170119,B,llm_agent,chat,transfer_funds,0.906,1,4,80,555,0,0,none,544,1
B-00448,2023-11-25 17:26:00.136407,B,llm_agent,chat,freeze_card,0.838,1,1,10,203,0,0,none,646,1
B-00449,2023-09-18 18:18:07.266676,B,llm_agent,voice,check_balance,0.612,1,4,36,846,0,0,none,631,1
B-00450,2023-12-15 19:57:31.432807,B,llm_agent,mobile_app,dispute_charge,0.863,1,2,107,582,0,0,none,108,0
B-00451,2023-08-09 21:27:15.106159,B,llm_agent,chat,make_payment,0.683,2,2,23,660,0,0,none,482,0
B-00452,2023-07-24 03:10:56.974681,B,llm_agent,mobile_app,request_statement,0.728,2,2,70,633,0,0,none,233,1
B-00453,2023-07-29 00:30:25.847228,B,llm_agent,voice,payment_processing,0.599,3,7,101,2327,0,0,none,175,1
B-00454,2023-12-15 01:03:02.938784,B,llm_agent,voice,make_payment,0.893,1,2,83,755,0,0,none,628,1
B-00455,2023-10-22 12:00:21.112556,B,llm_agent,chat,make_payment,0.915,2,3,28,1197,0,0,none,86,0
B-00456,2023-07-22 08:33:48.238662,B,llm_agent,chat,update_address,0.792,1,1,78,700,0,0,none,419,1
B-00457,2023-09-10 04:27:49.870736,B,llm_agent,voice,make_payment,0.88,1,2,92,466,0,0,none,567,1
B-00458,2023-08-26 01:29:58.749947,B,llm_agent,voice,request_statement,0.787,1,4,85,1150,0,1,unresolved,699,1
B-00459,2023-12-08 11:45:04.321302,B,llm_agent,chat,check_balance,0.832,2,4,84,564,0,0,none,350,1
B-00460,2023-09-03 21:11:14.465617,B,llm_agent,chat,transfer_funds,0.647,2,3,111,519,0,0,none,149,1
B-00461,2023-07-16 15:53:05.712556,B,llm_agent,voice,investment_advice,0.274,2,4,98,2803,0,0,none,334,1
B-00462,2023-07-03 00:12:17.354072,B,llm_agent,voice,update_address,0.76,2,2,103,228,0,0,none,551,1
B-00463,2023-10-13 12:51:44.590140,B,llm_agent,chat,make_payment,0.687,2,3,56,990,0,0,none,392,1
B-00464,2023-07-28 15:17:06.614657,B,llm_agent,voice,loan_inquiry,0.726,2,3,89,452,0,0,none,608,1
B-00465,2023-12-29 15:56:54.874231,B,llm_agent,chat,request_statement,0.759,1,1,66,217,0,0,none,500,0
B-00466,2023-12-13 22:23:59.713408,B,llm_agent,voice,make_payment,0.911,1,2,114,933,0,0,none,691,1
B-00467,2023-10-04 02:48:34.631486,B,llm_agent,mobile_app,investment_advice,0.771,4,6,46,903,0,0,none,460,0
B-00468,2023-11-05 23:53:35.827372,B,llm_agent,chat,make_payment,0.912,1,1,56,462,0,0,none,138,0
B-00469,2023-08-06 08:48:47.132602,B,llm_agent,chat,update_address,0.884,2,4,115,1151,0,0,none,76,1
B-00470,2023-07-04 16:59:26.600361,B,llm_agent,chat,dispute_charge,0.857,2,4,43,532,0,0,none,399,1
B-00471,2023-07-05 19:49:36.346991,B,llm_agent,mobile_app,make_payment,0.807,1,1,14,838,0,0,none,685,1
B-00472,2023-10-12 17:31:55.242954,B,llm_agent,voice,dispute_charge,0.828,1,1,82,1181,0,0,none,308,1
B-00473,2023-08-01 01:38:03.560963,B,llm_agent,voice,update_address,0.753,1,2,48,327,0,0,none,63,1
B-00474,2023-11-08 19:15:36.813697,B,llm_agent,voice,credit_inquiry,0.09,3,3,114,2295,0,1,low_confidence,448,1
B-00475,2023-11-06 11:25:03.583164,B,llm_agent,mobile_app,make_payment,0.883,2,4,98,320,0,0,none,450,1
B-00476,2023-12-24 02:22:16.298588,B,llm_agent,chat,loan_inquiry,0.856,2,2,33,1179,0,1,customer_request,84,1
B-00477,2023-11-19 05:52:03.733938,B,llm_agent,voice,transfer_funds,0.868,2,3,17,449,0,1,customer_request,468,1
B-00478,2023-10-12 03:23:38.553875,B,llm_agent,voice,freeze_card,0.557,1,4,21,1080,0,0,none,356,1
B-00479,2023-09-02 06:21:13.104696,B,llm_agent,chat,request_statement,0.765,1,1,78,443,0,0,none,141,1
B-00480,2023-12-23 06:11:12.344397,B,llm_agent,voice,check_balance,0.914,2,2,50,354,0,0,none,49,1
B-00481,2023-08-04 03:32:22.449913,B,llm_agent,chat,check_balance,0.751,2,4,52,571,0,0,none,441,0
B-00482,2023-08-06 13:09:45.375823,B,llm_agent,voice,check_balance,0.925,1,2,74,365,0,0,none,243,1
B-00483,2023-10-24 09:17:16.566873,B,llm_agent,chat,transfer_funds,0.847,2,4,28,258,0,0,none,179,1
B-00484,2023-12-28 14:12:39.717178,B,llm_agent,voice,dispute_charge,0.663,2,1,49,892,0,1,unresolved,596,1
B-00485,2023-07-16 04:23:38.155055,B,llm_agent,voice,dispute_charge,0.805,1,2,28,723,0,0,none,226,1
B-00486,2023-12-29 03:36:24.690662,B,llm_agent,voice,request_statement,0.44,1,2,76,882,0,0,none,352,1
B-00487,2023-09-10 19:43:17.869305,B,llm_agent,chat,freeze_card,0.825,2,3,43,669,0,0,none,431,0
B-00488,2023-10-25 22:30:01.721146,B,llm_agent,chat,loan_inquiry,0.856,1,2,7,926,0,0,none,617,0
B-00489,2023-11-03 05:46:46.399129,B,llm_agent,mobile_app,update_address,0.806,1,3,7,611,0,0,none,654,1
B-00490,2023-10-10 22:30:28.959379,B,llm_agent,chat,dispute_charge,0.789,2,2,57,890,0,0,none,70,1
B-00491,2023-12-16 00:05:13.557023,B,llm_agent,chat,update_address,0.715,2,1,98,666,0,0,none,235,1
B-00492,2023-08-29 03:08:21.708498,B,llm_agent,voice,loan_inquiry,0.667,2,2,41,1190,0,0,none,513,1
B-00493,2023-11-12 13:45:15.074327,B,llm_agent,voice,freeze_card,0.663,1,3,63,1159,0,0,none,500,1
B-00494,2023-10-08 10:36:19.280099,B,llm_agent,chat,check_balance,0.941,1,3,21,240,0,0,none,71,0
B-00495,2023-11-18 08:03:58.542487,B,llm_agent,voice,make_payment,0.596,1,1,77,966,0,0,none,227,1
B-00496,2023-12-06 07:26:50.979272,B,llm_agent,chat,make_payment,0.791,2,4,79,775,0,0,none,137,1
B-00497,2023-09-10 13:43:07.436999,B,llm_agent,voice,loan_inquiry,0.833,2,3,73,956,0,0,none,153,1
B-00498,2023-07-02 22:21:27.611927,B,llm_agent,voice,loan_inquiry,0.91,2,1,112,511,0,0,none,584,1
B-00499,2023-11-22 03:04:26.347269,B,llm_agent,chat,check_balance,0.924,2,4,83,1138,0,0,none,718,1
B-00500,2023-07-25 09:35:32.941488,B,llm_agent,mobile_app,dispute_charge,0.932,1,3,10,275,0,0,none,43,0
B-00501,2023-08-21 09:38:32.385664,B,llm_agent,chat,request_statement,0.709,1,4,55,1075,0,0,none,635,1
B-00502,2023-10-14 05:00:48.842740,B,llm_agent,chat,make_payment,0.772,1,2,53,279,0,0,none,292,0
B-00503,2023-08-04 09:32:03.413520,B,llm_agent,chat,check_balance,0.683,1,1,105,596,0,0,none,603,0
B-00504,2023-12-04 12:06:41.435773,B,llm_agent,voice,profile_update,0.477,4,6,158,1409,0,0,none,676,1
B-00505,2023-08-21 17:15:06.911696,B,llm_agent,chat,dispute_charge,0.687,1,3,119,857,0,0,none,348,1
B-00506,2023-08-30 08:13:23.523327,B,llm_agent,voice,check_balance,0.975,1,2,32,901,0,0,none,137,1
B-00507,2023-11-10 08:07:28.366414,B,llm_agent,mobile_app,make_payment,0.985,1,3,31,222,0,0,none,149,1
B-00508,2023-07-22 04:55:44.831377,B,llm_agent,chat,dispute_charge,0.73,1,3,34,528,0,0,none,684,0
B-00509,2023-10-29 18:27:42.058831,B,llm_agent,voice,transaction_dispute,0.723,2,7,191,2794,0,0,none,563,1
B-00510,2023-07-06 00:12:58.442628,B,llm_agent,voice,make_payment,0.892,2,2,74,341,0,0,none,165,0
B-00511,2023-11-04 03:21:55.347116,B,llm_agent,chat,transaction_dispute,0.406,2,7,47,2215,0,0,none,617,1
B-00512,2023-09-11 16:02:50.277058,B,llm_agent,voice,check_balance,0.946,1,1,52,904,0,0,none,216,1
B-00513,2023-11-17 18:56:10.975383,B,llm_agent,voice,check_balance,0.774,1,3,89,558,0,0,none,81,1
B-00514,2023-07-10 09:58:35.213312,B,llm_agent,chat,check_balance,0.925,1,4,100,1127,0,0,none,470,1
B-00515,2023-12-14 11:04:53.186109,B,llm_agent,chat,dispute_charge,0.563,1,1,112,674,0,0,none,409,1
B-00516,2023-09-02 14:35:03.151653,B,llm_agent,voice,payment_processing,0.389,3,5,124,1812,0,1,unresolved,34,1
B-00517,2023-09-10 05:02:17.356832,B,llm_agent,voice,check_balance,0.586,1,3,56,789,0,0,none,407,1
B-00518,2023-08-01 10:46:54.565645,B,llm_agent,chat,freeze_card,0.858,1,2,101,921,0,0,none,519,1
B-00519,2023-07-24 14:16:55.344129,B,llm_agent,voice,check_balance,0.878,2,1,24,334,0,0,none,283,0
B-00520,2023-07-10 23:07:08.417864,B,llm_agent,mobile_app,loan_inquiry,0.93,1,2,96,913,0,0,none,653,1
B-00521,2023-07-20 16:04:54.905006,B,llm_agent,chat,make_payment,0.874,2,4,81,711,0,0,none,294,1
B-00522,2023-10-10 11:00:28.262489,B,llm_agent,voice,make_payment,0.732,2,4,77,1131,0,0,none,275,0
B-00523,2023-11-11 08:24:56.248611,B,llm_agent,mobile_app,check_balance,0.791,1,3,52,470,0,0,none,502,1
B-00524,2023-07-19 16:22:51.709211,B,llm_agent,chat,check_balance,0.831,1,2,68,1194,0,0,none,447,1
B-00525,2023-07-24 14:44:06.187865,B,llm_agent,mobile_app,check_balance,0.681,2,2,70,602,0,0,none,674,1
B-00526,2023-07-17 14:39:47.334787,B,llm_agent,mobile_app,make_payment,0.922,2,3,19,793,0,0,none,276,1
B-00527,2023-09-28 12:06:24.005436,B,llm_agent,voice,make_payment,0.688,2,3,83,212,0,0,none,114,1
B-00528,2023-08-10 12:55:59.307690,B,llm_agent,voice,update_address,0.791,1,2,105,972,0,0,none,507,1
B-00529,2023-07-27 17:36:40.663927,B,llm_agent,mobile_app,check_balance,0.98,2,2,35,998,0,0,none,692,1
B-00530,2023-09-15 23:35:46.729591,B,llm_agent,voice,dispute_charge,0.82,2,2,88,1135,0,0,none,393,1
B-00531,2023-10-17 09:25:04.698574,B,llm_agent,voice,make_payment,0.824,1,2,75,1146,0,0,none,433,1
B-00532,2023-08-02 13:05:17.539715,B,llm_agent,chat,loan_inquiry,0.818,1,1,47,755,0,0,none,376,1
B-00533,2023-11-20 05:51:45.424766,B,llm_agent,chat,check_balance,0.669,2,1,62,972,0,0,none,279,1
B-00534,2023-10-18 01:54:31.577975,B,llm_agent,chat,dispute_charge,0.88,1,2,58,455,0,0,none,66,1
B-00535,2023-11-17 02:14:35.875797,B,llm_agent,voice,request_statement,0.633,1,2,75,523,0,0,none,719,1
B-00536,2023-08-30 07:40:10.159452,B,llm_agent,chat,update_address,0.917,2,4,66,661,0,0,none,486,0
B-00537,2023-09-10 21:21:59.645161,B,llm_agent,chat,update_address,0.686,2,2,27,861,0,0,none,577,0
B-00538,2023-12-27 10:58:10.848726,B,llm_agent,voice,freeze_card,0.623,1,1,77,208,0,0,none,379,1
B-00539,2023-10-19 16:29:00.009169,B,llm_agent,voice,transfer_funds,0.925,1,4,34,421,0,0,none,300,0
B-00540,2023-07-28 17:58:43.462402,B,llm_agent,voice,loan_inquiry,0.953,2,2,8,1157,0,0,none,251,0
B-00541,2023-11-08 17:05:55.765144,B,llm_agent,chat,payment_processing,0.698,4,3,165,2728,0,0,none,183,1
B-00542,2023-11-14 02:31:17.603914,B,llm_agent,chat,dispute_charge,0.784,1,1,31,326,0,0,none,361,0
B-00543,2023-12-24 13:05:18.036311,B,llm_agent,voice,check_balance,0.893,1,1,110,1081,0,0,none,119,0
B-00544,2023-10-09 04:15:11.238286,B,llm_agent,mobile_app,check_balance,0.816,1,2,73,258,0,0,none,258,1
B-00545,2023-10-16 21:06:50.777765,B,llm_agent,chat,freeze_card,0.934,1,4,34,637,0,0,none,690,1
B-00546,2023-08-25 20:30:07.187533,B,llm_agent,voice,request_statement,0.894,1,2,11,1107,0,1,low_confidence,217,1
B-00547,2023-10-10 20:34:30.149805,B,llm_agent,chat,make_payment,0.857,2,1,36,911,0,0,none,231,1
B-00548,2023-07-08 02:36:09.041653,B,llm_agent,voice,check_balance,0.858,1,3,94,1040,0,0,none,113,1
B-00549,2023-11-28 16:27:38.810434,B,llm_agent,voice,make_payment,0.961,1,3,49,623,0,0,none,650,1
B-00550,2023-11-05 03:24:11.641356,B,llm_agent,chat,transfer_funds,0.961,1,3,78,954,0,0,none,181,1
B-00551,2023-11-02 22:14:18.275214,B,llm_agent,voice,transaction_dispute,0.234,2,4,124,1059,0,1,timeout,584,1
B-00552,2023-11-02 13:59:05.560735,B,llm_agent,mobile_app,transfer_funds,0.971,1,1,53,747,0,0,none,119,1
B-00553,2023-08-09 18:47:49.217858,B,llm_agent,chat,make_payment,0.906,1,2,7,813,0,0,none,243,1
B-00554,2023-07-09 01:56:46.338720,B,llm_agent,voice,loan_inquiry,0.814,1,3,107,1174,0,0,none,36,1
B-00555,2023-10-05 14:17:42.320223,B,llm_agent,voice,update_address,0.803,1,4,60,620,0,0,none,471,1
B-00556,2023-10-07 20:20:05.948702,B,llm_agent,mobile_app,request_statement,0.773,1,4,74,940,0,0,none,539,0
B-00557,2023-12-04 03:04:56.927437,B,llm_agent,voice,check_balance,0.881,2,2,65,592,0,0,none,636,1
B-00558,2023-11-02 03:31:09.120712,B,llm_agent,voice,dispute_charge,0.614,1,4,21,836,0,1,unresolved,95,1
B-00559,2023-08-30 02:46:03.462456,B,llm_agent,voice,transfer_funds,0.891,2,1,7,618,0,0,none,605,1
B-00560,2023-10-03 19:45:56.958649,B,llm_agent,mobile_app,make_payment,0.747,1,3,16,772,0,0,none,302,1
B-00561,2023-10-06 08:05:35.469864,B,llm_agent,voice,check_balance,0.858,1,1,46,511,0,0,none,102,1
B-00562,2023-11-06 03:49:48.683893,B,llm_agent,chat,transfer_funds,0.669,2,4,84,456,0,0,none,476,1
B-00563,2023-11-15 21:18:41.967140,B,llm_agent,chat,check_balance,0.815,1,3,44,598,0,0,none,261,1
B-00564,2023-10-21 21:43:56.114342,B,llm_agent,voice,update_address,0.819,2,3,96,750,0,1,low_confidence,518,1
B-00565,2023-12-04 08:07:25.147081,B,llm_agent,voice,request_statement,0.754,1,2,27,1004,0,0,none,305,1
B-00566,2023-08-28 10:03:36.008227,B,llm_agent,voice,transfer_funds,0.822,1,4,33,1103,0,1,timeout,82,0
B-00567,2023-11-28 00:13:16.063223,B,llm_agent,voice,request_statement,0.861,1,3,13,384,0,0,none,607,0
B-00568,2023-07-07 11:07:06.765542,B,llm_agent,voice,check_balance,0.97,1,1,46,379,0,0,none,638,1
B-00569,2023-11-30 20:56:32.041682,B,llm_agent,voice,request_statement,0.926,2,2,24,1198,0,0,none,425,1
B-00570,2023-08-26 14:59:48.727739,B,llm_agent,chat,update_address,0.963,2,2,96,416,0,0,none,91,1
B-00571,2023-11-05 02:37:38.599791,B,llm_agent,voice,transfer_funds,0.662,1,3,70,273,0,0,none,367,0
B-00572,2023-11-08 04:16:35.906509,B,llm_agent,voice,check_balance,0.77,2,4,114,991,0,0,none,384,1
B-00573,2023-09-07 19:29:55.976504,B,llm_agent,chat,request_statement,0.938,2,4,81,1058,0,0,none,563,1
B-00574,2023-08-11 22:56:40.480435,B,llm_agent,voice,freeze_card,0.935,1,1,65,564,0,0,none,597,0
B-00575,2023-11-15 22:59:16.272284,B,llm_agent,voice,request_statement,0.706,1,4,105,507,0,0,none,685,1
B-00576,2023-08-26 05:34:10.806262,B,llm_agent,chat,account_balance_check,0.542,3,5,194,1316,0,0,none,345,1
B-00577,2023-08-29 04:23:14.807634,B,llm_agent,chat,transfer_funds,0.766,2,2,87,771,0,0,none,544,1
B-00578,2023-10-27 00:17:04.684547,B,llm_agent,voice,freeze_card,0.703,2,4,84,1184,0,0,none,719,1
B-00579,2023-11-04 11:38:07.239374,B,llm_agent,voice,check_balance,0.611,1,4,82,667,0,0,none,252,1
B-00580,2023-07-01 22:45:04.707357,B,llm_agent,chat,request_statement,0.813,2,2,7,388,0,0,none,517,1
B-00581,2023-09-30 20:23:55.850607,B,llm_agent,chat,make_payment,0.771,1,2,99,794,0,0,none,680,0
B-00582,2023-11-28 15:53:15.002721,B,llm_agent,voice,make_payment,0.889,2,4,83,1073,0,0,none,263,1
B-00583,2023-09-12 19:10:29.138040,B,llm_agent,chat,make_payment,0.601,1,2,28,959,0,0,none,127,1
B-00584,2023-09-03 05:52:57.351761,B,llm_agent,chat,transfer_funds,0.838,1,4,67,787,0,1,customer_request,82,1
B-00585,2023-10-22 12:21:01.082481,B,llm_agent,voice,dispute_charge,0.831,1,3,80,1145,0,0,none,208,1
B-00586,2023-08-05 03:21:29.466206,B,llm_agent,voice,update_address,0.976,2,3,57,558,0,1,low_confidence,599,1
B-00587,2023-12-17 08:38:57.683681,B,llm_agent,voice,freeze_card,0.899,1,1,46,826,0,1,unresolved,387,1
B-00588,2023-08-12 16:36:50.001691,B,llm_agent,voice,transfer_funds,0.876,1,3,42,400,0,0,none,630,1
B-00589,2023-11-05 03:26:39.226256,B,llm_agent,voice,dispute_charge,0.771,1,3,6,419,0,0,none,487,1
B-00590,2023-11-01 19:19:50.660427,B,llm_agent,voice,loan_inquiry,0.731,2,4,88,819,0,0,none,465,1
B-00591,2023-11-08 11:25:12.469921,B,llm_agent,voice,account_balance_check,0.419,4,7,87,2171,0,0,none,63,1
B-00592,2023-12-01 14:22:16.172866,B,llm_agent,chat,transfer_funds,0.735,1,2,28,1107,0,0,none,258,1
B-00593,2023-10-04 15:50:51.707423,B,llm_agent,voice,request_statement,0.673,1,4,84,1064,0,0,none,363,1
B-00594,2023-12-13 06:50:34.012203,B,llm_agent,chat,loan_inquiry,0.924,1,1,117,393,0,0,none,420,0
B-00595,2023-10-20 20:09:19.245691,B,llm_agent,voice,update_address,0.958,1,4,15,820,0,0,none,534,1
B-00596,2023-12-24 06:21:09.088386,B,llm_agent,chat,transaction_dispute,0.644,4,7,100,2571,0,0,none,31,1
B-00597,2023-07-17 17:12:09.200190,B,llm_agent,voice,transfer_funds,0.648,1,2,41,244,0,0,none,489,1
B-00598,2023-12-02 08:33:33.295773,B,llm_agent,voice,freeze_card,0.965,2,2,87,1087,0,0,none,317,1
B-00599,2023-10-23 20:23:41.506667,B,llm_agent,mobile_app,unknown,0.507,2,5,76,2667,1,1,unresolved,667,1
B-00600,2023-12-10 11:04:23.481491,B,llm_agent,voice,request_statement,0.7,2,2,104,349,0,0,none,710,1
B-00601,2023-09-03 04:17:36.110514,B,llm_agent,voice,check_balance,0.562,1,3,5,542,0,0,none,107,1
B-00602,2023-10-28 12:28:06.627337,B,llm_agent,voice,document_request,0.446,4,7,59,964,0,1,customer_request,177,1
B-00603,2023-10-02 22:24:09.164177,B,llm_agent,mobile_app,make_payment,0.981,1,2,87,448,0,0,none,595,1
B-00604,2023-11-17 04:44:21.728108,B,llm_agent,voice,account_balance_check,0.521,3,3,190,2436,0,0,none,501,1
B-00605,2023-10-29 11:52:39.552085,B,llm_agent,chat,dispute_charge,0.923,1,1,16,907,0,0,none,62,1
B-00606,2023-12-11 09:43:46.745699,B,llm_agent,chat,update_address,0.923,1,3,16,696,0,0,none,102,0
B-00607,2023-09-17 15:02:24.193549,B,llm_agent,mobile_app,loan_inquiry,0.933,2,4,113,974,0,1,unresolved,196,1
B-00608,2023-10-15 12:53:13.465395,B,llm_agent,mobile_app,card_management,0.585,3,4,166,2028,0,0,none,533,0
B-00609,2023-12-03 14:07:18.349101,B,llm_agent,voice,update_address,0.953,2,1,58,714,0,0,none,203,0
B-00610,2023-10-10 23:34:07.196093,B,llm_agent,voice,update_address,0.936,2,2,114,560,0,0,none,333,0
B-00611,2023-09-17 04:26:08.781970,B,llm_agent,mobile_app,transfer_funds,0.754,2,1,40,250,0,0,none,620,1
B-00612,2023-09-24 12:46:27.936119,B,llm_agent,voice,transfer_funds,0.672,1,2,10,1067,0,0,none,265,1
B-00613,2023-11-19 08:44:04.027554,B,llm_agent,chat,request_statement,0.916,1,4,77,959,0,1,unresolved,404,0
B-00614,2023-12-19 23:28:39.353927,B,llm_agent,voice,make_payment,0.767,1,1,9,1056,0,0,none,378,1
B-00615,2023-08-07 07:37:59.008011,B,llm_agent,voice,transfer_funds,0.659,2,3,64,697,0,0,none,412,1
B-00616,2023-08-15 17:29:07.910927,B,llm_agent,voice,transfer_funds,0.759,2,4,58,1159,0,0,none,594,1
B-00617,2023-08-05 07:33:08.412287,B,llm_agent,mobile_app,make_payment,0.855,1,1,96,351,0,0,none,664,1
B-00618,2023-08-04 12:15:13.542090,B,llm_agent,voice,insurance_claim,0.42,4,4,136,2761,0,0,none,608,1
B-00619,2023-07-12 08:57:50.244074,B,llm_agent,voice,dispute_charge,0.69,2,1,104,610,0,0,none,421,1
B-00620,2023-11-23 23:15:08.057481,B,llm_agent,chat,freeze_card,0.743,2,1,111,908,0,1,unresolved,273,1
B-00621,2023-09-01 02:36:00.713415,B,llm_agent,voice,request_statement,0.931,2,4,95,320,0,0,none,647,1
B-00622,2023-09-16 17:04:34.283647,B,llm_agent,voice,payment_processing,0.225,2,5,184,2524,0,0,none,466,0
B-00623,2023-12-06 09:20:38.324634,B,llm_agent,voice,freeze_card,0.886,2,3,101,561,0,1,timeout,522,0
B-00624,2023-12-15 14:33:09.765863,B,llm_agent,voice,update_address,0.707,1,4,91,831,0,0,none,252,1
B-00625,2023-10-08 19:01:49.712958,B,llm_agent,mobile_app,update_address,0.945,1,3,5,390,0,0,none,685,1
B-00626,2023-07-18 19:45:45.074569,B,llm_agent,voice,make_payment,0.955,1,4,62,534,0,0,none,341,1
B-00627,2023-09-22 12:05:19.513286,B,llm_agent,voice,transfer_funds,0.648,2,4,44,702,0,0,none,211,1
B-00628,2023-12-15 03:53:39.225541,B,llm_agent,voice,check_balance,0.668,1,3,72,311,0,0,none,482,0
B-00629,2023-12-13 00:29:52.440850,B,llm_agent,chat,transfer_funds,0.645,2,3,119,530,0,0,none,199,1
B-00630,2023-08-29 11:49:30.732321,B,llm_agent,chat,check_balance,0.777,1,4,114,335,0,0,none,206,0
B-00631,2023-12-25 16:37:03.582815,B,llm_agent,voice,make_payment,0.923,1,3,8,1022,0,0,none,267,1
B-00632,2023-08-29 08:29:02.949425,B,llm_agent,voice,request_statement,0.968,2,3,103,643,0,0,none,254,0
B-00633,2023-11-27 00:07:46.633229,B,llm_agent,chat,dispute_charge,0.861,1,2,54,460,0,0,none,105,1
B-00634,2023-12-19 07:59:05.211521,B,llm_agent,mobile_app,make_payment,0.828,1,3,56,1169,0,0,none,144,1
B-00635,2023-07-24 18:44:07.140175,B,llm_agent,voice,check_balance,0.936,2,3,86,484,0,0,none,614,0
B-00636,2023-08-23 11:22:49.028038,B,llm_agent,voice,check_balance,0.737,2,2,117,678,0,0,none,445,1
B-00637,2023-10-11 15:36:38.051328,B,llm_agent,mobile_app,dispute_charge,0.951,2,2,7,796,0,0,none,176,1
B-00638,2023-09-06 11:46:25.269330,B,llm_agent,voice,update_address,0.929,1,1,16,1107,0,0,none,613,1
B-00639,2023-12-27 04:47:53.159303,B,llm_agent,chat,request_statement,0.842,2,4,35,927,0,0,none,42,1
B-00640,2023-09-12 18:46:00.986553,B,llm_agent,voice,request_statement,0.212,2,3,111,1057,0,0,none,663,1
B-00641,2023-12-01 08:26:23.832260,B,llm_agent,mobile_app,request_statement,0.749,2,1,14,1053,0,0,none,548,0
B-00642,2023-08-06 04:57:16.129619,B,llm_agent,voice,update_address,0.748,1,4,86,1002,0,0,none,680,1
B-00643,2023-12-27 21:54:26.452253,B,llm_agent,chat,request_statement,0.836,1,3,87,716,0,0,none,356,1
B-00644,2023-11-11 14:27:17.282426,B,llm_agent,voice,dispute_charge,0.912,2,4,81,957,0,1,low_confidence,567,1
B-00645,2023-07-03 13:15:43.813805,B,llm_agent,voice,dispute_charge,0.886,1,4,90,1030,0,0,none,234,1
B-00646,2023-08-01 13:02:36.579083,B,llm_agent,voice,make_payment,0.748,2,1,73,877,0,0,none,356,1
B-00647,2023-07-19 17:03:01.395077,B,llm_agent,chat,check_balance,0.913,1,2,56,1050,0,0,none,686,1
B-00648,2023-10-17 06:04:22.632916,B,llm_agent,voice,dispute_charge,0.695,1,3,59,606,0,0,none,590,1
B-00649,2023-11-30 14:12:50.241777,B,llm_agent,voice,unknown,0.514,3,6,64,1581,1,0,none,375,1
B-00650,2023-11-21 16:38:21.410364,B,llm_agent,voice,request_statement,0.975,2,1,13,485,0,0,none,206,0
B-00651,2023-10-14 19:30:52.515260,B,llm_agent,voice,check_balance,0.652,1,1,7,506,0,0,none,366,0
B-00652,2023-10-21 22:26:25.726333,B,llm_agent,voice,make_payment,0.811,2,1,117,703,0,0,none,382,1
B-00653,2023-12-20 14:29:07.208225,B,llm_agent,voice,freeze_card,0.804,2,3,67,528,0,0,none,480,1
B-00654,2023-09-21 19:01:40.014932,B,llm_agent,chat,make_payment,0.679,1,4,50,340,0,0,none,663,1
B-00655,2023-11-15 08:04:28.400362,B,llm_agent,voice,make_payment,0.652,2,2,89,533,0,0,none,90,1
B-00656,2023-07-18 18:41:44.088346,B,llm_agent,chat,update_address,0.827,1,1,22,299,0,1,unresolved,428,1
B-00657,2023-07-16 11:10:01.066802,B,llm_agent,chat,investment_advice,0.763,2,3,41,2844,0,1,low_confidence,279,1
B-00658,2023-08-01 10:28:09.392166,B,llm_agent,voice,dispute_charge,0.848,2,1,38,639,0,0,none,451,1
B-00659,2023-12-23 07:08:12.442696,B,llm_agent,voice,update_address,0.942,2,1,38,790,0,0,none,185,1
B-00660,2023-11-17 00:25:05.555744,B,llm_agent,chat,update_address,0.717,2,2,38,584,0,0,none,458,1
B-00661,2023-12-14 19:34:56.319153,B,llm_agent,mobile_app,update_address,0.883,1,3,30,270,0,0,none,76,1
B-00662,2023-09-01 04:54:54.582681,B,llm_agent,chat,dispute_charge,0.592,2,1,98,531,0,0,none,584,1
B-00663,2023-07-31 15:30:32.309263,B,llm_agent,chat,investment_advice,0.562,2,5,130,1096,0,1,low_confidence,282,1
B-00664,2023-07-11 23:11:01.442259,B,llm_agent,voice,request_statement,0.944,1,3,77,242,0,0,none,88,1
B-00665,2023-09-19 03:16:24.123408,B,llm_agent,voice,make_payment,0.887,2,2,99,421,0,0,none,431,0
B-00666,2023-12-25 20:25:49.389151,B,llm_agent,voice,transfer_funds,0.672,1,2,67,480,0,0,none,287,1
B-00667,2023-07-08 16:29:45.117823,B,llm_agent,voice,make_payment,0.924,1,4,48,1085,0,0,none,664,1
B-00668,2023-12-17 16:03:50.833417,B,llm_agent,voice,dispute_charge,0.689,2,1,45,1047,0,0,none,676,0
B-00669,2023-08-20 12:14:13.563868,B,llm_agent,voice,dispute_charge,0.819,2,4,93,543,0,0,none,470,1
B-00670,2023-07-11 11:55:39.692775,B,llm_agent,chat,transfer_funds,0.733,2,2,45,323,0,0,none,695,1
B-00671,2023-08-01 15:06:30.734773,B,llm_agent,mobile_app,account_balance_check,0.401,2,7,187,1843,0,0,none,106,1
B-00672,2023-07-19 02:43:50.045549,B,llm_agent,voice,unknown,0.516,3,3,106,2233,1,0,none,415,1
B-00673,2023-11-02 10:22:41.710841,B,llm_agent,voice,loan_inquiry,0.758,1,2,42,746,0,0,none,569,0
B-00674,2023-12-22 21:35:57.033905,B,llm_agent,voice,check_balance,0.836,1,4,36,422,0,0,none,237,0
B-00675,2023-12-28 21:33:38.198885,B,llm_agent,voice,profile_update,0.853,2,7,54,2788,0,1,unresolved,340,1
B-00676,2023-07-13 23:17:55.226367,B,llm_agent,voice,card_management,0.377,3,3,87,1316,0,0,none,617,0
B-00677,2023-10-09 03:06:48.606186,B,llm_agent,voice,request_statement,0.759,1,4,17,1062,0,0,none,641,1
B-00678,2023-09-18 13:26:55.778540,B,llm_agent,mobile_app,make_payment,0.799,1,1,118,826,0,0,none,644,1
B-00679,2023-08-21 03:37:42.876365,B,llm_agent,mobile_app,freeze_card,0.821,1,2,119,494,0,0,none,526,1
B-00680,2023-10-07 12:46:59.175298,B,llm_agent,chat,make_payment,0.708,1,4,103,559,0,0,none,235,1
B-00681,2023-08-14 21:52:02.870878,B,llm_agent,voice,dispute_charge,0.824,2,3,97,475,0,0,none,121,1
B-00682,2023-08-13 21:44:19.828428,B,llm_agent,voice,make_payment,0.791,2,4,55,548,0,0,none,536,1
B-00683,2023-12-22 19:15:35.247150,B,llm_agent,voice,freeze_card,0.962,2,2,27,1123,0,0,none,59,0
B-00684,2023-11-14 23:54:04.233895,B,llm_agent,chat,loan_inquiry,0.645,1,4,65,590,0,0,none,686,1
B-00685,2023-11-18 02:48:33.170048,B,llm_agent,chat,request_statement,0.702,1,2,43,1162,0,0,none,178,0
B-00686,2023-10-02 12:29:49.338379,B,llm_agent,chat,document_request,0.217,4,3,160,2911,0,0,none,328,1
B-00687,2023-09-16 18:41:44.298305,B,llm_agent,chat,request_statement,0.814,1,3,100,235,0,0,none,719,1
B-00688,2023-09-09 01:44:37.455810,B,llm_agent,voice,make_payment,0.886,2,4,98,956,0,0,none,86,1
B-00689,2023-07-26 00:08:32.491803,B,llm_agent,chat,request_statement,0.961,1,2,78,985,0,0,none,435,1
B-00690,2023-12-26 01:02:28.500923,B,llm_agent,voice,profile_update,0.147,3,6,96,1697,0,0,none,605,0
B-00691,2023-11-01 14:49:41.104465,B,llm_agent,chat,investment_advice,0.097,2,3,40,2705,0,0,none,139,1
B-00692,2023-10-01 21:58:34.302373,B,llm_agent,voice,make_payment,0.64,2,2,101,788,0,1,customer_request,494,1
B-00693,2023-10-24 06:43:11.773647,B,llm_agent,chat,transfer_funds,0.412,1,1,110,329,0,1,customer_request,544,1
B-00694,2023-12-30 11:40:22.680893,B,llm_agent,mobile_app,account_balance_check,0.685,2,6,80,1254,0,0,none,553,0
B-00695,2023-08-15 19:00:35.234582,B,llm_agent,voice,dispute_charge,0.796,2,4,108,1062,0,1,unresolved,180,1
B-00696,2023-12-08 19:26:33.960038,B,llm_agent,mobile_app,update_address,0.868,1,1,56,948,0,0,none,485,1
B-00697,2023-07-19 08:57:56.334067,B,llm_agent,voice,transfer_funds,0.874,1,2,29,1131,0,0,none,416,0
B-00698,2023-07-02 00:33:32.968636,B,llm_agent,chat,make_payment,0.867,1,2,92,1021,0,0,none,319,1
B-00699,2023-12-14 22:09:08.000428,B,llm_agent,voice,freeze_card,0.833,2,1,58,339,0,1,customer_request,367,1
B-00700,2023-07-16 20:18:38.817331,B,llm_agent,voice,request_statement,0.889,1,2,15,490,0,0,none,695,1
B-00701,2023-11-03 13:50:25.624572,B,llm_agent,chat,update_address,0.877,2,3,83,364,0,0,none,53,1
B-00702,2023-09-26 14:49:09.277828,B,llm_agent,voice,transaction_dispute,0.674,2,5,85,2312,0,0,none,459,1
B-00703,2023-09-14 04:26:58.917673,B,llm_agent,voice,request_statement,0.85,1,3,45,953,0,0,none,421,1
B-00704,2023-12-29 03:15:08.716282,B,llm_agent,voice,dispute_charge,0.776,1,4,67,990,0,0,none,392,1
B-00705,2023-08-29 03:16:49.022800,B,llm_agent,voice,freeze_card,0.909,2,1,67,733,0,0,none,641,1
B-00706,2023-07-18 02:05:28.700607,B,llm_agent,voice,dispute_charge,0.92,2,4,24,240,0,0,none,413,1
B-00707,2023-08-14 17:01:42.660717,B,llm_agent,chat,freeze_card,0.596,1,1,35,446,0,0,none,599,1
B-00708,2023-12-24 08:20:43.896025,B,llm_agent,voice,update_address,0.379,2,3,47,1063,0,0,none,556,1
B-00709,2023-12-19 04:37:28.313001,B,llm_agent,voice,loan_inquiry,0.281,2,1,12,503,0,0,none,592,0
B-00710,2023-08-23 10:29:30.160931,B,llm_agent,voice,transfer_funds,0.937,1,1,43,405,0,0,none,450,1
B-00711,2023-10-08 22:03:10.379815,B,llm_agent,voice,transfer_funds,0.677,1,4,108,1095,0,0,none,41,1
B-00712,2023-10-17 04:27:45.938449,B,llm_agent,voice,update_address,0.703,1,3,85,248,0,0,none,80,1
B-00713,2023-12-27 06:06:29.473163,B,llm_agent,voice,unknown,0.645,4,5,62,2937,1,0,none,388,1
B-00714,2023-10-23 01:02:29.515384,B,llm_agent,chat,loan_inquiry,0.731,2,2,93,281,0,0,none,221,1
B-00715,2023-12-03 11:31:18.695196,B,llm_agent,voice,check_balance,0.952,1,3,110,1031,0,0,none,200,1
B-00716,2023-07-27 12:07:04.381084,B,llm_agent,voice,dispute_charge,0.828,2,1,19,999,0,0,none,384,1
B-00717,2023-09-29 07:37:06.029157,B,llm_agent,mobile_app,check_balance,0.875,2,3,102,225,0,0,none,355,1
B-00718,2023-11-17 19:41:39.770083,B,llm_agent,mobile_app,make_payment,0.585,1,1,47,1042,0,0,none,143,1
B-00719,2023-07-08 16:02:03.485123,B,llm_agent,mobile_app,make_payment,0.919,1,2,27,765,0,0,none,345,0
B-00720,2023-09-18 00:35:16.119554,B,llm_agent,chat,make_payment,0.601,1,2,99,676,0,0,none,620,0
B-00721,2023-12-20 22:30:17.484129,B,llm_agent,voice,make_payment,0.858,1,4,95,270,0,1,unresolved,130,0
B-00722,2023-11-20 18:52:03.079831,B,llm_agent,voice,transfer_funds,0.975,2,1,99,1022,0,0,none,565,1
B-00723,2023-07-26 10:36:51.126415,B,llm_agent,voice,make_payment,0.768,2,1,65,1192,0,0,none,578,1
B-00724,2023-09-28 12:50:39.563540,B,llm_agent,voice,check_balance,0.779,1,2,17,372,0,0,none,552,1
B-00725,2023-09-23 03:14:25.058934,B,llm_agent,voice,transfer_funds,0.931,2,1,97,617,0,0,none,136,1
B-00726,2023-07-23 01:06:15.982059,B,llm_agent,voice,check_balance,0.742,1,2,90,971,0,0,none,352,0
B-00727,2023-08-26 12:39:31.929865,B,llm_agent,voice,transfer_funds,0.858,2,1,75,1194,0,0,none,668,1
B-00728,2023-08-03 01:32:09.891690,B,llm_agent,mobile_app,freeze_card,0.851,2,4,87,372,0,1,low_confidence,230,1
B-00729,2023-12-28 20:59:30.183977,B,llm_agent,voice,transfer_funds,0.634,1,2,67,887,0,0,none,374,1
B-00730,2023-10-01 08:19:20.865926,B,llm_agent,voice,request_statement,0.777,1,3,11,874,0,0,none,608,1
B-00731,2023-07-29 03:55:42.664771,B,llm_agent,voice,make_payment,0.784,1,1,36,560,0,0,none,429,0
B-00732,2023-09-24 12:48:55.799218,B,llm_agent,chat,check_balance,0.743,2,3,90,774,0,0,none,273,1
B-00733,2023-07-17 11:59:03.295921,B,llm_agent,voice,unknown,0.633,3,3,56,811,1,0,none,111,0
B-00734,2023-12-02 00:23:58.948406,B,llm_agent,voice,update_address,0.772,1,1,80,809,0,0,none,415,1
B-00735,2023-10-26 00:04:00.160603,B,llm_agent,voice,dispute_charge,0.95,2,3,112,209,0,0,none,370,1
B-00736,2023-10-04 07:31:27.330115,B,llm_agent,mobile_app,make_payment,0.81,1,4,111,590,0,1,unresolved,232,1
B-00737,2023-11-11 13:43:44.264288,B,llm_agent,voice,make_payment,0.641,2,1,29,583,0,0,none,246,1
B-00738,2023-08-26 13:40:16.277042,B,llm_agent,voice,credit_inquiry,0.511,3,4,133,1073,0,0,none,707,1
B-00739,2023-09-13 11:36:13.168640,B,llm_agent,chat,dispute_charge,0.702,2,2,57,702,0,0,none,456,0
B-00740,2023-07-17 13:14:39.076771,B,llm_agent,voice,transfer_funds,0.877,1,4,9,620,0,0,none,518,1
B-00741,2023-08-14 04:39:39.758701,B,llm_agent,chat,make_payment,0.948,1,4,29,211,0,0,none,73,1
B-00742,2023-07-06 23:04:26.887483,B,llm_agent,voice,check_balance,0.787,1,4,88,320,0,0,none,695,1
B-00743,2023-07-20 02:15:19.783229,B,llm_agent,chat,transfer_funds,0.54,2,2,103,1148,0,0,none,246,1
B-00744,2023-10-28 17:53:02.056628,B,llm_agent,voice,dispute_charge,0.919,1,2,118,933,0,0,none,692,1
B-00745,2023-08-11 07:30:17.931111,B,llm_agent,mobile_app,check_balance,0.688,1,1,8,1052,0,0,none,684,0
B-00746,2023-07-02 05:37:10.214124,B,llm_agent,voice,dispute_charge,0.839,2,1,84,996,0,1,low_confidence,174,1
B-00747,2023-08-05 19:42:24.289458,B,llm_agent,voice,check_balance,0.897,2,3,118,708,0,0,none,259,1
B-00748,2023-08-26 06:47:23.261152,B,llm_agent,voice,transfer_funds,0.849,1,4,9,1014,0,0,none,534,1
B-00749,2023-07-26 20:49:58.149114,B,llm_agent,chat,dispute_charge,0.624,2,4,44,543,0,0,none,375,0
B-00750,2023-08-08 23:37:45.793043,B,llm_agent,chat,dispute_charge,0.931,2,4,43,941,0,0,none,351,1
B-00751,2023-12-26 13:47:24.052787,B,llm_agent,voice,document_request,0.627,3,3,96,1818,0,0,none,309,1
B-00752,2023-07-05 09:33:19.360782,B,llm_agent,mobile_app,check_balance,0.497,1,2,81,1174,0,0,none,464,1
B-00753,2023-10-12 09:00:12.926091,B,llm_agent,mobile_app,dispute_charge,0.9,1,2,69,387,0,0,none,488,1
B-00754,2023-11-21 10:35:47.031106,B,llm_agent,voice,make_payment,0.615,2,3,13,449,0,0,none,351,1
B-00755,2023-12-27 14:40:02.155990,B,llm_agent,voice,card_management,0.269,4,5,119,2288,0,0,none,426,1
B-00756,2023-09-04 14:41:31.139415,B,llm_agent,voice,loan_inquiry,0.837,1,1,37,873,0,0,none,69,1
B-00757,2023-08-25 18:02:03.804554,B,llm_agent,chat,make_payment,0.966,1,4,88,273,0,0,none,292,0
B-00758,2023-09-16 11:31:55.579985,B,llm_agent,voice,dispute_charge,0.883,1,4,5,483,0,0,none,499,1
B-00759,2023-10-23 21:39:21.690402,B,llm_agent,voice,transfer_funds,0.934,1,2,101,474,0,0,none,550,1
B-00760,2023-09-19 13:23:43.990998,B,llm_agent,voice,make_payment,0.541,1,4,95,1083,0,0,none,366,1
B-00761,2023-08-30 07:53:37.624227,B,llm_agent,mobile_app,freeze_card,0.915,2,1,43,622,0,0,none,495,1
B-00762,2023-12-14 21:50:03.969355,B,llm_agent,voice,transfer_funds,0.897,2,2,42,402,0,0,none,122,1
B-00763,2023-09-14 05:21:04.084999,B,llm_agent,voice,freeze_card,0.632,1,2,29,789,0,1,unresolved,454,0
B-00764,2023-08-04 01:02:17.996133,B,llm_agent,mobile_app,loan_inquiry,0.631,2,2,111,278,0,0,none,482,0
B-00765,2023-12-30 07:13:23.983448,B,llm_agent,chat,dispute_charge,0.865,2,4,29,335,0,0,none,412,1
B-00766,2023-10-12 14:38:27.441758,B,llm_agent,chat,request_statement,0.87,2,4,108,422,0,0,none,139,1
B-00767,2023-12-03 16:11:22.680772,B,llm_agent,voice,make_payment,0.734,2,4,69,200,0,0,none,656,1
B-00768,2023-08-28 17:20:07.525694,B,llm_agent,mobile_app,transfer_funds,0.594,2,2,81,395,0,0,none,634,1
B-00769,2023-08-12 08:26:47.841009,B,llm_agent,chat,transfer_funds,0.857,2,2,32,1186,0,0,none,684,1
B-00770,2023-08-04 18:30:29.690754,B,llm_agent,voice,check_balance,0.946,2,3,119,1100,0,0,none,44,1
B-00771,2023-11-16 05:04:24.112748,B,llm_agent,voice,make_payment,0.676,1,4,114,930,0,0,none,81,1
B-00772,2023-12-24 21:35:04.843534,B,llm_agent,chat,make_payment,0.965,1,4,60,953,0,0,none,320,1
B-00773,2023-12-20 06:41:12.427350,B,llm_agent,voice,update_address,0.904,1,4,104,1140,0,0,none,694,1
B-00774,2023-11-07 09:51:40.171831,B,llm_agent,voice,loan_inquiry,0.894,2,1,62,482,0,0,none,266,1
B-00775,2023-11-10 07:22:16.009214,B,llm_agent,chat,check_balance,0.566,1,2,22,1015,0,0,none,250,1
B-00776,2023-08-18 11:41:13.183953,B,llm_agent,mobile_app,loan_inquiry,0.718,1,2,96,258,0,0,none,639,1
B-00777,2023-09-07 16:16:22.667222,B,llm_agent,voice,fund_movement,0.402,3,4,160,2611,0,0,none,55,1
B-00778,2023-07-13 03:01:59.090041,B,llm_agent,voice,make_payment,0.76,2,4,46,1191,0,0,none,543,1
B-00779,2023-10-12 00:10:54.785591,B,llm_agent,voice,update_address,0.855,2,1,88,1011,0,0,none,416,1
B-00780,2023-12-23 10:02:07.231111,B,llm_agent,chat,request_statement,0.866,1,2,20,788,0,0,none,212,0
B-00781,2023-10-30 13:20:40.235085,B,llm_agent,voice,check_balance,0.776,1,2,55,827,0,0,none,490,1
B-00782,2023-09-18 01:42:22.683135,B,llm_agent,chat,loan_inquiry,0.865,2,4,42,1151,0,1,unresolved,263,1
B-00783,2023-08-25 23:21:10.019930,B,llm_agent,mobile_app,check_balance,0.942,1,3,14,919,0,1,low_confidence,604,1
B-00784,2023-09-29 09:03:56.957816,B,llm_agent,voice,transfer_funds,0.811,1,2,37,831,0,0,none,469,1
B-00785,2023-09-02 06:15:57.397323,B,llm_agent,chat,request_statement,0.764,2,2,25,707,0,0,none,36,1
B-00786,2023-12-17 05:57:59.917728,B,llm_agent,voice,transfer_funds,0.697,2,4,101,616,0,1,unresolved,697,1
B-00787,2023-11-07 20:46:33.504101,B,llm_agent,voice,update_address,0.76,1,1,30,597,0,0,none,554,1
B-00788,2023-08-17 16:48:04.740455,B,llm_agent,voice,request_statement,0.907,2,3,114,1089,0,1,unresolved,310,1
B-00789,2023-09-18 17:42:16.110589,B,llm_agent,chat,make_payment,0.864,2,4,57,282,0,0,none,457,1
B-00790,2023-07-03 08:07:11.491853,B,llm_agent,voice,check_balance,0.845,2,4,6,278,0,0,none,605,1
B-00791,2023-07-04 23:48:09.894733,B,llm_agent,chat,transfer_funds,0.818,2,1,16,715,0,0,none,366,1
B-00792,2023-09-20 11:37:27.708636,B,llm_agent,chat,transfer_funds,0.92,1,2,21,607,0,0,none,525,1
B-00793,2023-09-18 22:08:43.319025,B,llm_agent,voice,request_statement,0.985,1,4,30,901,0,0,none,595,1
B-00794,2023-07-03 03:54:05.484178,B,llm_agent,chat,check_balance,0.728,2,4,60,340,0,0,none,517,0
B-00795,2023-09-06 03:49:17.009918,B,llm_agent,chat,make_payment,0.777,2,2,35,559,0,0,none,366,1
B-00796,2023-08-19 17:49:46.338705,B,llm_agent,mobile_app,check_balance,0.674,1,2,98,504,0,0,none,194,1
B-00797,2023-08-21 04:12:46.172024,B,llm_agent,chat,request_statement,0.777,2,3,41,841,0,0,none,184,1
B-00798,2023-08-31 15:01:20.767194,B,llm_agent,chat,dispute_charge,0.663,2,4,89,453,0,0,none,50,1
B-00799,2023-10-18 10:12:49.182792,B,llm_agent,voice,request_statement,0.822,2,2,118,940,0,1,unresolved,345,1
B-00800,2023-11-10 13:44:01.871099,B,llm_agent,voice,account_balance_check,0.155,2,4,61,2334,0,0,none,353,1
B-00801,2023-09-10 16:14:46.364943,B,llm_agent,voice,check_balance,0.901,2,1,48,767,0,0,none,281,1
B-00802,2023-12-27 15:15:33.207744,B,llm_agent,chat,check_balance,0.752,2,3,109,716,0,0,none,450,1
B-00803,2023-10-15 11:59:44.478676,B,llm_agent,chat,check_balance,0.764,2,1,89,990,0,0,none,245,1
B-00804,2023-11-04 20:59:33.963362,B,llm_agent,voice,transaction_dispute,0.814,4,3,74,1483,0,0,none,359,1
B-00805,2023-09-21 19:04:57.371762,B,llm_agent,voice,dispute_charge,0.776,2,4,102,528,0,0,none,564,1
B-00806,2023-12-19 22:34:03.306595,B,llm_agent,voice,transfer_funds,0.732,1,4,42,389,0,0,none,295,1
B-00807,2023-10-07 14:13:21.007893,B,llm_agent,voice,make_payment,0.515,1,1,96,517,0,0,none,76,1
B-00808,2023-11-14 07:37:47.867096,B,llm_agent,chat,check_balance,0.638,1,1,63,536,0,0,none,229,1
B-00809,2023-10-04 07:10:13.759759,B,llm_agent,voice,freeze_card,0.966,1,4,50,525,0,0,none,317,0
B-00810,2023-12-06 17:11:03.775650,B,llm_agent,voice,loan_inquiry,0.648,1,2,113,1001,0,0,none,622,0
B-00811,2023-11-17 23:02:53.782400,B,llm_agent,voice,loan_inquiry,0.871,1,4,51,1016,0,0,none,72,1
B-00812,2023-11-28 23:44:38.992290,B,llm_agent,mobile_app,dispute_charge,0.871,2,1,74,922,0,0,none,147,1
B-00813,2023-07-12 13:00:03.980694,B,llm_agent,voice,transfer_funds,0.919,1,4,96,456,0,0,none,217,1
B-00814,2023-10-13 17:46:12.729628,B,llm_agent,mobile_app,check_balance,0.675,1,2,13,893,0,0,none,33,1
B-00815,2023-10-04 16:18:55.428699,B,llm_agent,voice,make_payment,0.486,1,3,51,983,0,0,none,661,1
B-00816,2023-09-10 07:23:45.472248,B,llm_agent,voice,check_balance,0.866,1,1,24,512,0,0,none,104,1
B-00817,2023-08-20 19:51:30.496879,B,llm_agent,voice,request_statement,0.829,2,4,113,288,0,0,none,470,1
B-00818,2023-11-27 14:41:53.489828,B,llm_agent,voice,freeze_card,0.69,1,4,86,1060,0,0,none,335,1
B-00819,2023-08-22 23:17:57.351164,B,llm_agent,voice,check_balance,0.642,1,3,77,1051,0,0,none,615,0
B-00820,2023-10-12 19:40:46.852799,B,llm_agent,mobile_app,request_statement,0.867,2,3,49,1051,0,0,none,416,1
B-00821,2023-09-29 22:41:42.565393,B,llm_agent,mobile_app,transfer_funds,0.831,1,2,95,725,0,0,none,640,1
B-00822,2023-10-02 08:01:46.056042,B,llm_agent,chat,request_statement,0.736,1,2,92,225,0,0,none,511,1
B-00823,2023-12-18 21:15:25.021566,B,llm_agent,voice,make_payment,0.901,1,4,44,1015,0,0,none,598,1
B-00824,2023-12-11 11:23:51.654497,B,llm_agent,voice,update_address,0.556,2,1,77,316,0,0,none,417,1
B-00825,2023-10-16 19:12:36.456846,B,llm_agent,voice,make_payment,0.717,2,3,38,1139,0,0,none,85,1
B-00826,2023-08-07 03:03:22.032201,B,llm_agent,mobile_app,request_statement,0.687,2,3,59,289,0,0,none,467,1
B-00827,2023-08-03 20:03:08.708582,B,llm_agent,chat,loan_inquiry,0.405,2,3,85,1011,0,0,none,293,0
B-00828,2023-07-20 23:24:47.574229,B,llm_agent,voice,loan_inquiry,0.755,2,2,101,954,0,0,none,110,1
B-00829,2023-09-23 12:49:53.898923,B,llm_agent,voice,freeze_card,0.94,1,4,112,979,0,0,none,331,1
B-00830,2023-08-04 16:52:23.058812,B,llm_agent,chat,account_balance_check,0.819,2,6,122,2090,0,1,low_confidence,332,1
B-00831,2023-09-20 09:44:04.820104,B,llm_agent,voice,check_balance,0.989,2,2,93,438,0,0,none,716,1
B-00832,2023-09-02 21:47:53.276439,B,llm_agent,voice,dispute_charge,0.959,1,4,75,221,0,0,none,519,1
B-00833,2023-07-06 18:43:38.436790,B,llm_agent,voice,check_balance,0.819,1,3,72,806,0,0,none,566,0
B-00834,2023-11-22 09:26:51.939819,B,llm_agent,mobile_app,loan_inquiry,0.68,1,3,82,934,0,0,none,253,1
B-00835,2023-12-21 22:09:06.457983,B,llm_agent,voice,update_address,0.86,1,1,87,732,0,0,none,327,1
B-00836,2023-09-13 07:55:43.542599,B,llm_agent,voice,check_balance,0.799,1,1,17,1007,0,0,none,207,1
B-00837,2023-08-27 09:16:39.410648,B,llm_agent,mobile_app,check_balance,0.941,1,4,33,228,0,0,none,385,1
B-00838,2023-07-10 00:13:14.645112,B,llm_agent,mobile_app,check_balance,0.949,1,4,11,414,0,0,none,220,0
B-00839,2023-07-04 06:35:02.971004,B,llm_agent,voice,loan_inquiry,0.747,1,2,17,718,0,0,none,242,0
B-00840,2023-10-25 02:20:56.902940,B,llm_agent,mobile_app,make_payment,0.832,2,2,107,504,0,0,none,291,1
B-00841,2023-10-07 17:50:39.509431,B,llm_agent,voice,check_balance,0.735,1,3,23,550,0,0,none,684,1
B-00842,2023-11-21 14:16:20.183371,B,llm_agent,chat,make_payment,0.879,1,4,37,507,0,0,none,32,1
B-00843,2023-10-08 15:39:10.350780,B,llm_agent,chat,check_balance,0.766,2,4,59,891,0,1,timeout,627,0
B-00844,2023-08-05 09:10:43.241352,B,llm_agent,chat,insurance_claim,0.898,4,4,83,2622,0,0,none,653,1
B-00845,2023-12-05 22:01:48.014172,B,llm_agent,voice,unknown,0.339,2,4,135,1982,1,0,none,203,1
B-00846,2023-12-10 10:03:21.240824,B,llm_agent,voice,make_payment,0.519,2,4,58,871,0,0,none,172,1
B-00847,2023-11-20 20:06:45.483285,B,llm_agent,chat,request_statement,0.705,2,1,94,1044,0,0,none,208,1
B-00848,2023-12-22 03:10:54.841173,B,llm_agent,voice,make_payment,0.784,1,3,98,755,0,0,none,621,0
B-00849,2023-12-08 06:36:23.992810,B,llm_agent,voice,check_balance,0.394,1,2,113,515,0,1,customer_request,133,1
B-00850,2023-09-24 17:00:17.621203,B,llm_agent,mobile_app,payment_processing,0.413,3,3,49,1530,0,1,low_confidence,68,1
B-00851,2023-12-02 00:48:13.403712,B,llm_agent,chat,account_balance_check,0.295,2,7,193,2296,0,1,unresolved,137,1
B-00852,2023-11-11 19:25:40.922141,B,llm_agent,voice,fund_movement,0.281,3,5,122,2029,0,1,low_confidence,222,1
B-00853,2023-09-29 04:41:36.517559,B,llm_agent,voice,loan_inquiry,0.665,1,3,92,999,0,0,none,500,1
B-00854,2023-09-14 02:58:52.265041,B,llm_agent,voice,update_address,0.756,1,1,75,457,0,0,none,404,1
B-00855,2023-11-05 12:28:43.977576,B,llm_agent,chat,freeze_card,0.574,1,3,83,410,0,0,none,365,1
B-00856,2023-07-14 00:04:11.219282,B,llm_agent,chat,transfer_funds,0.873,1,2,18,1144,0,0,none,129,0
B-00857,2023-11-01 22:59:41.903047,B,llm_agent,voice,request_statement,0.855,1,4,68,560,0,0,none,553,1
B-00858,2023-09-15 19:35:47.660153,B,llm_agent,mobile_app,make_payment,0.809,2,2,111,599,0,0,none,711,1
B-00859,2023-09-08 21:20:40.699433,B,llm_agent,voice,dispute_charge,0.489,1,1,65,410,0,0,none,295,1
B-00860,2023-09-25 01:03:03.008770,B,llm_agent,mobile_app,dispute_charge,0.735,1,1,58,675,0,0,none,417,1
B-00861,2023-12-19 01:44:43.591308,B,llm_agent,chat,dispute_charge,0.916,2,2,77,575,0,1,timeout,236,0
B-00862,2023-12-27 00:41:41.900565,B,llm_agent,chat,check_balance,0.736,2,2,94,808,0,0,none,586,1
B-00863,2023-12-26 14:05:05.692100,B,llm_agent,voice,freeze_card,0.888,1,1,30,615,0,0,none,427,1
B-00864,2023-10-27 05:25:47.005973,B,llm_agent,mobile_app,update_address,0.816,1,1,82,1034,0,1,customer_request,221,1
B-00865,2023-11-25 21:39:35.665697,B,llm_agent,voice,dispute_charge,0.922,1,4,57,799,0,0,none,244,1
B-00866,2023-07-31 11:56:43.918686,B,llm_agent,voice,make_payment,0.852,1,4,8,236,0,0,none,161,1
B-00867,2023-10-05 18:53:14.166128,B,llm_agent,voice,check_balance,0.734,2,3,115,1046,0,1,unresolved,680,1
B-00868,2023-08-27 00:02:29.449641,B,llm_agent,voice,document_request,0.684,2,3,114,1303,0,1,low_confidence,614,1
B-00869,2023-08-01 08:47:34.768586,B,llm_agent,chat,loan_inquiry,0.585,2,4,89,622,0,0,none,325,1
B-00870,2023-11-06 19:37:44.916487,B,llm_agent,chat,transfer_funds,0.755,1,2,19,932,0,0,none,182,1
B-00871,2023-07-02 15:53:38.292104,B,llm_agent,voice,check_balance,0.861,2,1,50,1125,0,1,low_confidence,167,0
B-00872,2023-12-06 09:04:53.118022,B,llm_agent,mobile_app,transfer_funds,0.893,1,1,95,1010,0,0,none,294,1
B-00873,2023-12-29 13:29:53.903526,B,llm_agent,voice,make_payment,0.697,2,1,32,815,0,0,none,86,1
B-00874,2023-08-28 15:15:01.288520,B,llm_agent,chat,freeze_card,0.891,2,2,105,340,0,0,none,540,1
B-00875,2023-07-25 06:09:05.007731,B,llm_agent,chat,dispute_charge,0.784,1,2,68,456,0,0,none,89,1
B-00876,2023-11-22 14:31:24.275340,B,llm_agent,chat,request_statement,0.688,1,1,67,475,0,0,none,191,1
B-00877,2023-11-24 13:07:38.686016,B,llm_agent,chat,make_payment,0.699,1,4,101,391,0,0,none,304,1
B-00878,2023-11-21 01:40:13.555294,B,llm_agent,voice,update_address,0.821,1,3,9,827,0,0,none,481,0
B-00879,2023-11-07 03:12:29.641402,B,llm_agent,voice,freeze_card,0.802,1,1,15,667,0,0,none,325,1
B-00880,2023-11-22 09:54:39.142260,B,llm_agent,voice,request_statement,0.787,2,4,53,1181,0,0,none,689,1
B-00881,2023-12-05 21:54:10.944563,B,llm_agent,voice,update_address,0.521,1,4,90,807,0,0,none,287,0
B-00882,2023-07-07 07:06:26.054076,B,llm_agent,voice,make_payment,0.488,2,4,36,457,0,0,none,401,1
B-00883,2023-12-29 11:01:10.168502,B,llm_agent,voice,make_payment,0.943,2,3,60,817,0,0,none,359,1
B-00884,2023-11-17 22:46:41.353024,B,llm_agent,chat,payment_processing,0.6,2,6,185,1930,0,0,none,216,1
B-00885,2023-10-08 17:33:33.697393,B,llm_agent,voice,make_payment,0.632,1,2,118,222,0,1,timeout,450,1
B-00886,2023-09-12 01:20:32.326475,B,llm_agent,chat,dispute_charge,0.83,1,1,84,823,0,0,none,678,1
B-00887,2023-12-28 19:48:26.193312,B,llm_agent,chat,make_payment,0.77,1,1,10,322,0,0,none,161,1
B-00888,2023-07-17 23:48:36.709135,B,llm_agent,voice,transfer_funds,0.787,2,2,78,951,0,0,none,662,1
B-00889,2023-11-18 13:42:35.286683,B,llm_agent,chat,make_payment,0.855,2,1,98,417,0,0,none,600,1
B-00890,2023-07-25 19:54:02.708398,B,llm_agent,voice,check_balance,0.879,2,4,106,816,0,1,unresolved,460,1
B-00891,2023-10-11 07:57:09.502512,B,llm_agent,mobile_app,update_address,0.797,1,2,45,377,0,0,none,536,1
B-00892,2023-09-24 05:29:59.444595,B,llm_agent,voice,update_address,0.898,2,2,90,642,0,0,none,548,1
B-00893,2023-07-20 16:17:22.096546,B,llm_agent,voice,transfer_funds,0.979,1,1,107,720,0,0,none,266,1
B-00894,2023-08-02 15:56:23.535179,B,llm_agent,voice,make_payment,0.874,2,4,98,849,0,0,none,548,1
B-00895,2023-09-05 03:41:38.631675,B,llm_agent,chat,dispute_charge,0.894,2,1,102,408,0,0,none,333,1
B-00896,2023-08-29 11:30:46.540947,B,llm_agent,voice,loan_inquiry,0.714,2,2,50,254,0,0,none,337,1
B-00897,2023-08-12 23:36:27.496075,B,llm_agent,voice,check_balance,0.871,1,2,106,541,0,0,none,665,1
B-00898,2023-09-28 00:34:25.074157,B,llm_agent,chat,check_balance,0.711,2,2,115,710,0,0,none,212,1
B-00899,2023-10-17 20:58:05.515203,B,llm_agent,mobile_app,make_payment,0.793,2,3,85,962,0,0,none,84,1
B-00900,2023-11-08 22:04:37.382626,B,llm_agent,voice,loan_inquiry,0.861,2,1,50,748,0,0,none,75,1
B-00901,2023-08-29 03:07:27.747969,B,llm_agent,voice,transfer_funds,0.709,2,4,69,510,0,0,none,310,0
B-00902,2023-10-27 19:13:05.537560,B,llm_agent,voice,loan_inquiry,0.863,1,1,22,1138,0,0,none,62,1
B-00903,2023-10-20 06:48:13.266711,B,llm_agent,chat,make_payment,0.851,2,2,104,949,0,0,none,669,1
B-00904,2023-11-06 17:45:40.821599,B,llm_agent,voice,credit_inquiry,0.141,4,5,90,2397,0,0,none,66,1
B-00905,2023-12-22 23:42:37.104240,B,llm_agent,chat,freeze_card,0.716,1,2,113,206,0,0,none,574,0
B-00906,2023-12-12 20:49:32.938148,B,llm_agent,voice,dispute_charge,0.652,2,4,18,562,0,0,none,194,1
B-00907,2023-12-01 06:03:33.545483,B,llm_agent,voice,freeze_card,0.927,2,2,23,1188,0,0,none,532,1
B-00908,2023-11-08 01:32:06.667839,B,llm_agent,voice,make_payment,0.764,2,2,59,766,0,0,none,107,1
B-00909,2023-08-21 11:47:09.848295,B,llm_agent,voice,check_balance,0.682,2,2,33,784,0,0,none,682,0
B-00910,2023-07-27 20:50:00.143278,B,llm_agent,chat,transfer_funds,0.577,1,3,68,611,0,1,low_confidence,62,0
B-00911,2023-11-05 03:59:41.218981,B,llm_agent,chat,loan_inquiry,0.64,1,1,91,1086,0,0,none,276,1
B-00912,2023-10-16 19:31:41.150036,B,llm_agent,chat,make_payment,0.779,2,1,78,921,0,0,none,432,1
B-00913,2023-10-12 18:23:58.008303,B,llm_agent,voice,update_address,0.816,1,4,62,1154,0,0,none,465,1
B-00914,2023-11-07 12:14:07.322639,B,llm_agent,voice,make_payment,0.908,1,4,33,456,0,0,none,264,0
B-00915,2023-10-24 01:03:23.931803,B,llm_agent,chat,credit_inquiry,0.833,2,5,82,1890,0,0,none,63,1
B-00916,2023-08-12 04:38:33.281844,B,llm_agent,chat,unknown,0.509,2,6,171,2054,1,0,none,719,0
B-00917,2023-12-15 03:37:07.319849,B,llm_agent,chat,update_address,0.944,1,1,33,901,0,0,none,628,1
B-00918,2023-12-09 04:09:19.002796,B,llm_agent,voice,account_balance_check,0.292,2,5,162,1843,0,0,none,490,1
B-00919,2023-07-24 01:26:52.618194,B,llm_agent,voice,check_balance,0.809,2,4,77,767,0,0,none,259,0
B-00920,2023-10-18 00:39:21.067351,B,llm_agent,chat,make_payment,0.827,1,2,103,845,0,0,none,677,1
B-00921,2023-12-14 11:44:50.896191,B,llm_agent,voice,loan_inquiry,0.768,1,4,24,363,0,0,none,152,1
B-00922,2023-10-31 03:30:49.946124,B,llm_agent,voice,card_management,0.475,4,6,130,935,0,0,none,74,1
B-00923,2023-10-04 18:17:46.480361,B,llm_agent,chat,request_statement,0.811,2,3,38,1071,0,0,none,579,1
B-00924,2023-12-15 02:24:34.544487,B,llm_agent,voice,freeze_card,0.849,2,1,55,1077,0,0,none,210,1
B-00925,2023-11-19 02:26:41.509734,B,llm_agent,voice,check_balance,0.821,1,1,77,280,0,1,unresolved,549,0
B-00926,2023-10-29 07:04:31.475237,B,llm_agent,voice,loan_inquiry,0.829,2,2,108,207,0,0,none,569,1
B-00927,2023-09-18 02:57:28.329152,B,llm_agent,chat,check_balance,0.554,2,2,79,679,0,0,none,122,1
B-00928,2023-11-20 00:43:31.251683,B,llm_agent,voice,update_address,0.742,1,4,59,476,0,0,none,456,0
B-00929,2023-12-07 08:49:29.242568,B,llm_agent,chat,request_statement,0.988,1,1,119,1033,0,0,none,341,0
B-00930,2023-07-31 01:47:34.232423,B,llm_agent,voice,dispute_charge,0.989,2,4,97,563,0,0,none,279,1
B-00931,2023-11-05 12:36:23.872671,B,llm_agent,chat,freeze_card,0.89,1,3,27,867,0,0,none,353,0
B-00932,2023-11-05 17:50:05.012870,B,llm_agent,voice,check_balance,0.822,2,4,110,973,0,0,none,610,1
B-00933,2023-07-27 20:17:32.524452,B,llm_agent,chat,unknown,0.718,4,3,98,2204,1,0,none,121,1
B-00934,2023-12-03 03:55:46.111905,B,llm_agent,voice,freeze_card,0.928,2,3,7,529,0,0,none,375,1
B-00935,2023-12-06 09:23:50.100568,B,llm_agent,chat,request_statement,0.742,1,3,88,1157,0,0,none,530,1
B-00936,2023-07-25 17:54:01.034992,B,llm_agent,voice,loan_inquiry,0.319,2,3,91,982,0,0,none,662,1
B-00937,2023-11-11 22:43:51.050989,B,llm_agent,chat,transfer_funds,0.695,2,1,106,250,0,0,none,414,1
B-00938,2023-08-13 02:12:17.933462,B,llm_agent,voice,investment_advice,0.408,3,4,47,2347,0,1,unresolved,407,1
B-00939,2023-08-12 07:15:34.770586,B,llm_agent,voice,check_balance,0.913,1,2,54,927,0,0,none,153,1
B-00940,2023-07-24 02:44:27.998490,B,llm_agent,chat,make_payment,0.959,2,3,21,983,0,0,none,435,1
B-00941,2023-11-03 18:12:04.700838,B,llm_agent,voice,check_balance,0.894,2,3,26,610,0,0,none,698,1
B-00942,2023-12-14 02:07:19.940859,B,llm_agent,voice,make_payment,0.597,2,3,86,1154,0,0,none,243,1
B-00943,2023-10-14 02:28:56.247105,B,llm_agent,chat,check_balance,0.767,1,1,112,950,0,0,none,369,1
B-00944,2023-08-17 06:56:12.366449,B,llm_agent,chat,freeze_card,0.798,2,1,102,1033,0,0,none,85,1
B-00945,2023-08-04 15:08:21.019264,B,llm_agent,voice,update_address,0.789,2,1,55,456,0,0,none,224,1
B-00946,2023-07-31 15:08:38.854523,B,llm_agent,voice,make_payment,0.914,2,4,44,641,0,0,none,39,1
B-00947,2023-08-07 12:06:29.377917,B,llm_agent,voice,freeze_card,0.91,1,1,99,832,0,0,none,638,1
B-00948,2023-10-10 06:23:18.209732,B,llm_agent,voice,dispute_charge,0.91,1,3,52,1114,0,0,none,229,0
B-00949,2023-12-30 01:55:00.846082,B,llm_agent,voice,check_balance,0.926,2,1,104,701,0,0,none,674,1
B-00950,2023-12-19 01:17:55.998181,B,llm_agent,voice,make_payment,0.61,1,1,80,501,0,0,none,616,1
B-00951,2023-07-18 04:29:29.110215,B,llm_agent,mobile_app,update_address,0.964,1,2,101,642,0,0,none,145,1
B-00952,2023-08-06 22:04:48.229274,B,llm_agent,mobile_app,loan_inquiry,0.792,1,3,61,256,0,0,none,263,1
B-00953,2023-11-02 16:41:09.441902,B,llm_agent,chat,make_payment,0.939,2,3,15,958,0,0,none,334,1
B-00954,2023-11-04 05:06:28.221634,B,llm_agent,voice,make_payment,0.783,1,2,5,875,0,0,none,605,1
B-00955,2023-08-08 11:19:27.461738,B,llm_agent,mobile_app,update_address,0.773,1,3,117,256,0,1,low_confidence,694,0
B-00956,2023-12-23 00:26:38.908022,B,llm_agent,chat,freeze_card,0.684,2,2,104,840,0,0,none,713,1
B-00957,2023-10-16 09:54:22.663871,B,llm_agent,voice,transfer_funds,0.895,2,2,103,1068,0,0,none,352,1
B-00958,2023-10-05 19:01:11.646707,B,llm_agent,voice,make_payment,0.843,2,2,83,400,0,0,none,327,1
B-00959,2023-11-28 13:51:07.492898,B,llm_agent,chat,check_balance,0.921,2,4,104,227,0,0,none,128,1
B-00960,2023-09-07 16:09:45.605029,B,llm_agent,mobile_app,transfer_funds,0.883,2,1,21,890,0,0,none,330,0
B-00961,2023-11-08 18:00:43.592037,B,llm_agent,voice,check_balance,0.52,1,1,118,1016,0,0,none,160,0
B-00962,2023-12-16 01:21:22.696437,B,llm_agent,voice,loan_inquiry,0.883,2,2,96,831,0,0,none,617,1
B-00963,2023-12-21 16:59:17.298341,B,llm_agent,chat,insurance_claim,0.525,2,6,187,1916,0,1,unresolved,280,0
B-00964,2023-07-08 06:42:55.660122,B,llm_agent,voice,dispute_charge,0.824,2,2,81,1001,0,0,none,416,1
B-00965,2023-07-14 07:49:36.107008,B,llm_agent,voice,check_balance,0.729,1,2,94,350,0,0,none,186,1
B-00966,2023-11-07 14:50:38.409615,B,llm_agent,chat,check_balance,0.796,1,4,58,891,0,0,none,604,0
B-00967,2023-07-01 19:30:57.863384,B,llm_agent,voice,transfer_funds,0.938,2,2,18,806,0,0,none,546,1
B-00968,2023-10-30 08:57:28.387246,B,llm_agent,voice,loan_inquiry,0.721,1,3,110,754,0,0,none,514,1
B-00969,2023-11-28 11:22:23.599199,B,llm_agent,voice,check_balance,0.904,1,1,42,746,0,0,none,612,1
B-00970,2023-07-17 10:55:43.161068,B,llm_agent,voice,freeze_card,0.681,1,1,34,486,0,0,none,288,1
B-00971,2023-07-05 06:59:22.213062,B,llm_agent,voice,document_request,0.112,2,7,182,1939,0,1,low_confidence,687,0
B-00972,2023-10-02 01:24:11.207273,B,llm_agent,chat,update_address,0.631,1,4,60,722,0,0,none,475,1
B-00973,2023-12-28 16:18:42.279127,B,llm_agent,mobile_app,check_balance,0.894,1,3,72,315,0,0,none,95,1
B-00974,2023-10-06 21:36:46.632313,B,llm_agent,chat,dispute_charge,0.842,1,2,18,507,0,0,none,49,1
B-00975,2023-12-26 11:03:34.123152,B,llm_agent,voice,dispute_charge,0.719,2,3,84,1080,0,1,unresolved,552,0
B-00976,2023-11-06 09:45:46.998663,B,llm_agent,voice,make_payment,0.609,1,4,30,695,0,1,timeout,375,1
B-00977,2023-08-25 08:20:03.045208,B,llm_agent,voice,credit_inquiry,0.668,2,7,193,2555,0,0,none,675,1
B-00978,2023-08-14 05:12:44.444215,B,llm_agent,chat,loan_inquiry,0.857,2,4,86,248,0,0,none,91,0
B-00979,2023-10-19 20:48:38.210766,B,llm_agent,voice,dispute_charge,0.774,2,4,111,948,0,0,none,518,1
B-00980,2023-08-30 20:32:29.868404,B,llm_agent,voice,freeze_card,0.88,2,2,42,678,0,0,none,410,1
B-00981,2023-08-13 16:24:56.078530,B,llm_agent,voice,check_balance,0.827,1,1,49,937,0,0,none,80,1
B-00982,2023-09-11 04:28:32.590653,B,llm_agent,chat,check_balance,0.935,2,3,60,370,0,0,none,590,1
B-00983,2023-10-06 11:41:05.406825,B,llm_agent,voice,check_balance,0.862,2,4,99,691,0,0,none,74,1
B-00984,2023-12-16 23:46:04.319734,B,llm_agent,voice,dispute_charge,0.844,2,3,92,841,0,0,none,140,1
B-00985,2023-12-22 21:18:20.763156,B,llm_agent,chat,freeze_card,0.764,2,3,25,1093,0,0,none,664,1
B-00986,2023-11-11 15:42:17.033113,B,llm_agent,chat,loan_inquiry,0.673,1,4,74,950,0,0,none,302,1
B-00987,2023-08-14 05:53:53.343345,B,llm_agent,voice,account_balance_check,0.452,2,6,116,2469,0,0,none,604,1
B-00988,2023-09-23 07:42:38.828390,B,llm_agent,chat,request_statement,0.61,2,4,68,308,0,0,none,406,1
B-00989,2023-07-18 22:54:53.928999,B,llm_agent,chat,check_balance,0.795,2,3,108,287,0,0,none,360,1
B-00990,2023-10-13 09:21:03.612609,B,llm_agent,voice,transfer_funds,0.657,2,1,12,580,0,0,none,169,1
B-00991,2023-10-26 05:46:44.605680,B,llm_agent,chat,check_balance,0.814,2,4,118,407,0,0,none,118,1
B-00992,2023-09-11 17:59:18.295749,B,llm_agent,voice,request_statement,0.884,1,1,95,459,0,0,none,52,1
B-00993,2023-08-10 00:32:12.121590,B,llm_agent,chat,transfer_funds,0.58,1,3,80,739,0,0,none,51,0
B-00994,2023-12-28 15:56:44.614624,B,llm_agent,voice,dispute_charge,0.868,2,4,30,1091,0,0,none,30,1
B-00995,2023-07-08 06:01:53.123042,B,llm_agent,voice,dispute_charge,0.928,2,3,49,1146,0,0,none,685,1
B-00996,2023-11-11 20:34:52.899435,B,llm_agent,chat,check_balance,0.902,1,1,10,1043,0,0,none,206,0
B-00997,2023-11-03 19:32:49.967585,B,llm_agent,chat,dispute_charge,0.859,1,3,64,999,0,0,none,638,1
B-00998,2023-10-11 14:42:23.612784,B,llm_agent,voice,unknown,0.302,4,5,78,2720,1,0,none,241,1
B-00999,2023-08-04 05:41:39.545420,B,llm_agent,mobile_app,make_payment,0.977,1,4,102,215,0,1,unresolved,382,1
B-01000,2023-12-04 07:22:08.683918,B,llm_agent,voice,credit_inquiry,0.412,3,6,163,1334,0,0,none,350,1
B-01001,2023-10-20 16:45:51.418910,B,llm_agent,voice,account_balance_check,0.405,2,4,98,2006,0,0,none,603,1
B-01002,2023-11-02 02:12:00.488691,B,llm_agent,voice,unknown,0.617,2,5,140,1081,1,0,none,615,1
B-01003,2023-11-07 17:40:03.425638,B,llm_agent,voice,check_balance,0.768,1,1,98,458,0,0,none,113,1
B-01004,2023-07-23 00:20:19.869403,B,llm_agent,chat,make_payment,0.709,1,4,29,452,0,0,none,317,0
B-01005,2023-09-24 08:04:27.870888,B,llm_agent,voice,request_statement,0.786,1,2,109,224,0,0,none,637,0
B-01006,2023-11-22 11:11:08.034174,B,llm_agent,voice,transfer_funds,0.985,2,1,70,470,0,0,none,87,1
B-01007,2023-09-11 19:24:01.008323,B,llm_agent,chat,make_payment,0.905,2,1,58,621,0,0,none,594,0
B-01008,2023-11-11 20:22:00.430165,B,llm_agent,voice,freeze_card,0.88,2,3,106,225,0,0,none,255,1
B-01009,2023-09-07 18:28:07.344834,B,llm_agent,chat,make_payment,0.769,1,1,22,740,0,0,none,514,1
B-01010,2023-11-25 01:22:33.154486,B,llm_agent,voice,loan_inquiry,0.931,2,3,27,952,0,0,none,241,0
B-01011,2023-12-02 17:54:53.596658,B,llm_agent,chat,loan_inquiry,0.977,2,3,69,522,0,0,none,396,1
B-01012,2023-11-30 13:30:20.957051,B,llm_agent,voice,request_statement,0.697,1,1,39,450,0,0,none,423,1
B-01013,2023-10-28 12:28:59.199883,B,llm_agent,mobile_app,dispute_charge,0.849,2,2,66,302,0,0,none,192,1
B-01014,2023-10-01 07:12:12.495065,B,llm_agent,voice,dispute_charge,0.905,2,2,119,826,0,1,customer_request,477,0
B-01015,2023-12-04 09:26:32.388060,B,llm_agent,voice,dispute_charge,0.732,1,4,55,642,0,0,none,96,1
B-01016,2023-09-08 09:54:12.201738,B,llm_agent,voice,transfer_funds,0.912,2,2,6,477,0,0,none,30,1
B-01017,2023-12-24 02:23:10.448881,B,llm_agent,voice,transfer_funds,0.954,2,1,40,1175,0,0,none,491,1
B-01018,2023-11-30 02:02:58.244042,B,llm_agent,voice,dispute_charge,0.631,2,1,119,1140,0,0,none,402,1
B-01019,2023-08-19 04:48:53.910068,B,llm_agent,voice,check_balance,0.734,1,3,21,461,0,1,low_confidence,437,1
B-01020,2023-09-07 18:25:37.523699,B,llm_agent,voice,request_statement,0.852,2,3,34,535,0,0,none,199,0
B-01021,2023-12-11 22:58:15.263481,B,llm_agent,voice,dispute_charge,0.805,2,2,63,514,0,0,none,60,0
B-01022,2023-08-16 05:26:01.392845,B,llm_agent,chat,dispute_charge,0.7,1,4,35,219,0,0,none,555,1
B-01023,2023-07-16 00:44:02.922527,B,llm_agent,mobile_app,freeze_card,0.932,2,2,18,830,0,0,none,227,1
B-01024,2023-07-15 07:59:28.350225,B,llm_agent,voice,loan_inquiry,0.868,1,3,80,428,0,0,none,262,0
B-01025,2023-12-06 13:38:04.486786,B,llm_agent,voice,transaction_dispute,0.504,3,3,165,2093,0,0,none,632,1
B-01026,2023-09-06 21:54:04.673143,B,llm_agent,chat,card_management,0.844,2,3,189,1692,0,1,customer_request,661,1
B-01027,2023-08-08 15:29:48.150250,B,llm_agent,chat,loan_inquiry,0.856,1,4,53,569,0,0,none,277,1
B-01028,2023-08-18 21:25:42.712209,B,llm_agent,voice,make_payment,0.793,1,2,118,1100,0,0,none,304,0
B-01029,2023-10-17 11:18:04.232459,B,llm_agent,voice,freeze_card,0.755,1,1,42,861,0,0,none,702,1
B-01030,2023-09-15 15:31:41.713198,B,llm_agent,voice,request_statement,0.871,1,2,102,407,0,0,none,271,1
B-01031,2023-07-27 01:58:15.643414,B,llm_agent,voice,update_address,0.686,2,2,19,463,0,0,none,419,1
B-01032,2023-09-29 00:02:10.461266,B,llm_agent,chat,check_balance,0.971,1,4,55,1176,0,0,none,122,1
B-01033,2023-10-28 14:43:40.428150,B,llm_agent,voice,request_statement,0.908,2,1,13,661,0,0,none,633,1
B-01034,2023-09-11 05:48:22.134919,B,llm_agent,voice,request_statement,0.796,2,1,119,396,0,0,none,150,1
B-01035,2023-10-21 21:09:20.015222,B,llm_agent,mobile_app,request_statement,0.792,1,3,19,970,0,0,none,246,1
B-01036,2023-11-06 11:46:28.393026,B,llm_agent,voice,freeze_card,0.934,1,3,42,816,0,0,none,495,1
B-01037,2023-10-28 01:11:37.003697,B,llm_agent,mobile_app,update_address,0.769,2,3,104,220,0,0,none,624,0
B-01038,2023-07-27 01:31:13.587778,B,llm_agent,voice,transfer_funds,0.571,2,3,107,864,0,1,unresolved,424,1
B-01039,2023-09-18 20:26:50.230325,B,llm_agent,chat,make_payment,0.623,1,4,5,585,0,0,none,619,1
B-01040,2023-12-14 08:55:42.747586,B,llm_agent,voice,check_balance,0.726,2,3,79,598,0,0,none,409,1
B-01041,2023-07-30 00:48:58.013620,B,llm_agent,mobile_app,make_payment,0.725,1,1,117,215,0,0,none,358,1
B-01042,2023-12-08 03:00:31.863677,B,llm_agent,voice,request_statement,0.917,1,4,84,465,0,0,none,121,1
B-01043,2023-09-20 16:49:28.416554,B,llm_agent,voice,make_payment,0.931,2,3,46,873,0,0,none,282,1
B-01044,2023-10-19 09:27:54.650728,B,llm_agent,chat,check_balance,0.805,1,4,80,820,0,0,none,103,0
B-01045,2023-08-27 14:44:28.538217,B,llm_agent,voice,check_balance,0.715,1,2,103,232,0,0,none,213,1
B-01046,2023-11-11 01:23:41.076814,B,llm_agent,mobile_app,check_balance,0.9,2,3,69,808,0,1,low_confidence,332,1
B-01047,2023-08-02 18:33:19.392578,B,llm_agent,voice,check_balance,0.855,1,2,104,495,0,1,unresolved,679,0
B-01048,2023-11-17 14:03:13.736621,B,llm_agent,voice,transfer_funds,0.835,2,1,50,789,0,0,none,687,1
B-01049,2023-07-27 03:14:11.581550,B,llm_agent,voice,request_statement,0.892,2,1,24,743,0,0,none,427,1
B-01050,2023-08-01 12:54:08.195842,B,llm_agent,voice,check_balance,0.908,2,3,63,632,0,0,none,320,1
B-01051,2023-07-02 13:38:30.484072,B,llm_agent,chat,freeze_card,0.903,2,2,84,540,0,0,none,271,1
B-01052,2023-12-05 23:08:00.180348,B,llm_agent,mobile_app,check_balance,0.713,2,4,71,1061,0,0,none,653,1
B-01053,2023-12-02 11:35:16.686632,B,llm_agent,mobile_app,request_statement,0.765,2,1,8,374,0,0,none,285,0
B-01054,2023-09-10 12:58:49.082954,B,llm_agent,mobile_app,check_balance,0.911,2,2,43,641,0,0,none,697,1
B-01055,2023-07-01 13:47:21.483558,B,llm_agent,voice,make_payment,0.886,1,4,41,659,0,0,none,344,1
B-01056,2023-12-18 18:03:14.557197,B,llm_agent,chat,dispute_charge,0.897,2,3,96,249,0,0,none,106,1
B-01057,2023-08-01 08:40:08.869790,B,llm_agent,voice,loan_inquiry,0.814,2,3,95,315,0,0,none,308,1
B-01058,2023-07-28 06:44:13.837098,B,llm_agent,chat,dispute_charge,0.693,1,3,42,602,0,0,none,667,1
B-01059,2023-08-08 15:29:48.741660,B,llm_agent,mobile_app,loan_inquiry,0.668,1,3,21,442,0,0,none,297,1
B-01060,2023-08-17 01:52:42.222244,B,llm_agent,voice,request_statement,0.712,1,2,51,584,0,1,low_confidence,527,1
B-01061,2023-12-18 10:18:27.650512,B,llm_agent,voice,request_statement,0.962,2,3,18,1007,0,0,none,715,1
B-01062,2023-10-23 22:23:19.244326,B,llm_agent,voice,freeze_card,0.806,1,2,41,969,0,0,none,95,1
B-01063,2023-09-01 10:17:13.479507,B,llm_agent,mobile_app,update_address,0.89,1,4,90,545,0,0,none,641,0
B-01064,2023-11-17 19:04:46.275661,B,llm_agent,mobile_app,dispute_charge,0.889,2,1,117,945,0,0,none,532,1
B-01065,2023-11-19 10:46:34.525763,B,llm_agent,mobile_app,loan_inquiry,0.9,1,4,118,779,0,1,customer_request,484,1
B-01066,2023-08-15 02:06:10.844015,B,llm_agent,chat,request_statement,0.974,1,2,101,214,0,1,customer_request,370,0
B-01067,2023-08-01 21:45:15.294030,B,llm_agent,mobile_app,check_balance,0.79,1,3,65,444,0,1,low_confidence,502,1
B-01068,2023-07-28 22:03:55.520367,B,llm_agent,mobile_app,request_statement,0.84,2,1,88,1077,0,0,none,126,1
B-01069,2023-09-04 05:28:37.773504,B,llm_agent,voice,check_balance,0.788,1,3,61,960,0,0,none,671,1
B-01070,2023-07-06 03:55:57.423401,B,llm_agent,mobile_app,request_statement,0.695,1,4,103,749,0,1,unresolved,194,1
B-01071,2023-09-19 16:49:35.716236,B,llm_agent,chat,loan_inquiry,0.657,1,3,101,1017,0,0,none,135,1
B-01072,2023-08-06 19:27:06.608124,B,llm_agent,voice,check_balance,0.631,2,4,108,774,0,0,none,518,1
B-01073,2023-11-18 10:17:00.729408,B,llm_agent,chat,dispute_charge,0.825,1,3,91,540,0,1,low_confidence,83,1
B-01074,2023-08-30 08:20:08.050382,B,llm_agent,voice,loan_inquiry,0.615,2,2,115,953,0,0,none,250,1
B-01075,2023-10-28 03:10:29.028629,B,llm_agent,voice,check_balance,0.806,2,3,112,585,0,0,none,198,1
B-01076,2023-11-02 21:04:04.562137,B,llm_agent,voice,update_address,0.76,2,3,113,504,0,0,none,686,0
B-01077,2023-11-23 13:42:50.835494,B,llm_agent,chat,profile_update,0.249,2,7,146,2139,0,0,none,204,1
B-01078,2023-09-25 23:16:31.708393,B,llm_agent,chat,transfer_funds,0.974,2,4,31,962,0,0,none,595,1
B-01079,2023-09-12 04:14:37.433756,B,llm_agent,voice,check_balance,0.797,1,2,118,1120,0,0,none,430,1
B-01080,2023-08-17 01:36:32.574184,B,llm_agent,chat,dispute_charge,0.925,2,3,91,201,0,0,none,412,1
B-01081,2023-07-02 18:16:25.418959,B,llm_agent,voice,transfer_funds,0.873,1,4,49,436,0,0,none,503,1
B-01082,2023-07-29 19:34:49.224846,B,llm_agent,mobile_app,check_balance,0.959,2,2,11,1124,0,0,none,461,1
B-01083,2023-08-10 15:14:15.970903,B,llm_agent,chat,request_statement,0.719,1,2,91,333,0,0,none,208,1
B-01084,2023-10-29 11:17:06.724485,B,llm_agent,mobile_app,update_address,0.774,2,1,53,542,0,0,none,664,1
B-01085,2023-11-22 18:08:05.813773,B,llm_agent,chat,request_statement,0.785,2,1,100,491,0,0,none,55,1
B-01086,2023-09-22 23:04:07.450074,B,llm_agent,voice,freeze_card,0.745,1,4,33,414,0,0,none,251,1
B-01087,2023-11-28 09:13:21.424908,B,llm_agent,voice,update_address,0.726,2,3,27,931,0,0,none,239,1
B-01088,2023-09-07 09:48:49.805333,B,llm_agent,chat,update_address,0.85,2,2,28,389,0,0,none,588,1
B-01089,2023-10-28 17:42:33.879457,B,llm_agent,voice,update_address,0.831,2,3,66,949,0,0,none,364,1
B-01090,2023-10-10 23:07:08.842167,B,llm_agent,voice,freeze_card,0.617,1,1,13,427,0,0,none,339,1
B-01091,2023-07-28 11:41:41.077076,B,llm_agent,chat,dispute_charge,0.752,1,2,119,524,0,0,none,39,1
B-01092,2023-09-23 13:37:21.877887,B,llm_agent,mobile_app,make_payment,0.966,1,4,88,436,0,0,none,631,0
B-01093,2023-12-25 02:00:39.080299,B,llm_agent,voice,loan_inquiry,0.652,2,2,109,1155,0,0,none,310,1
B-01094,2023-07-28 10:45:45.724416,B,llm_agent,voice,loan_inquiry,0.725,1,1,32,1019,0,0,none,74,0
B-01095,2023-09-13 06:05:50.525927,B,llm_agent,mobile_app,loan_inquiry,0.873,2,1,22,1024,0,0,none,213,1
B-01096,2023-08-30 20:01:22.174885,B,llm_agent,voice,make_payment,0.817,1,1,98,336,0,0,none,525,1
B-01097,2023-11-14 13:24:12.797812,B,llm_agent,voice,check_balance,0.687,2,3,107,247,0,0,none,44,0
B-01098,2023-07-08 01:11:41.030296,B,llm_agent,voice,make_payment,0.798,1,3,60,913,0,0,none,587,1
B-01099,2023-09-21 21:57:49.863390,B,llm_agent,voice,request_statement,0.767,1,3,19,996,0,0,none,348,1
B-01100,2023-08-18 09:41:44.333767,B,llm_agent,chat,make_payment,0.587,1,4,88,801,0,0,none,453,1
B-01101,2023-08-24 11:48:57.299266,B,llm_agent,mobile_app,transfer_funds,0.786,1,1,113,1139,0,0,none,543,1
B-01102,2023-09-13 12:43:10.517594,B,llm_agent,chat,dispute_charge,0.668,1,2,116,723,0,0,none,232,1
B-01103,2023-08-23 08:57:29.528173,B,llm_agent,voice,update_address,0.804,1,2,56,582,0,0,none,396,1
B-01104,2023-10-12 21:31:38.804975,B,llm_agent,chat,make_payment,0.789,1,3,33,370,0,0,none,132,0
B-01105,2023-08-22 13:19:25.251890,B,llm_agent,chat,update_address,0.76,1,4,14,800,0,0,none,377,1
B-01106,2023-12-15 20:58:00.797755,B,llm_agent,voice,dispute_charge,0.929,2,1,38,1106,0,0,none,539,1
B-01107,2023-09-20 21:04:49.626060,B,llm_agent,voice,update_address,0.789,2,4,47,947,0,0,none,132,1
B-01108,2023-07-29 09:07:49.663568,B,llm_agent,voice,account_balance_check,0.554,4,5,143,2793,0,0,none,118,1
B-01109,2023-08-22 21:51:19.592536,B,llm_agent,chat,loan_inquiry,0.851,2,4,16,468,0,0,none,104,1
B-01110,2023-11-23 21:41:54.824624,B,llm_agent,chat,transfer_funds,0.861,2,2,10,416,0,0,none,612,0
B-01111,2023-07-20 22:25:04.824989,B,llm_agent,chat,make_payment,0.919,2,2,6,587,0,0,none,637,1
B-01112,2023-09-08 11:44:17.190144,B,llm_agent,mobile_app,dispute_charge,0.788,2,1,102,709,0,1,low_confidence,375,1
B-01113,2023-12-21 14:59:51.381391,B,llm_agent,mobile_app,request_statement,0.898,2,3,108,842,0,0,none,418,1
B-01114,2023-07-01 05:09:58.945741,B,llm_agent,mobile_app,request_statement,0.57,1,3,14,815,0,1,low_confidence,293,1
B-01115,2023-12-25 17:43:06.248050,B,llm_agent,chat,update_address,0.841,2,4,73,474,0,0,none,384,1
B-01116,2023-09-04 17:05:34.320994,B,llm_agent,mobile_app,freeze_card,0.906,2,4,9,1149,0,0,none,193,1
B-01117,2023-08-08 15:00:01.747171,B,llm_agent,voice,transfer_funds,0.528,2,2,45,316,0,0,none,353,1
B-01118,2023-11-29 01:36:26.998604,B,llm_agent,voice,check_balance,0.934,2,4,79,324,0,0,none,41,0
B-01119,2023-09-24 21:00:33.052664,B,llm_agent,chat,loan_inquiry,0.729,2,1,23,426,0,0,none,387,1
B-01120,2023-07-20 07:58:29.866689,B,llm_agent,voice,check_balance,0.651,1,1,45,436,0,0,none,654,1
B-01121,2023-10-31 00:31:12.579797,B,llm_agent,voice,request_statement,0.759,2,2,62,1011,0,0,none,515,1
B-01122,2023-11-20 09:09:51.347616,B,llm_agent,mobile_app,loan_inquiry,0.865,1,1,79,1011,0,0,none,447,1
B-01123,2023-09-21 12:33:01.753075,B,llm_agent,chat,make_payment,0.866,1,1,79,345,0,1,unresolved,193,1
B-01124,2023-11-08 17:59:43.876095,B,llm_agent,voice,freeze_card,0.736,1,4,50,444,0,0,none,513,1
B-01125,2023-07-20 14:34:08.911617,B,llm_agent,voice,check_balance,0.922,2,1,88,1069,0,0,none,672,1
B-01126,2023-07-06 19:55:14.354433,B,llm_agent,chat,transfer_funds,0.766,2,1,49,788,0,0,none,701,1
B-01127,2023-08-10 01:39:34.081077,B,llm_agent,chat,check_balance,0.918,2,1,105,504,0,0,none,684,0
B-01128,2023-12-27 11:51:43.133465,B,llm_agent,chat,dispute_charge,0.917,1,4,53,688,0,1,customer_request,180,0
B-01129,2023-08-02 02:30:09.431031,B,llm_agent,chat,check_balance,0.81,2,2,118,433,0,0,none,181,1
B-01130,2023-12-16 07:20:54.332601,B,llm_agent,voice,request_statement,0.94,1,2,17,826,0,0,none,73,1
B-01131,2023-08-24 08:50:30.255998,B,llm_agent,chat,make_payment,0.805,2,4,111,948,0,0,none,656,1
B-01132,2023-09-28 23:15:56.904282,B,llm_agent,chat,update_address,0.77,1,4,92,778,0,0,none,364,1
B-01133,2023-11-06 20:52:02.921066,B,llm_agent,voice,unknown,0.698,3,3,79,1784,1,0,none,427,1
B-01134,2023-08-01 02:10:48.833968,B,llm_agent,mobile_app,transfer_funds,0.577,1,3,55,735,0,0,none,320,1
B-01135,2023-08-06 12:54:04.908136,B,llm_agent,voice,loan_inquiry,0.769,2,4,64,1158,0,0,none,490,1
B-01136,2023-08-16 07:31:17.450230,B,llm_agent,voice,dispute_charge,0.774,1,3,88,306,0,0,none,73,1
B-01137,2023-09-26 07:16:30.940395,B,llm_agent,voice,check_balance,0.879,1,3,100,691,0,0,none,255,1
B-01138,2023-09-02 07:52:44.020675,B,llm_agent,voice,freeze_card,0.981,1,1,12,795,0,0,none,355,1
B-01139,2023-07-16 17:29:22.062186,B,llm_agent,chat,request_statement,0.872,2,4,90,570,0,0,none,134,1
B-01140,2023-08-18 21:46:12.405830,B,llm_agent,mobile_app,investment_advice,0.77,3,3,187,1518,0,0,none,403,1
B-01141,2023-11-29 10:08:27.254296,B,llm_agent,voice,loan_inquiry,0.855,1,2,69,552,0,0,none,508,1
B-01142,2023-10-03 12:41:49.033494,B,llm_agent,chat,transfer_funds,0.653,1,1,51,696,0,0,none,110,1
B-01143,2023-12-21 09:05:29.360941,B,llm_agent,chat,dispute_charge,0.865,1,2,106,211,0,0,none,601,1
B-01144,2023-08-20 18:14:54.150179,B,llm_agent,chat,make_payment,0.877,1,3,25,847,0,0,none,509,1
B-01145,2023-08-17 22:48:13.851915,B,llm_agent,mobile_app,freeze_card,0.436,2,4,101,447,0,0,none,80,1
B-01146,2023-09-16 21:38:58.599917,B,llm_agent,chat,transfer_funds,0.768,2,1,19,444,0,0,none,268,1
B-01147,2023-07-15 12:47:16.235348,B,llm_agent,mobile_app,dispute_charge,0.71,1,4,94,926,0,1,timeout,545,1
B-01148,2023-08-27 21:00:34.109627,B,llm_agent,chat,freeze_card,0.831,1,2,20,578,0,0,none,419,1
B-01149,2023-09-04 23:10:37.482847,B,llm_agent,voice,freeze_card,0.662,1,3,40,1093,0,0,none,45,1
B-01150,2023-10-22 18:16:13.084339,B,llm_agent,voice,check_balance,0.729,1,2,113,392,0,0,none,469,1
B-01151,2023-07-26 23:34:37.917371,B,llm_agent,voice,make_payment,0.686,1,3,22,371,0,1,unresolved,232,1
B-01152,2023-12-10 14:58:28.632141,B,llm_agent,chat,loan_inquiry,0.699,2,2,35,483,0,0,none,277,1
B-01153,2023-12-08 08:22:10.342175,B,llm_agent,voice,loan_inquiry,0.776,2,1,53,519,0,0,none,65,1
B-01154,2023-10-05 22:42:25.665644,B,llm_agent,voice,check_balance,0.56,2,3,68,287,0,0,none,537,1
B-01155,2023-09-16 00:21:05.782612,B,llm_agent,voice,check_balance,0.815,2,4,78,1184,0,0,none,224,1
B-01156,2023-11-05 20:00:03.081740,B,llm_agent,voice,check_balance,0.691,1,3,23,313,0,0,none,482,1
B-01157,2023-08-07 07:31:56.161683,B,llm_agent,voice,update_address,0.883,2,4,107,814,0,0,none,328,1
B-01158,2023-10-12 05:02:00.694123,B,llm_agent,mobile_app,make_payment,0.938,1,1,99,1186,0,0,none,69,1
B-01159,2023-08-22 13:04:37.594815,B,llm_agent,mobile_app,make_payment,0.872,2,3,44,346,0,0,none,105,1
B-01160,2023-12-16 21:04:41.406820,B,llm_agent,chat,make_payment,0.846,1,1,108,1128,0,0,none,122,1
B-01161,2023-09-26 22:10:01.514357,B,llm_agent,voice,transfer_funds,0.741,1,4,72,724,0,0,none,51,1
B-01162,2023-10-01 14:33:49.328359,B,llm_agent,mobile_app,loan_inquiry,0.9,2,2,59,370,0,1,low_confidence,60,0
B-01163,2023-11-17 13:04:40.637263,B,llm_agent,voice,loan_inquiry,0.881,1,4,92,781,0,0,none,47,1
B-01164,2023-11-21 12:42:37.681217,B,llm_agent,voice,freeze_card,0.639,2,2,117,295,0,0,none,630,1
B-01165,2023-08-13 01:28:02.451743,B,llm_agent,voice,make_payment,0.715,2,1,113,761,0,0,none,669,1
B-01166,2023-10-20 13:31:51.186525,B,llm_agent,voice,update_address,0.783,1,4,21,466,0,0,none,270,1
B-01167,2023-12-06 11:13:29.502316,B,llm_agent,voice,update_address,0.963,1,2,7,730,0,0,none,87,1
B-01168,2023-09-14 14:21:56.482905,B,llm_agent,voice,transaction_dispute,0.749,2,7,55,2911,0,0,none,396,0
B-01169,2023-07-21 08:00:27.057720,B,llm_agent,voice,make_payment,0.838,2,4,35,397,0,0,none,520,1
B-01170,2023-12-06 22:23:13.867343,B,llm_agent,mobile_app,update_address,0.897,2,2,68,556,0,0,none,394,1
B-01171,2023-12-11 22:39:29.739948,B,llm_agent,mobile_app,transfer_funds,0.922,2,2,105,1110,0,1,unresolved,312,1
B-01172,2023-07-29 00:18:26.722692,B,llm_agent,mobile_app,investment_advice,0.208,3,7,45,1938,0,0,none,356,0
B-01173,2023-08-09 07:48:59.293843,B,llm_agent,chat,check_balance,0.98,2,2,57,549,0,0,none,98,1
B-01174,2023-08-13 18:20:00.529918,B,llm_agent,chat,check_balance,0.617,2,1,56,1006,0,1,low_confidence,305,1
B-01175,2023-11-30 19:11:48.736626,B,llm_agent,chat,dispute_charge,0.788,1,4,79,362,0,0,none,105,1
B-01176,2023-12-22 21:46:07.544753,B,llm_agent,mobile_app,freeze_card,0.862,1,4,89,949,0,0,none,268,1
B-01177,2023-09-11 06:30:05.094246,B,llm_agent,voice,fund_movement,0.425,3,7,107,1302,0,0,none,111,1
B-01178,2023-12-18 23:39:21.241839,B,llm_agent,chat,transfer_funds,0.901,2,2,103,480,0,0,none,208,1
B-01179,2023-07-04 18:39:42.387714,B,llm_agent,voice,update_address,0.875,1,1,75,1038,0,0,none,169,1
B-01180,2023-09-11 13:22:58.381386,B,llm_agent,voice,freeze_card,0.874,2,4,54,978,0,0,none,193,1
B-01181,2023-07-22 05:56:16.980135,B,llm_agent,chat,dispute_charge,0.861,1,4,77,999,0,0,none,135,1
B-01182,2023-12-28 08:05:46.013062,B,llm_agent,mobile_app,transaction_dispute,0.488,2,3,78,2583,0,0,none,475,1
B-01183,2023-08-05 22:44:07.160732,B,llm_agent,mobile_app,check_balance,0.708,2,3,65,483,0,0,none,221,1
B-01184,2023-12-18 23:17:03.129253,B,llm_agent,voice,account_balance_check,0.373,4,6,117,2073,0,0,none,514,1
B-01185,2023-11-20 02:44:37.925873,B,llm_agent,voice,request_statement,0.279,2,4,54,583,0,0,none,380,1
B-01186,2023-12-11 00:17:23.668148,B,llm_agent,mobile_app,make_payment,0.673,1,4,41,1081,0,0,none,198,0
B-01187,2023-10-01 23:38:06.899673,B,llm_agent,chat,freeze_card,0.969,1,4,111,914,0,1,unresolved,167,1
B-01188,2023-10-02 16:03:01.931531,B,llm_agent,voice,freeze_card,0.828,2,1,19,617,0,0,none,124,1
B-01189,2023-07-28 00:04:03.942110,B,llm_agent,voice,make_payment,0.797,2,3,118,561,0,1,unresolved,628,1
B-01190,2023-07-23 20:10:12.850967,B,llm_agent,chat,freeze_card,0.877,2,3,32,1074,0,0,none,562,1
B-01191,2023-10-29 22:27:14.445617,B,llm_agent,chat,update_address,0.731,1,4,113,1037,0,0,none,426,1
B-01192,2023-08-20 05:46:36.858735,B,llm_agent,mobile_app,make_payment,0.72,1,2,69,369,0,0,none,80,1
B-01193,2023-09-25 21:04:17.863928,B,llm_agent,voice,dispute_charge,0.839,1,4,34,1005,0,0,none,423,1
B-01194,2023-07-23 10:40:39.898548,B,llm_agent,voice,transfer_funds,0.796,2,1,101,832,0,0,none,410,1
B-01195,2023-10-16 20:41:36.373221,B,llm_agent,voice,make_payment,0.541,1,2,21,485,0,0,none,692,1
B-01196,2023-07-15 05:40:30.399971,B,llm_agent,voice,check_balance,0.919,2,2,72,348,0,0,none,365,1
B-01197,2023-08-01 21:03:38.421382,B,llm_agent,voice,loan_inquiry,0.864,2,1,58,201,0,0,none,101,1
B-01198,2023-07-27 21:24:55.178222,B,llm_agent,voice,update_address,0.963,2,3,68,456,0,0,none,510,1
B-01199,2023-07-26 04:27:13.498201,B,llm_agent,voice,loan_inquiry,0.631,1,4,28,1186,0,0,none,344,1
B-01200,2023-10-23 09:55:29.808634,B,llm_agent,voice,check_balance,0.956,1,1,54,483,0,0,none,579,1
B-01201,2023-07-07 16:29:05.537940,B,llm_agent,voice,check_balance,0.843,1,4,63,1081,0,0,none,711,1
B-01202,2023-11-01 05:07:27.013333,B,llm_agent,mobile_app,freeze_card,0.466,1,3,66,628,0,0,none,666,0
B-01203,2023-11-01 07:21:20.707995,B,llm_agent,chat,credit_inquiry,0.547,3,5,91,947,0,0,none,436,1
B-01204,2023-08-06 11:54:29.272298,B,llm_agent,voice,update_address,0.612,2,4,86,412,0,0,none,218,1
B-01205,2023-09-25 13:38:53.048364,B,llm_agent,voice,update_address,0.925,2,3,52,963,0,0,none,411,1
B-01206,2023-08-02 05:12:59.071335,B,llm_agent,voice,transfer_funds,0.928,1,1,87,1064,0,0,none,56,1
B-01207,2023-08-24 13:27:53.019991,B,llm_agent,chat,update_address,0.596,2,4,98,285,0,0,none,480,1
B-01208,2023-11-20 09:02:50.531217,B,llm_agent,voice,check_balance,0.623,2,1,67,920,0,0,none,422,1
B-01209,2023-10-01 16:32:43.705621,B,llm_agent,voice,check_balance,0.693,2,1,76,903,0,0,none,619,1
B-01210,2023-12-24 12:58:15.290831,B,llm_agent,voice,profile_update,0.302,4,7,131,1881,0,1,low_confidence,294,1
B-01211,2023-12-19 16:35:57.789436,B,llm_agent,mobile_app,freeze_card,0.887,1,3,111,998,0,0,none,549,1
B-01212,2023-08-09 15:54:08.181517,B,llm_agent,voice,freeze_card,0.871,2,1,22,1154,0,0,none,336,1
B-01213,2023-11-26 18:59:14.967214,B,llm_agent,voice,dispute_charge,0.967,2,1,48,549,0,0,none,419,0
B-01214,2023-09-01 14:40:02.911329,B,llm_agent,chat,dispute_charge,0.565,2,3,71,963,0,0,none,610,1
B-01215,2023-09-09 04:04:32.250557,B,llm_agent,mobile_app,transfer_funds,0.778,2,1,55,740,0,0,none,262,1
B-01216,2023-10-17 23:42:40.517078,B,llm_agent,chat,dispute_charge,0.905,2,2,18,247,0,0,none,279,1
B-01217,2023-10-01 06:43:15.887300,B,llm_agent,voice,check_balance,0.939,1,1,115,770,0,0,none,334,1
B-01218,2023-12-19 04:19:54.388892,B,llm_agent,chat,dispute_charge,0.885,1,1,57,836,0,0,none,402,1
B-01219,2023-12-13 17:33:35.626900,B,llm_agent,voice,transfer_funds,0.79,2,4,83,466,0,0,none,65,0
B-01220,2023-09-20 22:48:36.731667,B,llm_agent,voice,check_balance,0.959,2,3,71,1041,0,0,none,123,1
B-01221,2023-11-29 07:08:32.667040,B,llm_agent,voice,loan_inquiry,0.809,2,4,39,900,0,0,none,396,1
B-01222,2023-12-15 05:48:01.618483,B,llm_agent,voice,check_balance,0.696,1,2,75,453,0,0,none,576,1
B-01223,2023-11-10 11:00:14.023655,B,llm_agent,voice,make_payment,0.791,2,4,7,760,0,0,none,73,1
B-01224,2023-11-05 17:16:00.993453,B,llm_agent,voice,update_address,0.688,1,2,118,1014,0,0,none,368,1
B-01225,2023-10-12 05:58:26.549695,B,llm_agent,chat,check_balance,0.69,2,3,39,1035,0,0,none,598,1
B-01226,2023-11-04 16:24:26.161764,B,llm_agent,voice,freeze_card,0.871,2,3,48,650,0,0,none,254,1
B-01227,2023-07-28 03:08:38.339492,B,llm_agent,voice,update_address,0.468,2,2,36,973,0,0,none,695,1
B-01228,2023-08-07 17:07:47.899359,B,llm_agent,voice,dispute_charge,0.807,1,1,102,730,0,0,none,331,1
B-01229,2023-09-06 07:01:50.222692,B,llm_agent,chat,check_balance,0.906,2,4,7,463,0,0,none,507,0
B-01230,2023-12-20 15:24:57.444056,B,llm_agent,chat,request_statement,0.805,1,1,97,378,0,1,low_confidence,195,1
B-01231,2023-08-24 15:51:25.297875,B,llm_agent,chat,make_payment,0.723,2,3,95,963,0,0,none,645,1
B-01232,2023-07-24 13:11:24.875886,B,llm_agent,voice,update_address,0.692,1,1,109,889,0,0,none,418,1
B-01233,2023-09-23 17:06:56.071073,B,llm_agent,chat,check_balance,0.823,2,3,29,1018,0,0,none,351,1
B-01234,2023-09-01 02:07:54.068897,B,llm_agent,voice,dispute_charge,0.859,1,1,102,807,0,0,none,185,1
B-01235,2023-12-29 06:13:38.769995,B,llm_agent,voice,request_statement,0.684,1,3,73,432,0,0,none,567,1
B-01236,2023-09-09 20:11:29.852175,B,llm_agent,voice,check_balance,0.767,2,3,75,412,0,0,none,277,0
B-01237,2023-10-12 01:11:54.685960,B,llm_agent,chat,update_address,0.817,2,2,90,979,0,0,none,684,0
B-01238,2023-12-24 16:25:59.355504,B,llm_agent,chat,account_balance_check,0.254,3,4,162,1808,0,1,low_confidence,89,1
B-01239,2023-12-11 01:26:45.372040,B,llm_agent,chat,request_statement,0.961,2,3,79,836,0,0,none,716,0
B-01240,2023-12-13 04:35:17.776227,B,llm_agent,chat,transfer_funds,0.604,2,2,24,379,0,0,none,237,0
B-01241,2023-11-22 23:12:47.244012,B,llm_agent,voice,check_balance,0.976,1,4,26,415,0,0,none,36,1
B-01242,2023-09-05 07:25:49.937199,B,llm_agent,voice,check_balance,0.968,1,2,85,1009,0,0,none,293,0
B-01243,2023-11-19 14:58:57.278699,B,llm_agent,voice,update_address,0.727,2,1,44,406,0,0,none,258,1
B-01244,2023-10-18 12:48:55.023513,B,llm_agent,mobile_app,check_balance,0.775,1,2,118,569,0,0,none,566,1
B-01245,2023-09-05 10:13:39.778362,B,llm_agent,chat,request_statement,0.966,1,3,31,339,0,0,none,703,1
B-01246,2023-10-06 04:34:44.396678,B,llm_agent,voice,freeze_card,0.684,2,4,71,220,0,0,none,477,1
B-01247,2023-12-06 05:04:05.290340,B,llm_agent,chat,investment_advice,0.457,3,6,100,2779,0,0,none,452,1
B-01248,2023-07-13 00:08:04.195570,B,llm_agent,voice,transfer_funds,0.995,2,2,57,361,0,0,none,111,1
B-01249,2023-12-12 11:07:10.138181,B,llm_agent,chat,request_statement,0.4,2,3,108,588,0,1,low_confidence,198,1
B-01250,2023-11-07 22:49:28.943466,B,llm_agent,mobile_app,payment_processing,0.637,3,3,171,1571,0,0,none,445,0
B-01251,2023-08-29 19:40:57.995796,B,llm_agent,chat,make_payment,0.561,1,1,103,384,0,0,none,496,0
B-01252,2023-09-12 15:35:05.867723,B,llm_agent,mobile_app,request_statement,0.716,2,2,48,1033,0,0,none,335,1
B-01253,2023-09-18 01:46:37.170230,B,llm_agent,voice,update_address,0.856,2,4,33,1190,0,0,none,603,0
B-01254,2023-09-18 06:09:50.156873,B,llm_agent,chat,freeze_card,0.786,2,4,92,390,0,0,none,316,0
B-01255,2023-07-04 18:30:44.753086,B,llm_agent,voice,freeze_card,0.967,2,2,70,738,0,0,none,631,1
B-01256,2023-08-03 02:57:51.975060,B,llm_agent,chat,request_statement,0.903,2,4,10,803,0,0,none,101,1
B-01257,2023-09-18 18:06:29.100160,B,llm_agent,voice,update_address,0.769,2,4,46,1035,0,0,none,626,1
B-01258,2023-07-17 14:42:15.223024,B,llm_agent,chat,transfer_funds,0.966,1,4,19,343,0,0,none,433,0
B-01259,2023-07-26 16:34:10.621498,B,llm_agent,voice,card_management,0.39,3,4,137,979,0,1,customer_request,689,1
B-01260,2023-12-17 22:17:39.036352,B,llm_agent,chat,update_address,0.868,2,2,82,886,0,0,none,150,1
B-01261,2023-10-12 14:09:19.913001,B,llm_agent,voice,transfer_funds,0.749,1,3,12,1110,0,0,none,110,0
B-01262,2023-12-13 11:15:07.564146,B,llm_agent,chat,check_balance,0.828,1,2,52,434,0,0,none,222,1
B-01263,2023-10-27 21:14:04.438953,B,llm_agent,voice,check_balance,0.917,1,3,100,396,0,0,none,424,0
B-01264,2023-09-04 03:35:42.408198,B,llm_agent,voice,transfer_funds,0.881,1,1,48,414,0,0,none,595,1
B-01265,2023-11-26 11:17:53.432943,B,llm_agent,chat,freeze_card,0.803,1,3,76,448,0,0,none,574,0
B-01266,2023-10-14 18:30:53.330726,B,llm_agent,voice,check_balance,0.806,1,2,18,550,0,0,none,69,0
B-01267,2023-10-05 07:36:56.408572,B,llm_agent,voice,check_balance,0.832,2,4,119,908,0,1,low_confidence,340,1
B-01268,2023-07-17 19:30:05.855393,B,llm_agent,voice,make_payment,0.672,1,4,5,433,0,0,none,567,1
B-01269,2023-08-07 14:08:59.934447,B,llm_agent,voice,check_balance,0.866,2,2,51,840,0,0,none,549,0
B-01270,2023-07-08 10:02:56.876309,B,llm_agent,voice,transfer_funds,0.838,1,4,88,476,0,0,none,298,1
B-01271,2023-07-16 15:21:09.411722,B,llm_agent,voice,freeze_card,0.782,1,4,85,483,0,0,none,309,1
B-01272,2023-12-11 01:34:47.876485,B,llm_agent,mobile_app,freeze_card,0.896,2,3,38,394,0,1,customer_request,226,1
B-01273,2023-11-22 18:51:09.543987,B,llm_agent,voice,check_balance,0.828,1,2,102,846,0,0,none,221,1
B-01274,2023-08-10 13:51:59.730109,B,llm_agent,chat,freeze_card,0.666,1,3,112,645,0,0,none,378,0
B-01275,2023-08-14 07:17:22.935797,B,llm_agent,voice,freeze_card,0.834,2,3,93,1162,0,0,none,348,1
B-01276,2023-09-28 17:04:02.707384,B,llm_agent,voice,fund_movement,0.228,3,6,143,2317,0,1,unresolved,213,1
B-01277,2023-08-30 10:57:28.819146,B,llm_agent,chat,transfer_funds,0.846,1,2,102,1161,0,1,low_confidence,62,1
B-01278,2023-10-10 12:44:51.102015,B,llm_agent,chat,check_balance,0.881,2,3,14,1143,0,0,none,611,1
B-01279,2023-08-09 16:18:14.546786,B,llm_agent,voice,check_balance,0.822,1,3,70,859,0,0,none,587,0
B-01280,2023-09-13 13:17:34.442019,B,llm_agent,voice,transfer_funds,0.822,2,4,24,206,0,0,none,60,1
B-01281,2023-12-15 15:20:06.498871,B,llm_agent,chat,dispute_charge,0.925,2,4,79,1161,0,1,low_confidence,439,1
B-01282,2023-09-23 01:27:57.837630,B,llm_agent,chat,make_payment,0.842,1,1,29,991,0,0,none,492,1
B-01283,2023-12-08 04:20:17.201849,B,llm_agent,chat,fund_movement,0.506,2,3,79,1505,0,0,none,415,1
B-01284,2023-10-06 06:09:49.613004,B,llm_agent,mobile_app,freeze_card,0.867,1,3,103,465,0,1,timeout,585,0
B-01285,2023-09-17 02:46:50.957812,B,llm_agent,voice,unknown,0.097,3,6,170,2376,1,0,none,466,1
B-01286,2023-10-02 09:52:16.283134,B,llm_agent,chat,update_address,0.7,2,2,25,204,0,0,none,178,0
B-01287,2023-11-13 14:37:57.731008,B,llm_agent,mobile_app,loan_inquiry,0.845,1,1,87,354,0,0,none,283,1
B-01288,2023-12-30 17:19:31.863256,B,llm_agent,voice,check_balance,0.735,2,1,22,615,0,0,none,561,1
B-01289,2023-07-06 09:50:55.678451,B,llm_agent,chat,update_address,0.852,2,1,17,1092,0,0,none,714,0
B-01290,2023-10-03 14:25:30.182287,B,llm_agent,chat,make_payment,0.703,1,4,65,273,0,0,none,341,1
B-01291,2023-10-31 23:38:48.831185,B,llm_agent,voice,freeze_card,0.841,1,3,8,382,0,0,none,303,1
B-01292,2023-09-13 01:22:00.731067,B,llm_agent,voice,transfer_funds,0.891,2,2,27,787,0,0,none,712,1
B-01293,2023-10-13 14:30:34.884397,B,llm_agent,mobile_app,update_address,0.871,2,4,58,456,0,0,none,191,1
B-01294,2023-07-10 19:13:37.937843,B,llm_agent,voice,make_payment,0.836,1,2,7,702,0,1,unresolved,290,0
B-01295,2023-08-21 07:31:59.416221,B,llm_agent,voice,freeze_card,0.852,1,2,44,232,0,0,none,600,1
B-01296,2023-09-08 00:39:51.456041,B,llm_agent,mobile_app,freeze_card,0.507,1,2,108,978,0,1,low_confidence,252,0
B-01297,2023-09-13 08:16:11.595585,B,llm_agent,voice,make_payment,0.853,1,4,65,614,0,0,none,481,1
B-01298,2023-11-02 17:32:59.913015,B,llm_agent,voice,make_payment,0.954,2,1,78,1196,0,0,none,646,1
B-01299,2023-12-13 03:12:28.130650,B,llm_agent,voice,insurance_claim,0.506,3,4,83,1288,0,0,none,715,1
B-01300,2023-07-12 04:13:26.734054,B,llm_agent,mobile_app,dispute_charge,0.805,2,2,107,1152,0,0,none,485,1
B-01301,2023-09-21 05:06:18.584712,B,llm_agent,voice,card_management,0.388,3,3,180,2171,0,0,none,103,1
B-01302,2023-09-11 19:07:14.217628,B,llm_agent,mobile_app,dispute_charge,0.848,1,3,97,1045,0,0,none,562,1
B-01303,2023-12-24 13:19:03.412646,B,llm_agent,mobile_app,check_balance,0.627,2,2,35,915,0,0,none,655,1
B-01304,2023-11-07 04:40:26.981457,B,llm_agent,voice,update_address,0.75,1,3,104,478,0,0,none,316,1
B-01305,2023-12-22 17:51:09.727430,B,llm_agent,chat,check_balance,0.925,2,4,62,530,0,0,none,550,1
B-01306,2023-10-01 02:19:09.669881,B,llm_agent,voice,freeze_card,0.435,1,2,13,1050,0,0,none,369,1
B-01307,2023-10-23 20:58:44.737236,B,llm_agent,chat,check_balance,0.841,2,2,56,903,0,1,unresolved,710,1
B-01308,2023-12-04 08:35:58.745201,B,llm_agent,voice,dispute_charge,0.914,1,4,86,842,0,0,none,707,1
B-01309,2023-07-07 16:56:01.883852,B,llm_agent,voice,check_balance,0.921,1,3,109,610,0,1,low_confidence,448,1
B-01310,2023-12-17 07:55:12.961806,B,llm_agent,voice,request_statement,0.891,2,3,93,458,0,1,unresolved,402,1
B-01311,2023-09-26 03:26:57.937943,B,llm_agent,voice,freeze_card,0.76,1,3,11,1194,0,1,low_confidence,526,1
B-01312,2023-12-23 22:23:58.041500,B,llm_agent,voice,make_payment,0.876,2,1,77,443,0,0,none,545,1
B-01313,2023-07-02 17:05:00.339090,B,llm_agent,chat,make_payment,0.956,1,1,20,487,0,0,none,153,1
B-01314,2023-07-18 04:44:32.793827,B,llm_agent,voice,check_balance,0.891,1,4,106,476,0,0,none,705,1
B-01315,2023-07-14 16:44:31.169688,B,llm_agent,voice,transfer_funds,0.811,1,4,20,1183,0,0,none,479,1
B-01316,2023-07-11 05:56:51.515160,B,llm_agent,chat,make_payment,0.815,1,1,89,1091,0,0,none,531,1
B-01317,2023-07-25 11:15:57.757612,B,llm_agent,chat,update_address,0.955,1,4,39,1002,0,0,none,124,0
B-01318,2023-08-30 23:21:15.266763,B,llm_agent,mobile_app,request_statement,0.756,2,2,83,1081,0,0,none,523,1
B-01319,2023-07-25 12:59:36.372051,B,llm_agent,voice,transfer_funds,0.633,1,2,88,268,0,0,none,174,0
B-01320,2023-07-27 13:24:54.695284,B,llm_agent,chat,freeze_card,0.766,1,3,116,929,0,0,none,109,1
B-01321,2023-09-21 08:23:30.240150,B,llm_agent,voice,dispute_charge,0.947,1,4,39,966,0,0,none,600,0
B-01322,2023-10-23 16:13:59.299055,B,llm_agent,chat,unknown,0.472,2,6,174,1463,1,0,none,176,1
B-01323,2023-07-09 05:26:02.902235,B,llm_agent,mobile_app,account_balance_check,0.302,4,5,182,1396,0,0,none,228,1
B-01324,2023-10-14 03:07:21.718364,B,llm_agent,voice,make_payment,0.679,1,2,57,724,0,0,none,569,0
B-01325,2023-10-15 11:46:31.501470,B,llm_agent,voice,check_balance,0.753,2,3,118,549,0,0,none,304,0
B-01326,2023-08-28 17:24:24.838231,B,llm_agent,voice,make_payment,0.777,2,4,66,1171,0,0,none,708,1
B-01327,2023-08-04 11:56:04.414878,B,llm_agent,voice,transaction_dispute,0.599,4,4,95,1177,0,0,none,388,1
B-01328,2023-10-24 18:05:11.429441,B,llm_agent,voice,freeze_card,0.433,1,3,43,919,0,0,none,329,1
B-01329,2023-11-20 23:29:25.104034,B,llm_agent,chat,update_address,0.854,2,3,20,578,0,0,none,494,1
B-01330,2023-08-21 23:37:47.420906,B,llm_agent,chat,card_management,0.156,2,4,179,1035,0,0,none,555,1
B-01331,2023-10-02 07:14:16.741282,B,llm_agent,voice,check_balance,0.905,1,4,16,213,0,0,none,428,1
B-01332,2023-07-19 02:20:46.007908,B,llm_agent,voice,credit_inquiry,0.751,3,3,47,1404,0,0,none,37,1
B-01333,2023-11-21 01:57:18.959675,B,llm_agent,voice,request_statement,0.923,2,4,46,398,0,0,none,160,1
B-01334,2023-10-30 06:37:06.311730,B,llm_agent,voice,transaction_dispute,0.499,4,5,130,1222,0,0,none,115,1
B-01335,2023-09-17 09:23:45.209463,B,llm_agent,mobile_app,request_statement,0.65,1,3,100,341,0,0,none,412,1
B-01336,2023-10-19 18:15:31.098104,B,llm_agent,chat,loan_inquiry,0.891,2,3,14,936,0,0,none,84,1
B-01337,2023-12-22 18:40:39.408326,B,llm_agent,voice,transfer_funds,0.699,2,1,110,563,0,1,low_confidence,621,1
B-01338,2023-10-11 19:56:12.051817,B,llm_agent,mobile_app,make_payment,0.919,2,1,38,300,0,0,none,103,0
B-01339,2023-09-17 04:08:19.135727,B,llm_agent,chat,transfer_funds,0.953,1,3,46,990,0,0,none,447,1
B-01340,2023-09-21 20:19:37.499371,B,llm_agent,voice,dispute_charge,0.881,2,1,51,287,0,1,unresolved,69,0
B-01341,2023-08-03 06:57:17.139124,B,llm_agent,chat,freeze_card,0.893,2,1,15,747,0,0,none,631,0
B-01342,2023-12-14 12:38:09.898066,B,llm_agent,voice,dispute_charge,0.87,2,3,54,960,0,0,none,47,1
B-01343,2023-10-09 19:40:21.528403,B,llm_agent,mobile_app,dispute_charge,0.637,1,4,91,269,0,0,none,505,1
B-01344,2023-09-11 06:47:11.754501,B,llm_agent,voice,unknown,0.434,3,7,92,2698,1,1,unresolved,492,1
B-01345,2023-12-19 08:09:17.065278,B,llm_agent,mobile_app,check_balance,0.851,2,4,16,718,0,0,none,385,0
B-01346,2023-10-09 19:55:49.376940,B,llm_agent,voice,request_statement,0.882,1,1,22,1072,0,0,none,333,1
B-01347,2023-07-27 18:08:50.349465,B,llm_agent,chat,loan_inquiry,0.887,1,2,110,1033,0,1,unresolved,666,1
B-01348,2023-11-04 21:20:52.962989,B,llm_agent,voice,check_balance,0.94,2,2,36,556,0,0,none,404,1
B-01349,2023-12-24 23:11:06.443119,B,llm_agent,voice,loan_inquiry,0.761,1,2,65,341,0,1,timeout,135,1
B-01350,2023-11-29 07:25:26.985960,B,llm_agent,chat,loan_inquiry,0.957,2,2,20,916,0,0,none,265,0
B-01351,2023-09-08 14:44:08.871293,B,llm_agent,voice,loan_inquiry,0.967,1,3,9,859,0,0,none,431,0
B-01352,2023-11-25 23:40:12.464826,B,llm_agent,voice,update_address,0.83,2,1,14,399,0,0,none,306,1
B-01353,2023-09-27 01:42:58.015243,B,llm_agent,mobile_app,transfer_funds,0.829,2,3,62,969,0,0,none,284,1
B-01354,2023-09-13 01:18:37.633737,B,llm_agent,voice,account_balance_check,0.347,3,7,41,1567,0,0,none,140,1
B-01355,2023-10-10 15:59:04.942643,B,llm_agent,voice,unknown,0.171,3,4,51,2488,1,1,low_confidence,190,1
B-01356,2023-07-15 01:16:06.187383,B,llm_agent,voice,freeze_card,0.964,1,4,69,515,0,0,none,473,1
B-01357,2023-08-18 08:34:26.577433,B,llm_agent,mobile_app,make_payment,0.738,1,3,71,810,0,0,none,613,0
B-01358,2023-10-15 00:02:48.594821,B,llm_agent,voice,check_balance,0.69,2,3,79,495,0,0,none,122,1
B-01359,2023-07-22 11:04:56.115240,B,llm_agent,voice,freeze_card,0.657,2,2,90,324,0,0,none,185,1
B-01360,2023-09-14 01:48:32.126441,B,llm_agent,voice,make_payment,0.675,1,4,107,280,0,0,none,638,1
B-01361,2023-11-29 10:24:47.571965,B,llm_agent,voice,transaction_dispute,0.456,2,3,98,2466,0,1,unresolved,283,0
B-01362,2023-12-11 13:45:05.626652,B,llm_agent,voice,dispute_charge,0.817,2,1,6,537,0,1,customer_request,224,1
B-01363,2023-08-03 09:58:21.419658,B,llm_agent,voice,unknown,0.678,3,5,128,1435,1,0,none,403,0
B-01364,2023-12-20 20:47:31.108808,B,llm_agent,voice,transfer_funds,0.881,2,3,40,201,0,0,none,210,0
B-01365,2023-09-24 11:13:01.920843,B,llm_agent,voice,dispute_charge,0.749,1,2,9,372,0,0,none,636,1
B-01366,2023-07-28 19:51:58.846467,B,llm_agent,voice,loan_inquiry,0.828,2,2,31,263,0,0,none,165,1
B-01367,2023-11-15 08:27:46.776914,B,llm_agent,voice,make_payment,0.799,2,2,35,268,0,0,none,450,1
B-01368,2023-07-16 14:35:15.997258,B,llm_agent,chat,make_payment,0.819,2,4,113,515,0,0,none,104,0
B-01369,2023-11-11 21:18:57.153097,B,llm_agent,chat,loan_inquiry,0.889,2,2,66,924,0,0,none,652,1
B-01370,2023-11-05 19:23:53.601244,B,llm_agent,chat,update_address,0.849,2,1,104,273,0,0,none,203,1
B-01371,2023-10-25 15:50:37.708271,B,llm_agent,voice,dispute_charge,0.947,2,1,88,1129,0,0,none,568,1
B-01372,2023-11-29 11:50:08.809414,B,llm_agent,chat,check_balance,0.477,2,2,110,540,0,0,none,718,0
B-01373,2023-11-28 14:33:38.613660,B,llm_agent,voice,dispute_charge,0.917,1,4,9,889,0,0,none,418,0
B-01374,2023-09-19 15:55:45.246261,B,llm_agent,chat,profile_update,0.897,3,4,49,2318,0,0,none,46,1
B-01375,2023-10-03 11:10:58.966880,B,llm_agent,mobile_app,make_payment,0.812,2,3,71,1059,0,0,none,283,1
B-01376,2023-09-15 10:45:08.786527,B,llm_agent,mobile_app,dispute_charge,0.637,2,1,107,1138,0,0,none,370,1
B-01377,2023-10-21 06:25:16.359118,B,llm_agent,chat,update_address,0.909,2,1,49,556,0,0,none,94,1
B-01378,2023-10-04 15:04:16.288998,B,llm_agent,voice,loan_inquiry,0.835,2,3,51,630,0,1,unresolved,274,1
B-01379,2023-08-24 05:50:38.373314,B,llm_agent,voice,freeze_card,0.82,2,4,56,1130,0,0,none,420,1
B-01380,2023-09-16 10:12:06.884079,B,llm_agent,voice,unknown,0.52,4,4,146,2287,1,0,none,567,1
B-01381,2023-10-12 08:38:21.004715,B,llm_agent,voice,make_payment,0.374,2,3,113,843,0,0,none,166,1
B-01382,2023-11-24 10:11:25.378384,B,llm_agent,chat,dispute_charge,0.991,2,2,43,1138,0,0,none,454,1
B-01383,2023-07-25 16:28:02.737616,B,llm_agent,voice,freeze_card,0.913,1,1,99,583,0,0,none,511,0
B-01384,2023-10-11 21:33:42.121782,B,llm_agent,voice,insurance_claim,0.221,3,7,183,1222,0,1,customer_request,50,1
B-01385,2023-12-19 17:32:03.450214,B,llm_agent,chat,freeze_card,0.895,1,3,34,889,0,0,none,326,1
B-01386,2023-09-13 18:57:40.111622,B,llm_agent,chat,dispute_charge,0.851,1,1,53,283,0,0,none,85,1
B-01387,2023-07-13 12:52:52.969705,B,llm_agent,voice,update_address,0.903,2,3,38,247,0,0,none,602,1
B-01388,2023-12-03 11:23:26.147336,B,llm_agent,chat,check_balance,0.848,1,1,101,978,0,1,unresolved,484,1
B-01389,2023-08-08 20:08:10.224663,B,llm_agent,voice,freeze_card,0.912,1,3,28,590,0,0,none,423,1
B-01390,2023-11-05 15:09:34.579328,B,llm_agent,chat,make_payment,0.783,1,1,7,257,0,0,none,506,0
B-01391,2023-09-23 12:02:39.070585,B,llm_agent,chat,make_payment,0.69,2,4,11,586,0,0,none,675,0
B-01392,2023-12-20 04:04:52.535872,B,llm_agent,chat,dispute_charge,0.68,1,1,18,1077,0,0,none,469,1
B-01393,2023-11-19 14:44:18.753644,B,llm_agent,mobile_app,request_statement,0.874,1,1,9,243,0,0,none,214,1
B-01394,2023-11-24 18:15:00.169837,B,llm_agent,voice,freeze_card,0.822,2,1,89,1175,0,0,none,482,1
B-01395,2023-10-18 23:21:15.189633,B,llm_agent,voice,request_statement,0.875,2,3,16,697,0,0,none,581,1
B-01396,2023-07-26 12:19:06.486067,B,llm_agent,chat,transfer_funds,0.887,2,2,38,205,0,0,none,606,1
B-01397,2023-08-01 00:22:02.031876,B,llm_agent,chat,request_statement,0.937,2,3,85,392,0,0,none,395,0
B-01398,2023-07-09 02:28:51.223989,B,llm_agent,voice,loan_inquiry,0.663,1,1,52,491,0,0,none,294,1
B-01399,2023-10-24 04:45:07.241063,B,llm_agent,voice,update_address,0.8,1,2,13,517,0,0,none,338,1
B-01400,2023-11-04 07:44:02.659697,B,llm_agent,voice,make_payment,0.924,2,4,76,1134,0,0,none,249,1
B-01401,2023-08-07 16:24:43.551487,B,llm_agent,voice,payment_processing,0.563,3,7,152,1753,0,0,none,175,1
B-01402,2023-12-05 04:52:50.235469,B,llm_agent,voice,check_balance,0.575,1,1,97,540,0,0,none,596,1
B-01403,2023-09-03 16:32:26.521860,B,llm_agent,voice,check_balance,0.943,1,2,5,471,0,1,low_confidence,686,1
B-01404,2023-08-10 02:35:59.765362,B,llm_agent,chat,transfer_funds,0.655,2,4,67,1076,0,1,timeout,260,1
B-01405,2023-11-15 09:40:09.257602,B,llm_agent,chat,check_balance,0.723,1,2,40,787,0,0,none,434,0
B-01406,2023-10-23 15:54:58.664288,B,llm_agent,chat,loan_inquiry,0.641,1,2,61,599,0,0,none,691,1
B-01407,2023-08-06 12:56:54.438324,B,llm_agent,voice,freeze_card,0.786,2,2,110,396,0,0,none,285,1
B-01408,2023-11-30 08:58:49.153347,B,llm_agent,chat,request_statement,0.719,1,2,100,1132,0,0,none,527,1
B-01409,2023-07-20 04:44:53.960288,B,llm_agent,voice,profile_update,0.393,3,4,86,1199,0,0,none,591,1
B-01410,2023-08-04 18:50:11.664802,B,llm_agent,voice,check_balance,0.717,2,3,100,672,0,0,none,514,1
B-01411,2023-11-18 10:46:29.874677,B,llm_agent,chat,check_balance,0.522,2,2,113,1079,0,0,none,377,1
B-01412,2023-10-07 22:31:36.478726,B,llm_agent,voice,update_address,0.749,2,2,52,795,0,0,none,656,1
B-01413,2023-09-18 05:24:53.502573,B,llm_agent,chat,transfer_funds,0.899,1,3,118,1069,0,0,none,266,1
B-01414,2023-07-28 19:33:34.217699,B,llm_agent,voice,check_balance,0.827,1,3,116,488,0,0,none,558,1
B-01415,2023-07-17 09:17:07.806168,B,llm_agent,mobile_app,check_balance,0.685,1,1,100,290,0,0,none,202,0
B-01416,2023-09-18 14:23:38.250675,B,llm_agent,voice,loan_inquiry,0.97,1,3,83,567,0,0,none,59,1
B-01417,2023-12-28 01:12:17.282221,B,llm_agent,voice,check_balance,0.721,2,2,26,781,0,0,none,599,0
B-01418,2023-10-22 21:16:22.843459,B,llm_agent,chat,transfer_funds,0.898,1,4,33,767,0,0,none,346,1
B-01419,2023-08-28 04:12:52.861966,B,llm_agent,chat,dispute_charge,0.887,2,1,92,991,0,0,none,494,0
B-01420,2023-12-30 20:11:17.249920,B,llm_agent,voice,loan_inquiry,0.701,2,2,29,517,0,0,none,290,0
B-01421,2023-12-30 13:58:56.020561,B,llm_agent,voice,dispute_charge,0.877,1,2,45,633,0,0,none,352,1
B-01422,2023-08-31 19:33:09.420908,B,llm_agent,chat,make_payment,0.703,2,3,41,322,0,0,none,323,1
B-01423,2023-08-09 19:24:33.086588,B,llm_agent,chat,transfer_funds,0.718,1,3,52,409,0,0,none,432,1
B-01424,2023-08-05 12:36:15.307001,B,llm_agent,chat,check_balance,0.786,1,3,69,252,0,0,none,224,0
B-01425,2023-10-16 13:45:57.143825,B,llm_agent,voice,make_payment,0.865,2,2,36,1161,0,0,none,173,1
B-01426,2023-08-27 11:45:11.299111,B,llm_agent,voice,check_balance,0.784,2,3,111,651,0,0,none,182,0
B-01427,2023-11-20 16:46:01.117360,B,llm_agent,chat,request_statement,0.807,1,3,96,684,0,1,low_confidence,452,1
B-01428,2023-09-03 20:20:00.888001,B,llm_agent,voice,request_statement,0.803,2,2,26,424,0,0,none,404,1
B-01429,2023-10-20 10:49:54.816450,B,llm_agent,voice,make_payment,0.785,1,2,20,270,0,0,none,699,1
B-01430,2023-08-15 12:57:31.861584,B,llm_agent,chat,update_address,0.755,2,1,11,872,0,0,none,542,1
B-01431,2023-09-27 00:19:22.239137,B,llm_agent,voice,freeze_card,0.818,2,4,16,627,0,0,none,205,0
B-01432,2023-10-29 10:17:16.119840,B,llm_agent,voice,make_payment,0.938,1,2,57,1169,0,0,none,157,1
B-01433,2023-12-29 06:47:33.023767,B,llm_agent,voice,check_balance,0.921,2,3,95,1103,0,1,unresolved,166,1
B-01434,2023-08-25 15:56:26.231390,B,llm_agent,voice,check_balance,0.79,1,1,47,1171,0,0,none,220,1
B-01435,2023-11-16 03:52:59.844123,B,llm_agent,mobile_app,loan_inquiry,0.722,1,3,113,330,0,0,none,549,1
B-01436,2023-10-19 19:08:11.897037,B,llm_agent,mobile_app,check_balance,0.842,1,2,63,265,0,1,unresolved,488,1
B-01437,2023-11-16 03:54:01.890755,B,llm_agent,chat,check_balance,0.787,1,3,59,636,0,0,none,224,1
B-01438,2023-10-21 02:45:29.583981,B,llm_agent,voice,request_statement,0.866,2,3,67,666,0,0,none,491,1
B-01439,2023-07-20 18:51:00.229417,B,llm_agent,chat,freeze_card,0.774,1,4,45,670,0,0,none,174,1
B-01440,2023-08-13 12:46:15.830863,B,llm_agent,mobile_app,update_address,0.781,2,1,109,737,0,0,none,89,1
B-01441,2023-11-08 10:10:27.197537,B,llm_agent,voice,check_balance,0.92,2,3,56,512,0,0,none,307,1
B-01442,2023-11-13 19:43:56.196681,B,llm_agent,voice,freeze_card,0.848,1,3,92,1058,0,0,none,83,1
B-01443,2023-10-24 04:58:37.906044,B,llm_agent,mobile_app,dispute_charge,0.786,1,1,7,1146,0,0,none,587,1
B-01444,2023-08-06 04:32:01.053300,B,llm_agent,chat,check_balance,0.642,1,2,55,1184,0,0,none,373,1
B-01445,2023-07-20 16:22:27.705298,B,llm_agent,mobile_app,freeze_card,0.926,2,4,64,482,0,0,none,458,0
B-01446,2023-11-12 17:39:23.318107,B,llm_agent,mobile_app,check_balance,0.928,2,1,33,828,0,0,none,607,1
B-01447,2023-10-25 15:26:53.530447,B,llm_agent,voice,dispute_charge,0.811,1,1,38,643,0,0,none,523,1
B-01448,2023-10-11 04:40:32.531935,B,llm_agent,chat,freeze_card,0.813,2,3,40,207,0,0,none,183,1
B-01449,2023-07-04 11:10:22.222182,B,llm_agent,voice,profile_update,0.215,2,5,103,2570,0,0,none,295,1
B-01450,2023-10-22 08:10:49.999592,B,llm_agent,voice,loan_inquiry,0.788,2,3,104,671,0,0,none,718,1
B-01451,2023-11-20 13:06:00.494862,B,llm_agent,voice,make_payment,0.879,2,3,59,805,0,0,none,366,1
B-01452,2023-09-23 23:28:46.115847,B,llm_agent,voice,transfer_funds,0.456,2,1,61,1187,0,0,none,719,0
B-01453,2023-07-10 08:00:18.127003,B,llm_agent,voice,dispute_charge,0.602,1,2,36,598,0,0,none,414,1
B-01454,2023-08-23 01:10:39.094263,B,llm_agent,chat,dispute_charge,0.838,1,3,56,533,0,0,none,446,1
B-01455,2023-08-01 20:50:06.646922,B,llm_agent,voice,check_balance,0.523,1,3,101,1022,0,0,none,440,1
B-01456,2023-10-22 04:15:34.194696,B,llm_agent,mobile_app,make_payment,0.735,2,2,28,250,0,0,none,692,1
B-01457,2023-07-23 06:59:13.131167,B,llm_agent,voice,freeze_card,0.802,1,3,70,868,0,0,none,441,1
B-01458,2023-07-08 11:51:35.515982,B,llm_agent,chat,credit_inquiry,0.777,3,3,142,939,0,0,none,301,1
B-01459,2023-11-27 17:32:06.729324,B,llm_agent,mobile_app,loan_inquiry,0.709,2,3,72,380,0,1,unresolved,342,1
B-01460,2023-12-16 17:01:08.178988,B,llm_agent,mobile_app,check_balance,0.907,1,3,54,451,0,1,unresolved,376,1
B-01461,2023-12-02 10:37:04.500956,B,llm_agent,voice,request_statement,0.869,1,1,19,749,0,0,none,175,1
B-01462,2023-10-15 19:27:53.097199,B,llm_agent,voice,request_statement,0.921,2,3,47,488,0,1,unresolved,515,1
B-01463,2023-09-04 06:12:52.253276,B,llm_agent,voice,dispute_charge,0.754,2,2,60,238,0,0,none,286,1
B-01464,2023-07-15 16:47:49.899283,B,llm_agent,chat,make_payment,0.858,2,3,108,995,0,0,none,78,1
B-01465,2023-09-10 10:35:27.406939,B,llm_agent,voice,transfer_funds,0.906,2,2,64,835,0,0,none,296,1
B-01466,2023-08-03 14:10:41.797658,B,llm_agent,voice,freeze_card,0.788,2,4,87,598,0,1,unresolved,560,1
B-01467,2023-11-25 21:11:01.118708,B,llm_agent,voice,transfer_funds,0.638,2,3,94,850,0,0,none,557,1
B-01468,2023-11-30 13:26:52.792000,B,llm_agent,voice,freeze_card,0.74,2,4,54,244,0,0,none,676,1
B-01469,2023-09-24 22:52:03.620387,B,llm_agent,chat,loan_inquiry,0.827,1,3,83,799,0,0,none,681,1
B-01470,2023-08-26 06:01:57.809766,B,llm_agent,voice,update_address,0.629,1,1,74,1007,0,0,none,423,1
B-01471,2023-11-05 23:02:10.967863,B,llm_agent,mobile_app,transfer_funds,0.544,2,1,83,398,0,0,none,414,1
B-01472,2023-10-23 19:55:38.281213,B,llm_agent,voice,request_statement,0.829,1,3,87,509,0,0,none,181,1
B-01473,2023-10-15 07:21:42.465917,B,llm_agent,mobile_app,request_statement,0.721,2,3,30,547,0,0,none,678,0
B-01474,2023-12-17 08:54:45.032593,B,llm_agent,mobile_app,update_address,0.913,2,4,9,1027,0,0,none,119,1
B-01475,2023-08-21 04:50:08.733300,B,llm_agent,chat,loan_inquiry,0.771,2,1,84,732,0,0,none,710,1
B-01476,2023-08-30 13:44:20.777802,B,llm_agent,voice,account_balance_check,0.463,4,6,68,1875,0,1,unresolved,180,0
B-01477,2023-07-10 23:34:09.163769,B,llm_agent,voice,card_management,0.621,3,6,135,2762,0,1,unresolved,646,1
B-01478,2023-08-10 05:07:17.280444,B,llm_agent,mobile_app,update_address,0.821,2,1,18,568,0,0,none,168,1
B-01479,2023-09-24 22:19:56.914440,B,llm_agent,voice,check_balance,0.684,1,1,83,842,0,0,none,535,1
B-01480,2023-11-28 03:45:28.698284,B,llm_agent,voice,make_payment,0.911,2,1,12,734,0,0,none,623,1
B-01481,2023-08-04 14:21:48.841257,B,llm_agent,voice,check_balance,0.636,2,1,5,548,0,0,none,530,0
B-01482,2023-10-04 17:15:00.125271,B,llm_agent,mobile_app,freeze_card,0.919,2,3,68,227,0,0,none,124,1
B-01483,2023-08-26 12:43:47.835620,B,llm_agent,mobile_app,transfer_funds,0.886,1,2,64,306,0,0,none,684,1
B-01484,2023-11-21 17:50:02.480105,B,llm_agent,voice,dispute_charge,0.839,2,2,38,472,0,0,none,699,1
B-01485,2023-10-25 18:17:55.319431,B,llm_agent,voice,dispute_charge,0.72,2,1,39,640,0,0,none,479,1
B-01486,2023-07-11 00:59:50.301505,B,llm_agent,chat,make_payment,0.954,2,4,25,669,0,0,none,567,1
B-01487,2023-07-30 18:51:46.898204,B,llm_agent,chat,freeze_card,0.904,2,3,38,490,0,0,none,327,1
B-01488,2023-11-17 18:34:13.509174,B,llm_agent,chat,transfer_funds,0.82,2,3,58,1155,0,0,none,535,1
B-01489,2023-11-02 03:38:55.000105,B,llm_agent,chat,transfer_funds,0.866,1,3,66,1078,0,0,none,712,1
B-01490,2023-07-22 06:36:42.179649,B,llm_agent,chat,update_address,0.631,2,1,56,1108,0,0,none,455,1
B-01491,2023-08-25 05:55:31.946780,B,llm_agent,chat,update_address,0.733,1,3,90,797,0,0,none,220,1
B-01492,2023-08-19 18:38:50.039505,B,llm_agent,voice,freeze_card,0.754,1,2,74,807,0,0,none,60,1
B-01493,2023-09-25 06:24:45.749563,B,llm_agent,chat,dispute_charge,0.701,2,2,51,1148,0,0,none,492,1
B-01494,2023-07-05 17:56:08.833133,B,llm_agent,chat,check_balance,0.722,1,1,84,859,0,0,none,525,1
B-01495,2023-10-06 00:46:09.006368,B,llm_agent,voice,request_statement,0.931,1,1,29,603,0,0,none,583,1
B-01496,2023-07-31 10:46:59.273512,B,llm_agent,voice,transfer_funds,0.81,1,4,13,816,0,1,low_confidence,293,1
B-01497,2023-11-12 09:50:16.460595,B,llm_agent,chat,freeze_card,0.875,2,4,93,1117,0,0,none,538,1
B-01498,2023-10-09 07:00:23.889622,B,llm_agent,mobile_app,transfer_funds,0.688,1,3,119,1095,0,0,none,115,0
B-01499,2023-11-22 01:38:34.127859,B,llm_agent,voice,transfer_funds,0.803,1,2,49,1079,0,0,none,568,1
B-01500,2023-10-24 06:38:59.453653,B,llm_agent,voice,make_payment,0.793,1,1,78,842,0,0,none,604,1
B-01501,2023-12-14 10:05:38.254133,B,llm_agent,voice,make_payment,0.8,2,1,108,1114,0,0,none,225,0
B-01502,2023-12-22 17:41:07.358612,B,llm_agent,mobile_app,investment_advice,0.827,4,6,94,806,0,1,customer_request,260,0
B-01503,2023-10-22 22:24:40.378060,B,llm_agent,voice,check_balance,0.9,2,4,50,1147,0,0,none,602,1
B-01504,2023-10-23 19:30:22.358237,B,llm_agent,voice,dispute_charge,0.832,2,3,67,398,0,0,none,445,1
B-01505,2023-09-04 00:50:59.302065,B,llm_agent,voice,make_payment,0.98,1,1,8,912,0,0,none,375,1
B-01506,2023-12-18 21:45:55.761150,B,llm_agent,voice,update_address,0.676,1,3,12,992,0,0,none,137,0
B-01507,2023-11-27 02:20:16.697028,B,llm_agent,voice,freeze_card,0.638,1,2,50,319,0,0,none,589,1
B-01508,2023-08-15 14:57:22.171245,B,llm_agent,voice,transfer_funds,0.859,1,3,81,376,0,0,none,118,1
B-01509,2023-08-18 06:11:30.726392,B,llm_agent,chat,update_address,0.811,1,1,68,353,0,0,none,326,1
B-01510,2023-11-13 18:04:06.148871,B,llm_agent,chat,update_address,0.415,1,4,37,702,0,0,none,338,1
B-01511,2023-09-03 05:58:13.068994,B,llm_agent,voice,transfer_funds,0.702,1,4,103,877,0,0,none,527,1
B-01512,2023-11-28 12:47:12.353556,B,llm_agent,chat,make_payment,0.689,2,1,58,938,0,0,none,59,1
B-01513,2023-12-15 18:05:32.159828,B,llm_agent,chat,check_balance,0.715,1,1,109,256,0,0,none,39,1
B-01514,2023-07-22 03:04:38.430682,B,llm_agent,voice,loan_inquiry,0.785,2,2,41,802,0,1,timeout,453,1
B-01515,2023-10-04 07:30:55.576655,B,llm_agent,voice,request_statement,0.826,1,3,20,1147,0,0,none,279,1
B-01516,2023-12-10 11:33:00.351724,B,llm_agent,chat,transaction_dispute,0.536,3,4,183,1879,0,0,none,84,1
B-01517,2023-10-09 22:31:35.312341,B,llm_agent,chat,dispute_charge,0.732,1,3,59,478,0,0,none,564,1
B-01518,2023-07-27 15:03:20.117921,B,llm_agent,voice,check_balance,0.824,1,3,80,648,0,1,low_confidence,390,1
B-01519,2023-11-22 19:31:40.252045,B,llm_agent,chat,make_payment,0.695,2,3,93,531,0,0,none,456,1
B-01520,2023-08-07 13:47:02.423693,B,llm_agent,chat,check_balance,0.685,2,4,105,1162,0,0,none,278,0
B-01521,2023-09-29 15:47:11.096166,B,llm_agent,voice,check_balance,0.826,2,1,14,236,0,0,none,181,1
B-01522,2023-12-25 02:22:55.769814,B,llm_agent,voice,dispute_charge,0.619,2,1,100,948,0,0,none,253,1
B-01523,2023-12-10 19:08:16.394642,B,llm_agent,voice,loan_inquiry,0.72,1,3,33,748,0,0,none,654,1
B-01524,2023-10-20 13:05:01.485185,B,llm_agent,voice,request_statement,0.874,1,4,47,479,0,0,none,560,1
B-01525,2023-07-29 17:16:22.731100,B,llm_agent,chat,dispute_charge,0.931,1,3,52,1032,0,0,none,621,1
B-01526,2023-09-09 15:55:43.471362,B,llm_agent,chat,dispute_charge,0.973,2,1,25,750,0,0,none,357,1
B-01527,2023-08-13 09:21:23.739233,B,llm_agent,mobile_app,loan_inquiry,0.874,2,2,46,1122,0,0,none,639,1
B-01528,2023-11-01 17:24:57.911243,B,llm_agent,voice,update_address,0.745,1,2,99,425,0,0,none,163,1
B-01529,2023-11-17 07:08:43.866034,B,llm_agent,voice,make_payment,0.882,2,2,38,387,0,0,none,489,1
B-01530,2023-10-23 05:20:35.869432,B,llm_agent,voice,make_payment,0.883,1,4,34,1158,0,0,none,297,0
B-01531,2023-10-20 07:06:26.006575,B,llm_agent,mobile_app,freeze_card,0.969,2,4,63,980,0,0,none,161,1
B-01532,2023-08-27 06:40:42.314091,B,llm_agent,chat,update_address,0.902,1,3,34,515,0,0,none,296,1
B-01533,2023-09-21 19:31:25.372339,B,llm_agent,mobile_app,transfer_funds,0.848,2,1,32,909,0,1,low_confidence,492,0
B-01534,2023-12-27 18:52:56.124590,B,llm_agent,chat,make_payment,0.939,2,3,36,784,0,0,none,395,1
B-01535,2023-12-14 08:35:03.961689,B,llm_agent,voice,loan_inquiry,0.843,1,3,93,317,0,1,timeout,645,1
B-01536,2023-11-08 10:49:37.310631,B,llm_agent,chat,transfer_funds,0.728,2,3,93,949,0,0,none,476,1
B-01537,2023-12-06 17:34:24.907019,B,llm_agent,mobile_app,make_payment,0.866,1,4,102,1163,0,0,none,412,1
B-01538,2023-11-07 13:41:12.020719,B,llm_agent,voice,dispute_charge,0.936,1,4,36,687,0,0,none,241,1
B-01539,2023-10-25 22:27:18.305539,B,llm_agent,voice,check_balance,0.742,1,3,92,587,0,0,none,584,1
B-01540,2023-11-16 12:44:33.476858,B,llm_agent,chat,check_balance,0.921,2,1,8,1017,0,0,none,246,1
B-01541,2023-08-15 05:02:01.425531,B,llm_agent,chat,unknown,0.475,3,4,114,2553,1,1,unresolved,130,1
B-01542,2023-12-24 10:16:55.234860,B,llm_agent,voice,check_balance,0.722,2,1,85,780,0,0,none,578,1
B-01543,2023-09-18 10:58:32.275097,B,llm_agent,voice,dispute_charge,0.826,2,3,72,225,0,0,none,522,1
B-01544,2023-07-09 01:35:19.395492,B,llm_agent,voice,dispute_charge,0.819,1,4,93,595,0,0,none,154,0
B-01545,2023-08-04 07:31:48.186929,B,llm_agent,voice,request_statement,0.649,1,2,22,1169,0,0,none,709,0
B-01546,2023-10-30 04:11:09.663371,B,llm_agent,mobile_app,make_payment,0.799,2,1,28,1125,0,0,none,481,1
B-01547,2023-10-30 15:35:42.328214,B,llm_agent,voice,freeze_card,0.725,1,3,88,604,0,1,unresolved,403,1
B-01548,2023-10-08 04:35:24.917461,B,llm_agent,voice,make_payment,0.898,1,3,36,738,0,0,none,711,1
B-01549,2023-09-30 21:15:09.355377,B,llm_agent,voice,transfer_funds,0.862,1,1,38,839,0,0,none,537,0
B-01550,2023-10-24 23:46:00.038353,B,llm_agent,mobile_app,transfer_funds,0.771,2,3,39,408,0,0,none,569,1
B-01551,2023-11-10 00:43:16.924878,B,llm_agent,mobile_app,request_statement,0.648,2,1,64,652,0,0,none,423,1
B-01552,2023-08-06 22:34:03.785561,B,llm_agent,chat,freeze_card,0.676,1,1,66,286,0,0,none,214,1
B-01553,2023-08-07 14:52:08.825026,B,llm_agent,voice,transfer_funds,0.685,1,4,73,212,0,0,none,77,0
B-01554,2023-07-07 15:02:38.701167,B,llm_agent,mobile_app,dispute_charge,0.895,2,3,32,1115,0,0,none,53,1
B-01555,2023-10-19 12:34:12.004463,B,llm_agent,voice,check_balance,0.941,1,4,8,997,0,0,none,197,1
B-01556,2023-09-07 07:05:38.152103,B,llm_agent,voice,transfer_funds,0.786,2,3,58,1093,0,0,none,229,0
B-01557,2023-12-19 09:16:57.377663,B,llm_agent,voice,dispute_charge,0.83,2,1,98,452,0,1,unresolved,248,1
B-01558,2023-08-31 08:27:19.919798,B,llm_agent,voice,transfer_funds,0.966,1,4,48,367,0,0,none,32,0
B-01559,2023-10-12 09:01:58.159667,B,llm_agent,voice,investment_advice,0.71,3,3,186,1700,0,0,none,240,0
B-01560,2023-09-02 07:28:49.490674,B,llm_agent,voice,check_balance,0.676,1,1,47,387,0,0,none,433,1
B-01561,2023-09-04 04:31:39.590713,B,llm_agent,voice,dispute_charge,0.813,2,3,81,973,0,0,none,388,1
B-01562,2023-09-05 09:42:12.434171,B,llm_agent,voice,make_payment,0.584,1,2,85,828,0,0,none,346,1
B-01563,2023-10-20 16:17:58.496982,B,llm_agent,chat,make_payment,0.758,1,1,39,1078,0,0,none,647,1
B-01564,2023-09-06 01:51:18.113611,B,llm_agent,chat,check_balance,0.753,2,1,46,659,0,0,none,444,1
B-01565,2023-07-28 01:24:36.650357,B,llm_agent,chat,check_balance,0.831,1,2,113,612,0,0,none,428,1
B-01566,2023-07-31 04:45:39.298973,B,llm_agent,chat,check_balance,0.72,1,3,92,1007,0,0,none,575,1
B-01567,2023-10-05 11:32:20.101863,B,llm_agent,voice,make_payment,0.848,1,4,11,301,0,0,none,656,1
B-01568,2023-09-18 10:06:06.125637,B,llm_agent,mobile_app,loan_inquiry,0.783,1,3,60,509,0,0,none,189,1
B-01569,2023-12-07 17:54:05.678361,B,llm_agent,voice,update_address,0.991,1,2,102,774,0,0,none,632,1
B-01570,2023-07-08 16:30:42.490401,B,llm_agent,chat,make_payment,0.83,2,1,29,920,0,0,none,286,1
B-01571,2023-08-18 11:10:34.690098,B,llm_agent,chat,update_address,0.639,2,4,13,550,0,0,none,655,1
B-01572,2023-11-04 15:26:59.497476,B,llm_agent,voice,update_address,0.904,2,2,84,848,0,0,none,348,1
B-01573,2023-11-03 05:22:13.300071,B,llm_agent,mobile_app,transfer_funds,0.902,2,4,36,1099,0,0,none,508,1
B-01574,2023-07-15 00:20:05.331426,B,llm_agent,chat,make_payment,0.978,2,2,105,645,0,0,none,560,1
B-01575,2023-08-15 04:09:49.648487,B,llm_agent,voice,make_payment,0.857,1,4,53,386,0,0,none,302,1
B-01576,2023-08-11 17:08:16.081700,B,llm_agent,chat,transfer_funds,0.685,2,3,52,1078,0,0,none,344,1
B-01577,2023-12-23 13:49:57.288226,B,llm_agent,voice,request_statement,0.777,2,4,102,782,0,0,none,269,1
B-01578,2023-12-16 12:24:17.857839,B,llm_agent,voice,dispute_charge,0.834,2,3,38,459,0,0,none,175,1
B-01579,2023-12-27 16:41:05.356505,B,llm_agent,voice,update_address,0.689,1,3,99,713,0,1,unresolved,709,1
B-01580,2023-07-27 19:00:39.245307,B,llm_agent,mobile_app,make_payment,0.844,2,4,69,296,0,0,none,648,1
B-01581,2023-11-05 06:11:35.120489,B,llm_agent,voice,transfer_funds,0.876,2,3,53,1060,0,0,none,85,0
B-01582,2023-10-04 15:33:33.567327,B,llm_agent,mobile_app,transfer_funds,0.863,1,4,64,463,0,0,none,73,1
B-01583,2023-11-15 12:00:46.004537,B,llm_agent,chat,update_address,0.85,2,3,70,762,0,0,none,584,1
B-01584,2023-08-08 17:00:37.650044,B,llm_agent,chat,request_statement,0.781,1,4,115,938,0,0,none,471,1
B-01585,2023-07-06 10:41:45.312828,B,llm_agent,chat,request_statement,0.815,1,4,100,755,0,0,none,533,1
B-01586,2023-07-21 17:23:15.801765,B,llm_agent,chat,update_address,0.921,2,2,82,449,0,0,none,240,1
B-01587,2023-10-01 12:14:55.813651,B,llm_agent,voice,make_payment,0.682,2,1,98,629,0,0,none,436,1
B-01588,2023-12-27 06:18:41.179707,B,llm_agent,chat,dispute_charge,0.867,2,3,103,973,0,0,none,366,1
B-01589,2023-07-07 09:48:25.868056,B,llm_agent,chat,insurance_claim,0.519,4,5,159,994,0,0,none,52,1
B-01590,2023-10-16 11:21:17.447716,B,llm_agent,voice,freeze_card,0.67,2,1,56,548,0,0,none,697,0
B-01591,2023-08-06 03:35:39.483724,B,llm_agent,chat,transfer_funds,0.771,1,3,38,879,0,0,none,697,1
B-01592,2023-07-14 05:46:32.220043,B,llm_agent,chat,update_address,0.93,1,2,7,788,0,0,none,439,1
B-01593,2023-10-23 04:22:51.725640,B,llm_agent,voice,check_balance,0.685,1,2,10,575,0,0,none,117,1
B-01594,2023-09-07 14:25:07.244904,B,llm_agent,mobile_app,loan_inquiry,0.917,1,1,95,356,0,0,none,494,0
B-01595,2023-11-14 00:10:35.920018,B,llm_agent,voice,dispute_charge,0.853,1,1,71,920,0,0,none,192,1
B-01596,2023-09-06 11:08:36.401444,B,llm_agent,chat,transfer_funds,0.858,2,2,34,954,0,0,none,479,1
B-01597,2023-07-19 07:33:55.807024,B,llm_agent,mobile_app,dispute_charge,0.763,2,1,46,1022,0,0,none,167,1
B-01598,2023-11-12 02:11:29.826049,B,llm_agent,mobile_app,transfer_funds,0.78,1,4,83,702,0,0,none,525,1
B-01599,2023-10-28 12:21:43.963706,B,llm_agent,chat,check_balance,0.762,1,1,83,450,0,0,none,342,1
B-01600,2023-12-13 07:12:46.670228,B,llm_agent,mobile_app,transfer_funds,0.888,2,4,26,232,0,1,low_confidence,336,1
B-01601,2023-11-05 11:10:20.673972,B,llm_agent,chat,make_payment,0.759,1,1,62,829,0,0,none,713,1
B-01602,2023-07-03 08:19:45.482717,B,llm_agent,voice,dispute_charge,0.742,1,2,55,513,0,0,none,41,1
B-01603,2023-11-29 16:49:55.101478,B,llm_agent,chat,transfer_funds,0.837,2,1,14,611,0,0,none,658,0
B-01604,2023-10-10 05:07:38.973373,B,llm_agent,voice,request_statement,0.929,1,3,74,611,0,0,none,643,1
B-01605,2023-07-03 02:17:49.811173,B,llm_agent,chat,make_payment,0.678,2,2,93,780,0,0,none,681,0
B-01606,2023-11-24 19:55:51.992998,B,llm_agent,voice,check_balance,0.829,2,4,71,876,0,1,customer_request,417,1
B-01607,2023-11-19 00:14:19.624149,B,llm_agent,voice,freeze_card,0.794,2,2,91,966,0,0,none,32,1
B-01608,2023-12-30 22:26:56.826598,B,llm_agent,voice,make_payment,0.741,2,3,14,459,0,0,none,660,1
B-01609,2023-09-27 08:05:06.416423,B,llm_agent,voice,transfer_funds,0.791,2,3,61,1030,0,0,none,495,1
B-01610,2023-11-20 12:20:52.726060,B,llm_agent,chat,loan_inquiry,0.86,2,4,60,327,0,0,none,538,1
B-01611,2023-11-08 12:27:12.536523,B,llm_agent,voice,loan_inquiry,0.846,1,1,66,1042,0,0,none,206,1
B-01612,2023-09-29 14:21:04.046995,B,llm_agent,mobile_app,check_balance,0.924,2,4,51,833,0,0,none,549,0
B-01613,2023-08-01 19:48:20.676802,B,llm_agent,voice,update_address,0.981,1,1,101,1011,0,0,none,142,1
B-01614,2023-09-20 06:30:13.924153,B,llm_agent,voice,make_payment,0.573,1,2,46,653,0,0,none,480,1
B-01615,2023-07-29 14:41:32.926706,B,llm_agent,voice,loan_inquiry,0.576,2,3,102,1175,0,0,none,514,1
B-01616,2023-08-25 17:55:27.402906,B,llm_agent,chat,update_address,0.909,2,3,112,1162,0,0,none,693,0
B-01617,2023-12-07 16:28:02.077920,B,llm_agent,voice,request_statement,0.706,1,4,80,391,0,0,none,635,0
B-01618,2023-08-16 09:18:26.877072,B,llm_agent,mobile_app,freeze_card,0.851,1,4,46,904,0,0,none,578,1
B-01619,2023-11-29 05:58:14.022827,B,llm_agent,voice,account_balance_check,0.477,2,5,137,2257,0,1,unresolved,521,0
B-01620,2023-07-06 22:05:20.341913,B,llm_agent,voice,request_statement,0.873,1,4,48,664,0,0,none,330,1
B-01621,2023-09-28 09:32:51.338175,B,llm_agent,chat,freeze_card,0.571,2,2,40,758,0,0,none,454,1
B-01622,2023-11-13 13:30:13.966658,B,llm_agent,voice,make_payment,0.72,2,1,93,825,0,0,none,218,1
B-01623,2023-12-06 09:19:48.754673,B,llm_agent,chat,make_payment,0.819,2,1,26,1191,0,0,none,565,0
B-01624,2023-07-05 14:28:33.083606,B,llm_agent,voice,make_payment,0.754,1,4,15,385,0,0,none,302,1
B-01625,2023-11-23 17:30:32.014756,B,llm_agent,chat,request_statement,0.866,1,4,103,1133,0,0,none,620,1
B-01626,2023-12-11 02:34:46.211591,B,llm_agent,voice,loan_inquiry,0.803,1,4,7,1197,0,0,none,155,1
B-01627,2023-07-29 02:09:23.446920,B,llm_agent,chat,dispute_charge,0.978,2,4,117,757,0,1,unresolved,96,1
B-01628,2023-07-10 13:51:42.868781,B,llm_agent,voice,transfer_funds,0.592,2,4,10,943,0,1,unresolved,194,0
B-01629,2023-08-07 09:05:13.957328,B,llm_agent,mobile_app,make_payment,0.571,1,4,92,978,0,0,none,336,0
B-01630,2023-08-13 08:16:11.127576,B,llm_agent,voice,request_statement,0.822,1,3,83,1002,0,0,none,142,1
B-01631,2023-08-04 19:46:51.539829,B,llm_agent,voice,investment_advice,0.472,3,6,113,2036,0,0,none,404,1
B-01632,2023-10-17 02:22:12.491550,B,llm_agent,voice,dispute_charge,0.739,2,4,96,916,0,0,none,69,1
B-01633,2023-08-16 07:21:40.822147,B,llm_agent,voice,transfer_funds,0.991,2,2,46,357,0,0,none,577,1
B-01634,2023-11-09 23:55:59.177119,B,llm_agent,voice,transaction_dispute,0.384,2,3,186,1763,0,0,none,301,1
B-01635,2023-10-03 06:11:05.895405,B,llm_agent,voice,transfer_funds,0.745,1,2,9,795,0,1,timeout,595,1
B-01636,2023-09-22 12:36:06.466144,B,llm_agent,voice,card_management,0.852,3,7,63,2466,0,0,none,553,1
B-01637,2023-12-06 20:14:54.420529,B,llm_agent,chat,make_payment,0.936,1,1,26,833,0,0,none,652,1
B-01638,2023-10-18 00:39:40.345357,B,llm_agent,voice,make_payment,0.796,2,3,35,1064,0,0,none,77,1
B-01639,2023-08-18 09:23:34.703784,B,llm_agent,voice,update_address,0.809,2,1,77,299,0,0,none,393,1
B-01640,2023-07-17 08:34:50.504378,B,llm_agent,chat,loan_inquiry,0.778,2,3,100,289,0,0,none,472,1
B-01641,2023-10-07 14:13:14.585113,B,llm_agent,voice,check_balance,0.676,2,2,78,531,0,0,none,180,1
B-01642,2023-11-14 18:24:49.348327,B,llm_agent,mobile_app,loan_inquiry,0.922,1,1,93,855,0,0,none,706,1
B-01643,2023-11-01 09:00:06.335594,B,llm_agent,voice,transfer_funds,0.955,2,1,82,548,0,0,none,637,0
B-01644,2023-11-25 06:58:27.193825,B,llm_agent,voice,transfer_funds,0.818,1,4,28,1126,0,0,none,343,0
B-01645,2023-11-20 11:35:42.015902,B,llm_agent,chat,freeze_card,0.854,2,2,15,1074,0,0,none,693,1
B-01646,2023-10-04 01:45:31.295875,B,llm_agent,voice,insurance_claim,0.537,3,7,94,2353,0,0,none,220,1
B-01647,2023-08-18 10:51:35.620584,B,llm_agent,chat,make_payment,0.853,2,3,62,803,0,0,none,694,1
B-01648,2023-11-28 21:48:37.791896,B,llm_agent,voice,request_statement,0.826,2,3,103,1139,0,0,none,459,1
B-01649,2023-09-19 11:08:35.084254,B,llm_agent,voice,check_balance,0.943,2,1,69,280,0,0,none,44,1
B-01650,2023-07-26 10:35:00.660740,B,llm_agent,voice,dispute_charge,0.911,1,2,35,1109,0,0,none,501,1
B-01651,2023-12-11 10:11:59.444020,B,llm_agent,voice,freeze_card,0.748,1,2,94,925,0,0,none,592,1
B-01652,2023-08-07 14:51:13.590175,B,llm_agent,voice,freeze_card,0.901,1,3,42,559,0,0,none,232,1
B-01653,2023-07-31 11:37:10.519222,B,llm_agent,chat,make_payment,0.908,1,4,71,348,0,0,none,472,1
B-01654,2023-08-04 22:48:53.765174,B,llm_agent,chat,make_payment,0.937,2,1,96,699,0,0,none,305,0
B-01655,2023-08-08 00:58:17.217271,B,llm_agent,voice,check_balance,0.905,2,2,54,1019,0,0,none,709,1
B-01656,2023-08-20 15:48:36.863879,B,llm_agent,voice,request_statement,0.843,2,4,11,371,0,0,none,678,1
B-01657,2023-10-12 14:34:49.977338,B,llm_agent,voice,loan_inquiry,0.723,1,1,103,1172,0,0,none,421,1
B-01658,2023-08-08 22:57:37.221100,B,llm_agent,voice,investment_advice,0.548,4,4,96,1776,0,1,customer_request,393,1
B-01659,2023-12-06 06:00:12.991644,B,llm_agent,voice,transfer_funds,0.65,1,4,48,946,0,0,none,86,1
B-01660,2023-09-17 15:34:42.320015,B,llm_agent,chat,loan_inquiry,0.691,1,4,107,489,0,0,none,710,1
B-01661,2023-09-25 12:16:19.848367,B,llm_agent,voice,transfer_funds,0.909,1,2,42,448,0,0,none,482,1
B-01662,2023-11-04 06:56:33.124449,B,llm_agent,voice,insurance_claim,0.302,2,6,58,1189,0,0,none,381,1
B-01663,2023-07-11 07:22:08.410250,B,llm_agent,voice,check_balance,0.929,1,4,113,1082,0,0,none,272,1
B-01664,2023-08-27 17:35:38.655319,B,llm_agent,mobile_app,check_balance,0.751,1,2,43,1073,0,0,none,143,0
B-01665,2023-11-03 14:04:57.061258,B,llm_agent,chat,update_address,0.677,1,3,106,381,0,0,none,183,1
B-01666,2023-09-09 03:14:58.236079,B,llm_agent,voice,check_balance,0.673,2,2,27,874,0,0,none,581,1
B-01667,2023-07-17 23:14:24.659691,B,llm_agent,chat,request_statement,0.804,2,3,97,1066,0,0,none,223,1
B-01668,2023-09-28 19:39:32.441195,B,llm_agent,mobile_app,make_payment,0.735,1,2,19,556,0,0,none,622,1
B-01669,2023-08-09 18:53:12.572052,B,llm_agent,voice,dispute_charge,0.859,1,4,74,1131,0,0,none,719,1
B-01670,2023-12-09 08:42:28.257530,B,llm_agent,voice,unknown,0.486,2,5,124,1897,1,0,none,51,1
B-01671,2023-07-22 19:15:17.857543,B,llm_agent,voice,loan_inquiry,0.887,1,4,111,711,0,0,none,587,0
B-01672,2023-07-14 21:40:23.309105,B,llm_agent,voice,freeze_card,0.866,1,4,13,280,0,0,none,191,1
B-01673,2023-10-11 11:37:56.329933,B,llm_agent,voice,freeze_card,0.794,1,3,54,1167,0,0,none,377,0
B-01674,2023-08-06 16:58:41.170967,B,llm_agent,voice,freeze_card,0.888,2,4,13,1058,0,0,none,340,1
B-01675,2023-12-05 07:34:16.454868,B,llm_agent,voice,check_balance,0.833,1,1,68,943,0,0,none,265,1
B-01676,2023-08-02 13:25:28.764168,B,llm_agent,chat,transfer_funds,0.7,2,4,44,863,0,0,none,665,1
B-01677,2023-09-25 17:06:58.027993,B,llm_agent,mobile_app,loan_inquiry,0.597,2,3,92,835,0,0,none,178,1
B-01678,2023-11-15 13:38:50.654080,B,llm_agent,voice,make_payment,0.868,2,4,15,1050,0,0,none,640,1
B-01679,2023-07-10 07:19:22.760767,B,llm_agent,chat,make_payment,0.432,1,2,86,547,0,0,none,629,0
B-01680,2023-12-30 22:28:39.577769,B,llm_agent,voice,make_payment,0.818,2,2,45,741,0,0,none,481,0
B-01681,2023-11-18 09:16:40.651950,B,llm_agent,voice,make_payment,0.722,2,3,112,896,0,0,none,533,1
B-01682,2023-08-31 11:24:26.697699,B,llm_agent,chat,dispute_charge,0.995,1,4,73,962,0,0,none,556,0
B-01683,2023-09-25 05:23:31.120881,B,llm_agent,voice,freeze_card,0.836,2,4,47,332,0,0,none,501,1
B-01684,2023-07-29 11:42:51.089522,B,llm_agent,voice,check_balance,0.805,2,3,84,933,0,0,none,129,1
B-01685,2023-09-11 01:03:41.120145,B,llm_agent,voice,update_address,0.952,2,1,75,312,0,0,none,286,1
B-01686,2023-08-27 13:39:56.711509,B,llm_agent,voice,check_balance,0.904,1,2,35,1049,0,0,none,421,1
B-01687,2023-08-26 06:24:29.512002,B,llm_agent,voice,update_address,0.778,1,4,95,576,0,0,none,364,1
B-01688,2023-11-19 00:50:06.337917,B,llm_agent,voice,request_statement,0.742,1,1,43,685,0,1,low_confidence,569,0
B-01689,2023-11-24 15:49:37.551008,B,llm_agent,voice,make_payment,0.764,1,3,102,473,0,0,none,683,0
B-01690,2023-09-05 23:51:43.485776,B,llm_agent,voice,make_payment,0.73,2,4,59,1054,0,0,none,192,1
B-01691,2023-07-22 05:38:30.027008,B,llm_agent,mobile_app,freeze_card,0.86,2,3,109,437,0,0,none,591,1
B-01692,2023-07-08 22:19:03.780096,B,llm_agent,voice,update_address,0.83,2,3,27,745,0,0,none,116,1
B-01693,2023-12-22 03:31:26.633686,B,llm_agent,voice,freeze_card,0.966,1,4,43,1130,0,1,low_confidence,696,1
B-01694,2023-07-19 21:06:55.969138,B,llm_agent,chat,update_address,0.953,1,2,70,820,0,0,none,443,1
B-01695,2023-10-28 14:02:21.117007,B,llm_agent,voice,payment_processing,0.487,3,4,194,2495,0,0,none,692,1
B-01696,2023-07-17 13:13:09.917711,B,llm_agent,chat,check_balance,0.777,1,2,112,502,0,0,none,664,1
B-01697,2023-11-23 06:11:24.173524,B,llm_agent,voice,request_statement,0.831,2,1,90,232,0,0,none,45,1
B-01698,2023-09-05 00:02:38.430096,B,llm_agent,voice,update_address,0.66,1,2,17,514,0,0,none,701,1
B-01699,2023-08-30 06:33:25.695024,B,llm_agent,voice,dispute_charge,0.759,1,1,46,903,0,0,none,708,0
B-01700,2023-07-05 12:32:28.050729,B,llm_agent,mobile_app,investment_advice,0.888,3,5,41,2075,0,0,none,323,1
B-01701,2023-12-24 12:10:26.191915,B,llm_agent,voice,transfer_funds,0.857,1,2,59,259,0,0,none,341,1
B-01702,2023-09-27 14:23:47.632202,B,llm_agent,chat,transfer_funds,0.912,1,3,17,332,0,0,none,352,1
B-01703,2023-07-28 08:59:41.717651,B,llm_agent,voice,request_statement,0.94,2,2,94,1091,0,0,none,409,1
B-01704,2023-07-24 06:45:33.641731,B,llm_agent,voice,freeze_card,0.632,2,4,39,781,0,0,none,462,0
B-01705,2023-11-02 16:37:53.942683,B,llm_agent,voice,request_statement,0.748,1,1,48,307,0,0,none,85,1
B-01706,2023-08-07 23:42:57.393131,B,llm_agent,chat,make_payment,0.722,2,3,92,1080,0,1,low_confidence,55,1
B-01707,2023-09-29 16:48:41.618234,B,llm_agent,voice,check_balance,0.847,1,1,70,953,0,0,none,73,1
B-01708,2023-08-05 10:16:24.429588,B,llm_agent,chat,request_statement,0.963,1,4,13,357,0,0,none,404,1
B-01709,2023-09-09 04:06:48.007502,B,llm_agent,mobile_app,transfer_funds,0.679,2,2,66,648,0,1,timeout,415,1
B-01710,2023-11-18 03:45:11.071689,B,llm_agent,mobile_app,check_balance,0.763,1,3,15,774,0,0,none,463,0
B-01711,2023-07-06 01:50:32.152850,B,llm_agent,mobile_app,update_address,0.865,1,1,40,1156,0,0,none,200,1
B-01712,2023-08-11 19:24:07.956557,B,llm_agent,mobile_app,request_statement,0.75,2,2,76,1087,0,0,none,116,1
B-01713,2023-12-16 14:40:36.191457,B,llm_agent,voice,update_address,0.779,1,4,58,850,0,0,none,219,1
B-01714,2023-10-29 13:59:29.851031,B,llm_agent,voice,dispute_charge,0.724,2,1,103,463,0,0,none,602,1
B-01715,2023-12-09 15:56:28.052092,B,llm_agent,voice,make_payment,0.854,1,1,60,712,0,0,none,339,1
B-01716,2023-07-05 10:37:00.541161,B,llm_agent,voice,freeze_card,0.894,2,1,10,726,0,0,none,399,1
B-01717,2023-12-08 15:42:10.369762,B,llm_agent,mobile_app,transfer_funds,0.453,1,3,60,358,0,0,none,104,1
B-01718,2023-11-20 23:37:17.321518,B,llm_agent,voice,request_statement,0.754,1,3,78,779,0,0,none,629,1
B-01719,2023-07-24 00:47:26.914539,B,llm_agent,voice,check_balance,0.741,2,2,81,802,0,0,none,151,1
B-01720,2023-09-19 23:46:15.701124,B,llm_agent,mobile_app,request_statement,0.889,1,1,13,796,0,0,none,412,1
B-01721,2023-09-09 22:37:32.761275,B,llm_agent,voice,account_balance_check,0.692,4,7,84,2004,0,1,low_confidence,716,0
B-01722,2023-12-06 02:47:56.097802,B,llm_agent,voice,loan_inquiry,0.699,1,4,66,632,0,0,none,242,1
B-01723,2023-10-30 06:51:02.333869,B,llm_agent,voice,freeze_card,0.932,1,2,13,1125,0,0,none,353,1
B-01724,2023-11-13 02:33:19.444716,B,llm_agent,chat,request_statement,0.714,2,2,41,881,0,0,none,288,1
B-01725,2023-12-15 06:08:04.466280,B,llm_agent,voice,freeze_card,0.857,2,1,20,301,0,0,none,230,1
B-01726,2023-08-27 07:30:26.007897,B,llm_agent,voice,update_address,0.827,2,3,100,846,0,0,none,689,1
B-01727,2023-07-13 11:43:46.422393,B,llm_agent,voice,freeze_card,0.819,2,3,102,215,0,1,customer_request,535,1
B-01728,2023-09-18 16:32:44.133402,B,llm_agent,voice,update_address,0.861,1,2,100,851,0,0,none,341,1
B-01729,2023-12-19 22:03:45.562710,B,llm_agent,chat,freeze_card,0.801,1,4,60,341,0,0,none,445,1
B-01730,2023-11-01 14:56:48.942451,B,llm_agent,voice,check_balance,0.817,1,1,30,332,0,0,none,380,1
B-01731,2023-07-07 15:59:11.637550,B,llm_agent,chat,update_address,0.907,1,1,63,996,0,0,none,685,1
B-01732,2023-12-28 02:06:26.257964,B,llm_agent,voice,dispute_charge,0.723,2,3,117,1064,0,1,unresolved,553,1
B-01733,2023-10-07 19:21:34.910076,B,llm_agent,voice,unknown,0.555,3,7,178,2938,1,0,none,248,1
B-01734,2023-09-11 11:37:13.475693,B,llm_agent,voice,request_statement,0.835,1,2,111,1063,0,1,customer_request,592,0
B-01735,2023-09-29 12:01:00.477283,B,llm_agent,voice,check_balance,0.84,2,4,72,785,0,0,none,314,1
B-01736,2023-10-07 07:03:42.021432,B,llm_agent,voice,make_payment,0.943,2,2,102,917,0,0,none,664,0
B-01737,2023-12-16 09:37:05.824615,B,llm_agent,chat,check_balance,0.766,1,4,64,1123,0,0,none,44,1
B-01738,2023-09-05 13:05:59.958316,B,llm_agent,voice,update_address,0.967,2,2,76,817,0,0,none,508,0
B-01739,2023-10-30 02:38:33.023902,B,llm_agent,chat,make_payment,0.802,1,3,50,684,0,0,none,467,1
B-01740,2023-07-21 23:04:32.236708,B,llm_agent,chat,request_statement,0.764,2,4,22,900,0,0,none,235,0
B-01741,2023-09-16 14:25:00.281080,B,llm_agent,chat,request_statement,0.806,2,4,38,200,0,0,none,455,0
B-01742,2023-12-17 23:23:34.686672,B,llm_agent,mobile_app,make_payment,0.789,2,2,75,807,0,0,none,133,1
B-01743,2023-11-17 15:57:10.977082,B,llm_agent,voice,make_payment,0.841,1,1,25,758,0,0,none,140,1
B-01744,2023-12-18 01:44:21.589500,B,llm_agent,voice,check_balance,0.861,2,2,34,1151,0,0,none,346,1
B-01745,2023-07-24 13:28:52.603292,B,llm_agent,voice,make_payment,0.784,1,1,32,902,0,1,unresolved,612,1
B-01746,2023-09-24 08:34:22.070002,B,llm_agent,voice,update_address,0.895,2,2,36,802,0,0,none,95,1
B-01747,2023-10-05 00:29:52.161065,B,llm_agent,voice,insurance_claim,0.508,3,7,52,1828,0,0,none,204,0
B-01748,2023-07-18 05:39:36.839022,B,llm_agent,chat,dispute_charge,0.942,1,1,94,830,0,0,none,660,1
B-01749,2023-10-04 07:33:06.092631,B,llm_agent,voice,loan_inquiry,0.768,2,4,39,835,0,0,none,334,1
B-01750,2023-09-08 11:25:53.162983,B,llm_agent,chat,loan_inquiry,0.808,1,2,74,311,0,0,none,706,0
B-01751,2023-07-02 15:24:23.410326,B,llm_agent,voice,make_payment,0.937,2,2,82,558,0,0,none,172,1
B-01752,2023-07-20 23:10:32.762868,B,llm_agent,voice,dispute_charge,0.827,1,4,6,729,0,0,none,389,1
B-01753,2023-09-28 09:13:02.005637,B,llm_agent,voice,credit_inquiry,0.381,3,7,75,1887,0,0,none,276,1
B-01754,2023-07-20 19:54:00.976846,B,llm_agent,mobile_app,request_statement,0.666,1,4,65,385,0,1,low_confidence,56,1
B-01755,2023-09-12 01:49:11.620007,B,llm_agent,mobile_app,make_payment,0.824,2,1,73,356,0,0,none,646,1
B-01756,2023-12-28 17:11:13.505780,B,llm_agent,voice,make_payment,0.422,2,1,89,995,0,0,none,234,1
B-01757,2023-09-19 11:10:56.809374,B,llm_agent,voice,request_statement,0.763,1,3,49,432,0,0,none,79,1
B-01758,2023-10-12 10:15:03.220921,B,llm_agent,voice,check_balance,0.877,2,4,46,1158,0,1,unresolved,297,1
B-01759,2023-09-15 09:15:18.719520,B,llm_agent,chat,update_address,0.788,2,1,105,1021,0,0,none,394,1
B-01760,2023-07-20 14:24:37.083856,B,llm_agent,voice,investment_advice,0.386,3,4,180,1377,0,0,none,299,0
B-01761,2023-11-26 00:36:17.074536,B,llm_agent,voice,request_statement,0.886,2,1,52,1015,0,0,none,245,1
B-01762,2023-11-12 07:42:21.687070,B,llm_agent,voice,dispute_charge,0.772,2,1,99,415,0,0,none,515,1
B-01763,2023-09-20 07:43:47.290798,B,llm_agent,voice,transfer_funds,0.851,1,3,44,1010,0,0,none,514,1
B-01764,2023-08-04 21:43:29.181013,B,llm_agent,voice,card_management,0.652,3,3,66,2741,0,1,low_confidence,707,1
B-01765,2023-11-11 18:14:48.154435,B,llm_agent,voice,check_balance,0.843,1,1,92,1039,0,0,none,121,1
B-01766,2023-08-30 06:26:22.051361,B,llm_agent,voice,freeze_card,0.893,2,3,108,851,0,0,none,46,1
B-01767,2023-09-28 05:24:45.337202,B,llm_agent,voice,update_address,0.812,1,3,102,1176,0,0,none,621,1
B-01768,2023-08-16 18:16:40.358124,B,llm_agent,voice,update_address,0.729,2,2,88,298,0,0,none,696,1
B-01769,2023-09-16 04:19:04.778735,B,llm_agent,mobile_app,loan_inquiry,0.949,1,2,104,300,0,0,none,483,1
B-01770,2023-12-14 19:53:25.313472,B,llm_agent,voice,update_address,0.901,1,4,90,724,0,1,low_confidence,662,1
B-01771,2023-08-24 15:54:21.348780,B,llm_agent,mobile_app,request_statement,0.713,2,4,30,641,0,0,none,448,1
B-01772,2023-09-09 22:45:42.019714,B,llm_agent,chat,loan_inquiry,0.954,2,3,87,916,0,0,none,620,0
B-01773,2023-10-01 21:26:39.539196,B,llm_agent,chat,dispute_charge,0.877,1,1,117,766,0,0,none,363,0
B-01774,2023-08-22 00:12:01.923938,B,llm_agent,voice,check_balance,0.72,2,4,89,979,0,1,low_confidence,331,0
B-01775,2023-12-25 06:44:46.757164,B,llm_agent,mobile_app,make_payment,0.978,2,4,111,883,0,1,customer_request,416,1
B-01776,2023-07-20 03:43:12.845466,B,llm_agent,voice,make_payment,0.689,1,3,114,1034,0,0,none,300,1
B-01777,2023-07-23 11:15:51.933037,B,llm_agent,voice,dispute_charge,0.865,2,2,91,494,0,0,none,294,1
B-01778,2023-10-24 00:35:07.725181,B,llm_agent,voice,update_address,0.9,2,3,108,953,0,0,none,360,0
B-01779,2023-10-20 10:59:20.090628,B,llm_agent,voice,make_payment,0.81,1,2,59,1120,0,0,none,470,1
B-01780,2023-08-22 01:55:10.970583,B,llm_agent,voice,loan_inquiry,0.898,1,4,94,398,0,1,low_confidence,480,1
B-01781,2023-07-14 22:11:16.876818,B,llm_agent,chat,make_payment,0.908,1,2,107,737,0,0,none,42,1
B-01782,2023-07-25 01:47:05.285268,B,llm_agent,chat,insurance_claim,0.35,3,7,137,955,0,0,none,211,1
B-01783,2023-08-10 15:57:24.994233,B,llm_agent,mobile_app,transfer_funds,0.881,1,1,82,566,0,1,low_confidence,206,1
B-01784,2023-09-12 04:44:13.959225,B,llm_agent,chat,check_balance,0.941,2,2,46,1125,0,0,none,306,0
B-01785,2023-10-11 11:46:47.569877,B,llm_agent,voice,update_address,0.951,1,4,25,1007,0,0,none,469,1
B-01786,2023-10-22 09:17:11.884367,B,llm_agent,voice,check_balance,0.957,2,2,104,857,0,0,none,692,1
B-01787,2023-11-05 06:51:56.498773,B,llm_agent,voice,check_balance,0.968,1,1,83,651,0,0,none,526,1
B-01788,2023-07-09 21:46:44.892457,B,llm_agent,mobile_app,dispute_charge,0.765,1,3,116,347,0,0,none,80,1
B-01789,2023-10-09 01:21:59.298371,B,llm_agent,chat,update_address,0.788,2,1,74,317,0,0,none,499,1
B-01790,2023-07-09 02:01:27.810895,B,llm_agent,voice,request_statement,0.863,1,2,20,634,0,0,none,169,1
B-01791,2023-10-28 05:25:09.911844,B,llm_agent,chat,transaction_dispute,0.719,2,3,40,2689,0,0,none,520,1
B-01792,2023-08-28 07:45:48.711538,B,llm_agent,chat,make_payment,0.783,2,2,112,218,0,0,none,58,1
B-01793,2023-10-20 05:13:37.990855,B,llm_agent,mobile_app,transfer_funds,0.878,2,2,14,444,0,0,none,273,1
B-01794,2023-09-26 06:58:30.511893,B,llm_agent,chat,check_balance,0.446,2,2,36,995,0,0,none,439,1
B-01795,2023-11-27 05:14:36.114810,B,llm_agent,chat,make_payment,0.895,2,1,72,692,0,1,low_confidence,173,1
B-01796,2023-07-18 21:24:59.836391,B,llm_agent,voice,update_address,0.759,1,2,82,896,0,0,none,388,1
B-01797,2023-10-06 18:03:34.919052,B,llm_agent,voice,transfer_funds,0.935,2,4,50,276,0,0,none,327,1
B-01798,2023-08-27 01:17:01.262650,B,llm_agent,voice,transfer_funds,0.739,2,4,93,685,0,0,none,75,1
B-01799,2023-07-03 07:22:18.716685,B,llm_agent,chat,dispute_charge,0.838,2,2,73,600,0,0,none,281,1
B-01800,2023-10-07 11:24:51.244026,B,llm_agent,mobile_app,freeze_card,0.504,1,3,35,304,0,0,none,348,1
B-01801,2023-11-21 03:07:36.395821,B,llm_agent,chat,check_balance,0.648,2,3,58,276,0,0,none,421,0
B-01802,2023-10-21 07:54:50.685144,B,llm_agent,mobile_app,transfer_funds,0.761,2,4,35,687,0,0,none,164,1
B-01803,2023-07-09 14:17:45.400762,B,llm_agent,chat,check_balance,0.548,2,2,31,811,0,0,none,590,1
B-01804,2023-10-27 12:41:11.462705,B,llm_agent,chat,request_statement,0.838,2,1,92,688,0,0,none,475,0
B-01805,2023-11-09 04:32:08.513288,B,llm_agent,voice,check_balance,0.703,1,1,69,1196,0,0,none,561,1
B-01806,2023-07-14 04:35:55.910345,B,llm_agent,chat,loan_inquiry,0.737,1,3,90,443,0,0,none,587,1
B-01807,2023-09-09 14:06:12.462768,B,llm_agent,voice,make_payment,0.736,1,3,63,819,0,0,none,554,1
B-01808,2023-08-24 15:14:12.853301,B,llm_agent,voice,make_payment,0.879,1,3,79,519,0,0,none,103,1
B-01809,2023-11-15 04:05:08.597396,B,llm_agent,chat,transaction_dispute,0.308,2,4,96,1759,0,0,none,292,1
B-01810,2023-09-06 09:18:13.804436,B,llm_agent,chat,request_statement,0.532,2,1,99,816,0,0,none,550,1
B-01811,2023-08-08 01:19:29.856111,B,llm_agent,mobile_app,check_balance,0.655,1,3,33,605,0,0,none,295,1
B-01812,2023-10-06 04:20:28.475097,B,llm_agent,voice,make_payment,0.813,2,1,101,828,0,0,none,334,1
B-01813,2023-11-16 23:38:17.299260,B,llm_agent,voice,update_address,0.839,1,2,67,404,0,0,none,308,1
B-01814,2023-09-10 19:38:14.000491,B,llm_agent,voice,request_statement,0.829,1,1,85,960,0,0,none,383,1
B-01815,2023-12-12 01:27:28.310328,B,llm_agent,voice,loan_inquiry,0.867,2,2,60,1057,0,1,low_confidence,51,1
B-01816,2023-10-28 02:18:43.587838,B,llm_agent,voice,update_address,0.625,2,4,15,820,0,0,none,340,1
B-01817,2023-07-22 06:15:39.568968,B,llm_agent,voice,check_balance,0.802,1,3,40,1168,0,0,none,468,1
B-01818,2023-12-26 15:52:59.238157,B,llm_agent,chat,dispute_charge,0.782,1,2,84,808,0,0,none,524,1
B-01819,2023-11-10 09:40:35.877958,B,llm_agent,voice,request_statement,0.414,2,3,48,455,0,0,none,444,1
B-01820,2023-08-13 04:33:44.985043,B,llm_agent,mobile_app,make_payment,0.771,2,1,43,262,0,0,none,521,1
B-01821,2023-08-26 16:02:12.459537,B,llm_agent,voice,make_payment,0.853,2,4,52,404,0,0,none,75,0
B-01822,2023-09-25 08:48:44.847992,B,llm_agent,chat,dispute_charge,0.807,1,2,82,826,0,0,none,435,1
B-01823,2023-07-04 23:07:32.859361,B,llm_agent,chat,unknown,0.721,4,7,79,1938,1,0,none,485,0
B-01824,2023-12-11 18:30:59.493272,B,llm_agent,voice,payment_processing,0.642,3,7,92,2901,0,0,none,186,1
B-01825,2023-07-15 17:11:25.585409,B,llm_agent,voice,loan_inquiry,0.724,2,2,71,1197,0,0,none,301,0
B-01826,2023-08-01 07:58:00.185106,B,llm_agent,chat,check_balance,0.846,1,1,13,492,0,0,none,292,1
B-01827,2023-10-07 02:17:33.359617,B,llm_agent,voice,loan_inquiry,0.923,1,3,15,229,0,1,low_confidence,64,1
B-01828,2023-11-23 20:12:02.410700,B,llm_agent,voice,transfer_funds,0.724,2,3,60,411,0,0,none,591,1
B-01829,2023-12-19 17:36:26.679269,B,llm_agent,chat,loan_inquiry,0.617,1,2,24,1032,0,0,none,428,1
B-01830,2023-07-22 02:55:23.864282,B,llm_agent,voice,fund_movement,0.318,3,5,162,803,0,0,none,245,1
B-01831,2023-07-03 20:03:59.619506,B,llm_agent,mobile_app,check_balance,0.831,1,2,32,965,0,0,none,690,0
B-01832,2023-11-05 22:37:31.799780,B,llm_agent,voice,update_address,0.826,2,1,60,702,0,0,none,663,1
B-01833,2023-08-19 11:38:16.738727,B,llm_agent,voice,dispute_charge,0.968,1,1,88,847,0,0,none,76,1
B-01834,2023-07-25 04:44:42.810534,B,llm_agent,chat,check_balance,0.889,1,2,74,898,0,0,none,228,1
B-01835,2023-07-01 18:46:56.632745,B,llm_agent,chat,check_balance,0.764,1,2,53,1093,0,0,none,681,1
B-01836,2023-12-24 09:59:03.574013,B,llm_agent,voice,loan_inquiry,0.854,1,2,57,1157,0,0,none,409,1
B-01837,2023-11-12 06:55:41.071136,B,llm_agent,voice,loan_inquiry,0.845,1,2,13,1143,0,1,unresolved,309,1
B-01838,2023-09-01 19:47:42.567759,B,llm_agent,voice,make_payment,0.788,2,2,60,480,0,0,none,451,1
B-01839,2023-10-18 09:44:02.223296,B,llm_agent,voice,check_balance,0.888,2,2,104,1105,0,0,none,568,0
B-01840,2023-12-10 22:09:55.357226,B,llm_agent,voice,check_balance,0.785,1,2,103,796,0,0,none,146,1
B-01841,2023-12-14 20:49:47.401026,B,llm_agent,voice,check_balance,0.822,2,2,30,426,0,0,none,191,1
B-01842,2023-10-06 20:41:19.584397,B,llm_agent,voice,loan_inquiry,0.745,1,2,114,220,0,0,none,369,1
B-01843,2023-12-19 18:35:43.847304,B,llm_agent,chat,loan_inquiry,0.69,2,3,76,430,0,0,none,160,1
B-01844,2023-11-16 16:09:42.631809,B,llm_agent,voice,insurance_claim,0.5,2,5,111,2413,0,0,none,210,1
B-01845,2023-10-09 02:29:46.098538,B,llm_agent,voice,request_statement,0.888,2,3,45,486,0,0,none,123,1
B-01846,2023-09-08 18:24:43.381410,B,llm_agent,mobile_app,make_payment,0.795,2,3,6,367,0,0,none,194,0
B-01847,2023-12-19 09:58:29.563253,B,llm_agent,voice,update_address,0.565,1,3,116,636,0,0,none,441,1
B-01848,2023-08-05 15:07:45.509668,B,llm_agent,voice,request_statement,0.926,2,4,82,277,0,0,none,366,0
B-01849,2023-10-08 14:17:14.223712,B,llm_agent,voice,update_address,0.828,1,4,101,1006,0,0,none,436,1
B-01850,2023-07-25 07:22:17.387563,B,llm_agent,voice,investment_advice,0.58,3,5,197,1584,0,1,unresolved,235,1
B-01851,2023-07-25 10:30:33.555133,B,llm_agent,voice,update_address,0.799,2,2,97,635,0,0,none,546,1
B-01852,2023-07-11 23:11:01.199060,B,llm_agent,mobile_app,update_address,0.843,2,4,111,560,0,0,none,439,1
B-01853,2023-08-26 17:53:02.896791,B,llm_agent,voice,unknown,0.671,4,6,136,2460,1,0,none,46,1
B-01854,2023-11-24 05:28:01.878253,B,llm_agent,voice,freeze_card,0.952,1,2,15,257,0,0,none,519,1
B-01855,2023-08-03 16:45:26.677806,B,llm_agent,voice,make_payment,0.992,2,4,96,1102,0,0,none,484,1
B-01856,2023-11-30 08:07:58.036431,B,llm_agent,voice,dispute_charge,0.631,1,4,33,1088,0,0,none,532,1
B-01857,2023-12-29 20:14:56.337803,B,llm_agent,voice,dispute_charge,0.78,1,1,15,716,0,0,none,433,1
B-01858,2023-10-05 03:38:58.459352,B,llm_agent,chat,dispute_charge,0.823,2,2,16,633,0,0,none,174,1
B-01859,2023-11-22 03:22:07.359807,B,llm_agent,voice,transfer_funds,0.82,2,2,75,879,0,0,none,579,1
B-01860,2023-10-31 05:51:51.499639,B,llm_agent,chat,update_address,0.715,2,3,68,860,0,0,none,262,1
B-01861,2023-09-23 02:25:09.146494,B,llm_agent,voice,check_balance,0.834,2,1,13,1080,0,0,none,183,0
B-01862,2023-08-22 03:06:22.763431,B,llm_agent,chat,dispute_charge,0.729,1,4,101,306,0,0,none,699,1
B-01863,2023-10-31 20:52:53.182216,B,llm_agent,mobile_app,loan_inquiry,0.681,1,4,22,733,0,0,none,431,0
B-01864,2023-08-12 04:55:53.380315,B,llm_agent,voice,make_payment,0.909,2,4,12,326,0,0,none,661,1
B-01865,2023-09-06 10:48:10.203897,B,llm_agent,voice,transfer_funds,0.812,2,4,19,1095,0,1,unresolved,280,1
B-01866,2023-07-29 07:05:16.613041,B,llm_agent,voice,check_balance,0.937,2,4,33,743,0,1,customer_request,665,1
B-01867,2023-10-14 17:29:35.005780,B,llm_agent,voice,freeze_card,0.525,2,4,119,549,0,0,none,700,1
B-01868,2023-07-31 03:10:43.321735,B,llm_agent,voice,make_payment,0.822,1,4,85,937,0,0,none,449,1
B-01869,2023-11-24 18:43:43.156726,B,llm_agent,voice,check_balance,0.827,1,2,70,1025,0,0,none,242,1
B-01870,2023-09-26 01:02:13.894553,B,llm_agent,voice,request_statement,0.713,2,3,55,582,0,0,none,415,0
B-01871,2023-11-08 14:14:53.810871,B,llm_agent,voice,check_balance,0.741,1,3,14,1126,0,0,none,437,1
B-01872,2023-09-22 02:44:01.577563,B,llm_agent,voice,check_balance,0.861,1,4,98,465,0,1,low_confidence,397,0
B-01873,2023-11-19 17:27:35.371644,B,llm_agent,voice,request_statement,0.797,1,4,39,962,0,0,none,250,1
B-01874,2023-12-09 23:26:45.909237,B,llm_agent,chat,loan_inquiry,0.796,2,3,113,304,0,0,none,533,1
B-01875,2023-09-24 16:44:10.877288,B,llm_agent,voice,update_address,0.742,2,2,86,389,0,0,none,526,1
B-01876,2023-09-06 14:13:41.907883,B,llm_agent,voice,make_payment,0.782,1,4,50,1134,0,0,none,61,1
B-01877,2023-11-09 14:59:01.896987,B,llm_agent,voice,transfer_funds,0.891,1,1,77,792,0,0,none,465,1
B-01878,2023-12-24 16:42:22.218296,B,llm_agent,chat,update_address,0.866,2,2,118,234,0,0,none,140,1
B-01879,2023-08-02 05:38:21.471367,B,llm_agent,voice,dispute_charge,0.743,2,4,47,482,0,0,none,691,1
B-01880,2023-11-14 14:27:04.872029,B,llm_agent,chat,make_payment,0.888,1,3,86,746,0,0,none,216,0
B-01881,2023-07-01 15:28:37.472221,B,llm_agent,chat,make_payment,0.918,2,3,60,794,0,0,none,448,1
B-01882,2023-12-27 13:26:23.562333,B,llm_agent,voice,update_address,0.753,1,4,81,450,0,0,none,474,1
B-01883,2023-11-23 19:51:14.709306,B,llm_agent,voice,check_balance,0.971,1,3,49,1098,0,0,none,573,1
B-01884,2023-12-21 03:24:37.496169,B,llm_agent,mobile_app,freeze_card,0.957,1,3,94,1023,0,1,unresolved,212,1
B-01885,2023-07-20 14:03:09.645864,B,llm_agent,voice,transfer_funds,0.975,2,4,94,217,0,0,none,596,1
B-01886,2023-07-10 08:33:27.652299,B,llm_agent,chat,check_balance,0.859,1,3,112,1157,0,0,none,126,1
B-01887,2023-09-18 22:38:33.774589,B,llm_agent,chat,dispute_charge,0.78,1,3,8,216,0,0,none,37,1
B-01888,2023-07-11 20:36:53.590348,B,llm_agent,voice,dispute_charge,0.912,1,2,102,1046,0,0,none,97,0
B-01889,2023-07-10 22:28:42.779698,B,llm_agent,chat,card_management,0.804,4,4,45,2761,0,0,none,61,1
B-01890,2023-07-17 18:48:04.763323,B,llm_agent,voice,loan_inquiry,0.845,2,3,115,918,0,0,none,648,1
B-01891,2023-07-12 06:11:00.629888,B,llm_agent,chat,transfer_funds,0.829,2,3,80,735,0,0,none,85,1
B-01892,2023-07-18 20:33:23.539446,B,llm_agent,chat,check_balance,0.736,2,4,88,477,0,0,none,496,1
B-01893,2023-09-06 02:03:37.240430,B,llm_agent,chat,check_balance,0.845,1,2,54,1015,0,0,none,395,1
B-01894,2023-09-30 18:44:09.431502,B,llm_agent,voice,make_payment,0.53,1,3,78,1174,0,0,none,320,0
B-01895,2023-07-19 23:32:01.980958,B,llm_agent,chat,check_balance,0.782,1,1,31,569,0,0,none,146,1
B-01896,2023-10-26 05:47:44.303964,B,llm_agent,chat,request_statement,0.895,2,2,87,511,0,0,none,97,1
B-01897,2023-10-20 06:41:05.913600,B,llm_agent,voice,check_balance,0.627,1,4,103,247,0,1,unresolved,372,0
B-01898,2023-08-24 01:29:31.067984,B,llm_agent,voice,check_balance,0.966,2,3,66,835,0,0,none,468,1
B-01899,2023-08-25 13:12:45.090511,B,llm_agent,voice,dispute_charge,0.874,2,4,63,1103,0,0,none,471,1
B-01900,2023-12-28 05:01:11.431536,B,llm_agent,chat,loan_inquiry,0.877,1,3,55,1010,0,0,none,458,0
B-01901,2023-08-24 22:42:08.231407,B,llm_agent,chat,credit_inquiry,0.283,4,4,73,1513,0,0,none,306,1
B-01902,2023-12-13 18:07:08.439998,B,llm_agent,chat,document_request,0.765,2,6,188,2074,0,0,none,35,1
B-01903,2023-08-07 08:51:31.713410,B,llm_agent,chat,check_balance,0.671,1,4,101,484,0,0,none,585,1
B-01904,2023-08-02 20:33:03.838912,B,llm_agent,mobile_app,loan_inquiry,0.866,1,3,86,1047,0,0,none,251,1
B-01905,2023-12-05 10:09:09.670959,B,llm_agent,mobile_app,unknown,0.793,3,7,76,1513,1,1,customer_request,488,0
B-01906,2023-10-20 02:02:27.803873,B,llm_agent,voice,freeze_card,0.905,1,3,54,294,0,0,none,558,1
B-01907,2023-11-18 02:51:48.009966,B,llm_agent,voice,make_payment,0.883,2,3,104,496,0,1,low_confidence,715,0
B-01908,2023-10-14 07:41:14.515563,B,llm_agent,voice,update_address,0.934,2,1,60,758,0,0,none,626,1
B-01909,2023-12-26 01:12:12.488243,B,llm_agent,chat,loan_inquiry,0.614,2,4,33,719,0,0,none,630,0
B-01910,2023-07-06 07:23:27.503709,B,llm_agent,chat,make_payment,0.718,2,3,37,682,0,0,none,205,1
B-01911,2023-07-28 11:37:02.018781,B,llm_agent,mobile_app,make_payment,0.797,2,2,92,497,0,0,none,465,1
B-01912,2023-07-21 07:47:04.617059,B,llm_agent,chat,make_payment,0.53,2,1,99,782,0,1,unresolved,337,1
B-01913,2023-10-31 20:22:54.805941,B,llm_agent,chat,make_payment,0.746,2,1,51,318,0,0,none,370,1
B-01914,2023-08-27 10:41:47.722426,B,llm_agent,mobile_app,card_management,0.799,2,7,146,2342,0,0,none,563,1
B-01915,2023-11-21 22:57:10.064212,B,llm_agent,chat,loan_inquiry,0.883,1,1,77,469,0,0,none,683,1
B-01916,2023-07-23 17:01:07.790365,B,llm_agent,voice,insurance_claim,0.151,2,5,151,853,0,1,low_confidence,441,1
B-01917,2023-08-12 02:41:19.971596,B,llm_agent,voice,request_statement,0.791,2,3,81,556,0,0,none,117,1
B-01918,2023-07-13 00:52:30.629626,B,llm_agent,mobile_app,request_statement,0.872,2,2,20,720,0,0,none,273,1
B-01919,2023-12-29 18:20:32.299472,B,llm_agent,chat,check_balance,0.881,2,4,85,402,0,0,none,178,0
B-01920,2023-11-09 07:15:17.475276,B,llm_agent,voice,card_management,0.297,3,3,107,2594,0,0,none,700,1
B-01921,2023-07-20 22:35:17.936473,B,llm_agent,voice,request_statement,0.833,2,4,37,246,0,0,none,697,1
B-01922,2023-10-27 09:22:06.726565,B,llm_agent,chat,make_payment,0.775,1,3,46,309,0,0,none,382,1
B-01923,2023-09-19 10:55:26.595402,B,llm_agent,chat,make_payment,0.839,2,3,65,765,0,0,none,165,1
B-01924,2023-12-15 15:54:08.845748,B,llm_agent,chat,check_balance,0.817,1,3,113,913,0,0,none,461,1
B-01925,2023-07-25 12:55:44.673616,B,llm_agent,voice,check_balance,0.805,2,1,71,681,0,0,none,677,1
B-01926,2023-07-06 02:25:29.829489,B,llm_agent,chat,check_balance,0.927,2,4,21,689,0,0,none,377,1
B-01927,2023-07-29 04:22:44.011906,B,llm_agent,mobile_app,unknown,0.649,2,7,77,2873,1,0,none,188,0
B-01928,2023-12-19 13:33:14.848873,B,llm_agent,chat,dispute_charge,0.692,2,2,58,1187,0,0,none,118,1
B-01929,2023-12-18 00:42:16.581866,B,llm_agent,chat,transfer_funds,0.913,2,4,92,1196,0,0,none,445,0
B-01930,2023-07-13 13:18:11.373391,B,llm_agent,voice,dispute_charge,0.747,1,4,107,587,0,1,low_confidence,406,1
B-01931,2023-10-04 18:10:23.667502,B,llm_agent,voice,make_payment,0.75,2,4,35,721,0,0,none,266,0
B-01932,2023-11-03 06:02:43.561085,B,llm_agent,voice,request_statement,0.858,2,1,60,1196,0,0,none,223,1
B-01933,2023-07-01 18:47:49.205293,B,llm_agent,voice,make_payment,0.685,1,1,77,475,0,0,none,556,1
B-01934,2023-07-04 00:02:20.185775,B,llm_agent,voice,request_statement,0.934,2,3,31,363,0,1,unresolved,46,1
B-01935,2023-07-13 03:32:23.470390,B,llm_agent,chat,check_balance,0.92,1,4,63,800,0,0,none,524,1
B-01936,2023-11-06 21:17:18.773257,B,llm_agent,voice,request_statement,0.782,2,4,50,487,0,0,none,141,1
B-01937,2023-12-20 00:43:08.159725,B,llm_agent,mobile_app,update_address,0.838,1,3,112,634,0,0,none,705,1
B-01938,2023-07-13 11:26:17.424366,B,llm_agent,mobile_app,check_balance,0.617,2,4,20,247,0,0,none,668,0
B-01939,2023-07-27 08:00:20.851182,B,llm_agent,voice,document_request,0.231,2,6,40,1018,0,1,low_confidence,89,1
B-01940,2023-09-24 12:22:58.129305,B,llm_agent,mobile_app,make_payment,0.756,1,3,106,1000,0,0,none,582,1
B-01941,2023-09-19 23:53:58.499225,B,llm_agent,voice,check_balance,0.648,2,3,92,678,0,0,none,437,0
B-01942,2023-08-08 20:19:30.858183,B,llm_agent,mobile_app,check_balance,0.969,2,4,6,589,0,1,customer_request,45,0
B-01943,2023-08-06 15:56:16.905561,B,llm_agent,chat,check_balance,0.902,1,4,105,595,0,0,none,257,0
B-01944,2023-07-26 12:58:07.046920,B,llm_agent,voice,loan_inquiry,0.739,1,1,7,768,0,0,none,450,1
B-01945,2023-08-15 20:26:14.355076,B,llm_agent,chat,loan_inquiry,0.9,1,3,61,213,0,0,none,128,1
B-01946,2023-12-01 23:38:24.335695,B,llm_agent,chat,dispute_charge,0.644,1,4,67,936,0,0,none,436,1
B-01947,2023-09-22 17:24:57.558375,B,llm_agent,chat,request_statement,0.709,1,4,40,876,0,0,none,250,1
B-01948,2023-12-15 22:57:22.563786,B,llm_agent,chat,loan_inquiry,0.445,2,4,21,904,0,0,none,354,1
B-01949,2023-12-02 00:46:12.501741,B,llm_agent,chat,check_balance,0.824,2,2,20,579,0,0,none,132,1
B-01950,2023-10-05 18:51:57.259631,B,llm_agent,chat,make_payment,0.942,1,2,36,376,0,1,timeout,129,0
B-01951,2023-11-28 20:17:56.152452,B,llm_agent,mobile_app,loan_inquiry,0.801,1,2,22,368,0,0,none,678,1
B-01952,2023-07-31 01:45:50.106822,B,llm_agent,chat,freeze_card,0.771,2,1,91,825,0,1,unresolved,675,1
B-01953,2023-10-26 06:21:32.960791,B,llm_agent,chat,request_statement,0.786,2,2,59,1019,0,0,none,589,1
B-01954,2023-12-20 02:15:10.283420,B,llm_agent,voice,transfer_funds,0.885,1,1,21,513,0,0,none,388,1
B-01955,2023-10-22 09:05:25.330363,B,llm_agent,mobile_app,freeze_card,0.911,1,3,18,1120,0,0,none,669,1
B-01956,2023-09-28 19:06:04.541282,B,llm_agent,mobile_app,check_balance,0.815,2,4,47,588,0,0,none,535,1
B-01957,2023-10-28 23:31:23.314781,B,llm_agent,voice,make_payment,0.835,2,3,75,314,0,0,none,404,0
B-01958,2023-07-26 00:22:35.562062,B,llm_agent,mobile_app,update_address,0.856,1,2,10,1021,0,0,none,616,1
B-01959,2023-08-23 21:22:44.707468,B,llm_agent,voice,check_balance,0.956,1,2,93,250,0,0,none,626,1
B-01960,2023-08-16 03:45:40.932636,B,llm_agent,chat,payment_processing,0.41,4,4,87,1294,0,0,none,694,1
B-01961,2023-07-22 15:33:44.335083,B,llm_agent,chat,request_statement,0.631,2,1,52,968,0,0,none,716,1
B-01962,2023-11-07 13:46:09.024637,B,llm_agent,voice,check_balance,0.782,1,3,110,233,0,0,none,105,1
B-01963,2023-10-25 01:20:29.675416,B,llm_agent,chat,transfer_funds,0.895,2,1,13,623,0,0,none,706,1
B-01964,2023-12-07 16:44:05.935739,B,llm_agent,chat,make_payment,0.948,1,2,71,640,0,0,none,295,1
B-01965,2023-11-05 17:48:58.375186,B,llm_agent,mobile_app,investment_advice,0.377,4,5,118,853,0,0,none,483,1
B-01966,2023-11-26 13:34:28.019500,B,llm_agent,chat,check_balance,0.808,1,3,106,597,0,0,none,392,1
B-01967,2023-07-26 11:19:02.084317,B,llm_agent,voice,freeze_card,0.871,2,4,42,980,0,0,none,245,1
B-01968,2023-07-12 23:52:27.819737,B,llm_agent,chat,check_balance,0.658,1,3,104,520,0,0,none,428,0
B-01969,2023-09-06 19:24:32.664162,B,llm_agent,voice,make_payment,0.736,1,4,16,624,0,0,none,432,1
B-01970,2023-07-24 23:13:21.704392,B,llm_agent,chat,check_balance,0.916,2,1,69,950,0,0,none,658,0
B-01971,2023-11-18 11:37:25.380170,B,llm_agent,chat,freeze_card,0.714,1,1,41,1011,0,0,none,708,1
B-01972,2023-09-18 07:15:44.035326,B,llm_agent,mobile_app,freeze_card,0.647,2,2,42,755,0,0,none,362,1
B-01973,2023-12-19 17:59:05.340255,B,llm_agent,voice,update_address,0.704,2,2,52,538,0,0,none,67,1
B-01974,2023-07-17 02:52:55.637632,B,llm_agent,chat,transfer_funds,0.93,1,3,85,204,0,0,none,558,1
B-01975,2023-12-21 03:28:55.007511,B,llm_agent,chat,request_statement,0.918,2,2,55,381,0,0,none,638,1
B-01976,2023-11-11 02:28:27.940599,B,llm_agent,chat,loan_inquiry,0.453,2,4,26,424,0,0,none,340,1
B-01977,2023-11-25 01:39:38.349226,B,llm_agent,chat,check_balance,0.73,1,2,97,419,0,0,none,246,1
B-01978,2023-09-29 03:15:33.933156,B,llm_agent,voice,dispute_charge,0.885,2,1,23,459,0,0,none,295,1
B-01979,2023-09-05 15:06:16.172381,B,llm_agent,chat,dispute_charge,0.748,2,3,55,806,0,1,timeout,316,1
B-01980,2023-11-10 13:53:12.576001,B,llm_agent,voice,check_balance,0.879,2,2,86,1148,0,0,none,209,1
B-01981,2023-12-27 04:04:56.987606,B,llm_agent,mobile_app,dispute_charge,0.826,2,3,114,773,0,0,none,269,1
B-01982,2023-07-05 18:42:48.035744,B,llm_agent,voice,make_payment,0.843,1,1,103,663,0,0,none,239,1
B-01983,2023-10-18 06:37:52.655319,B,llm_agent,mobile_app,transfer_funds,0.867,1,4,117,580,0,0,none,116,1
B-01984,2023-08-15 06:39:21.785130,B,llm_agent,voice,check_balance,0.972,2,4,37,568,0,0,none,469,1
B-01985,2023-09-12 05:09:47.283094,B,llm_agent,voice,check_balance,0.667,1,4,83,413,0,0,none,296,1
B-01986,2023-10-14 02:57:36.295347,B,llm_agent,chat,check_balance,0.935,2,3,75,636,0,0,none,68,1
B-01987,2023-08-09 16:35:37.258086,B,llm_agent,voice,loan_inquiry,0.847,2,1,44,917,0,0,none,459,1
B-01988,2023-07-02 21:58:15.603404,B,llm_agent,chat,loan_inquiry,0.959,1,2,59,418,0,0,none,245,1
B-01989,2023-07-13 14:18:19.396406,B,llm_agent,chat,update_address,0.74,1,3,62,988,0,0,none,126,1
B-01990,2023-07-05 16:57:26.589500,B,llm_agent,voice,check_balance,0.824,2,4,24,835,0,0,none,495,1
B-01991,2023-07-09 05:42:00.760540,B,llm_agent,chat,freeze_card,0.969,1,3,94,267,0,0,none,509,1
B-01992,2023-07-31 05:30:57.181875,B,llm_agent,voice,check_balance,0.767,2,3,107,458,0,1,unresolved,91,0
B-01993,2023-09-20 06:30:42.817250,B,llm_agent,chat,freeze_card,0.801,2,1,20,778,0,0,none,552,1
B-01994,2023-09-21 18:48:23.785346,B,llm_agent,chat,transfer_funds,0.815,1,1,92,425,0,0,none,402,1
B-01995,2023-07-03 04:41:32.567278,B,llm_agent,chat,dispute_charge,0.861,1,1,95,713,0,0,none,136,0
B-01996,2023-07-05 20:43:02.444439,B,llm_agent,voice,loan_inquiry,0.916,1,3,37,655,0,0,none,346,1
B-01997,2023-08-16 07:05:44.937601,B,llm_agent,chat,loan_inquiry,0.925,1,1,14,494,0,0,none,715,1
B-01998,2023-07-10 01:41:08.974640,B,llm_agent,voice,dispute_charge,0.498,2,1,85,797,0,0,none,74,0
B-01999,2023-08-07 13:48:17.417960,B,llm_agent,voice,update_address,0.874,1,1,85,227,0,0,none,367,1
