session_id,timestamp,period,system_type,channel,intent,confidence_score,intent_attempts,turns,raw_input_length,response_latency_ms,is_fallback,transferred_to_human,transfer_reason,call_duration_sec,resolved
A-00000,2023-01-10 08:14:20.588950,A,rule_based,voice,freeze_card,0.904,2,2,32,570,0,0,none,438,1
A-00001,2023-04-06 15:33:28.114541,A,rule_based,voice,dispute_charge,0.864,1,3,50,693,0,0,none,38,1
A-00002,2023-01-31 22:15:33.748836,A,rule_based,mobile_app,loan_inquiry,0.748,2,1,36,612,0,0,none,379,1
A-00003,2023-04-22 21:48:20.108638,A,rule_based,chat,request_statement,0.718,1,1,50,773,0,0,none,174,1
A-00004,2023-06-28 02:49:27.187278,A,rule_based,voice,check_balance,0.58,1,2,65,181,0,0,none,280,1
A-00005,2023-06-11 10:31:31.685544,A,rule_based,chat,transfer_funds,0.836,2,1,8,527,0,0,none,437,1
A-00006,2023-06-16 11:20:43.274902,A,rule_based,mobile_app,freeze_card,0.897,1,3,36,640,0,0,none,436,1
A-00007,2023-02-08 09:40:16.296630,A,rule_based,mobile_app,freeze_card,0.841,1,1,49,262,0,0,none,113,1
A-00008,2023-04-08 14:49:14.401926,A,rule_based,mobile_app,check_balance,0.926,2,2,44,252,0,1,customer_request,241,1
A-00009,2023-02-12 06:28:11.966974,A,rule_based,mobile_app,dispute_charge,0.741,1,3,15,164,0,0,none,157,0
A-00010,2023-06-11 21:30:53.052248,A,rule_based,chat,make_payment,0.85,2,1,20,790,0,1,none,306,1
A-00011,2023-02-04 09:47:06.900291,A,rule_based,voice,transfer_funds,0.943,1,1,33,706,0,0,none,401,1
A-00012,2023-01-28 17:06:09.005788,A,rule_based,mobile_app,request_statement,0.701,2,2,53,184,0,0,none,173,1
A-00013,2023-01-03 04:32:33.248416,A,rule_based,voice,loan_inquiry,0.656,1,3,79,271,0,0,none,84,1
A-00014,2023-02-02 18:00:53.120067,A,rule_based,voice,dispute_charge,0.892,2,1,32,420,0,0,none,58,1
A-00015,2023-02-04 03:46:31.794282,A,rule_based,voice,make_payment,0.895,2,1,44,725,0,1,customer_request,53,1
A-00016,2023-01-14 22:45:27.396398,A,rule_based,voice,update_address,0.915,1,3,27,677,0,1,customer_request,194,0
A-00017,2023-06-06 04:38:29.640281,A,rule_based,chat,check_balance,0.95,1,2,7,714,0,0,none,464,1
A-00018,2023-05-21 09:35:25.920842,A,rule_based,mobile_app,loan_inquiry,0.689,1,3,34,679,0,0,none,143,1
A-00019,2023-02-15 19:21:36.246745,A,rule_based,voice,request_statement,0.841,1,1,31,539,0,0,none,212,0
A-00020,2023-05-21 23:40:23.801896,A,rule_based,chat,freeze_card,0.749,1,1,16,303,0,0,none,333,1
A-00021,2023-03-17 23:45:03.031784,A,rule_based,voice,make_payment,0.761,1,2,55,522,0,0,none,326,1
A-00022,2023-05-20 14:14:51.850983,A,rule_based,chat,transfer_funds,0.893,1,1,24,445,0,0,none,151,1
A-00023,2023-02-28 03:23:35.001341,A,rule_based,voice,loan_inquiry,0.939,2,2,21,765,0,0,none,87,1
A-00024,2023-04-12 15:18:22.530339,A,rule_based,voice,freeze_card,0.352,2,3,34,413,0,0,none,100,1
A-00025,2023-03-10 16:33:27.148471,A,rule_based,chat,check_balance,0.876,2,3,77,629,0,1,customer_request,129,1
A-00026,2023-02-03 18:45:34.306349,A,rule_based,voice,dispute_charge,0.937,2,3,52,221,0,1,customer_request,68,1
A-00027,2023-04-16 09:56:02.611999,A,rule_based,voice,check_balance,0.867,2,2,36,578,0,0,none,236,1
A-00028,2023-05-16 03:35:20.601256,A,rule_based,voice,check_balance,0.813,1,3,66,417,0,0,none,320,1
A-00029,2023-05-16 13:25:22.001688,A,rule_based,voice,request_statement,0.972,2,2,6,405,0,0,none,333,1
A-00030,2023-03-06 03:10:13.033701,A,rule_based,chat,freeze_card,0.828,1,2,30,628,0,0,none,439,1
A-00031,2023-04-04 08:50:05.422247,A,rule_based,voice,transfer_funds,0.58,2,3,45,438,0,0,none,161,1
A-00032,2023-05-18 11:31:24.765195,A,rule_based,voice,make_payment,0.593,2,3,41,141,0,0,none,324,1
A-00033,2023-01-10 19:25:46.590015,A,rule_based,mobile_app,make_payment,0.883,1,3,55,372,0,0,none,428,1
A-00034,2023-01-13 22:33:27.359495,A,rule_based,chat,dispute_charge,0.817,1,1,57,774,0,0,none,42,1
A-00035,2023-03-09 17:16:56.052046,A,rule_based,voice,check_balance,0.721,1,3,39,762,0,0,none,381,1
A-00036,2023-02-10 05:23:50.339202,A,rule_based,chat,check_balance,0.903,1,3,74,530,0,0,none,69,1
A-00037,2023-03-09 10:28:14.896045,A,rule_based,voice,dispute_charge,0.622,1,3,74,546,0,0,none,278,1
A-00038,2023-01-17 21:00:47.897977,A,rule_based,voice,make_payment,0.718,1,1,40,283,0,0,none,403,1
A-00039,2023-04-17 13:28:28.893062,A,rule_based,chat,request_statement,0.815,1,2,72,646,0,1,customer_request,236,1
A-00040,2023-05-01 21:55:08.349224,A,rule_based,voice,dispute_charge,0.8,1,3,53,519,0,0,none,281,1
A-00041,2023-05-23 12:45:03.578766,A,rule_based,voice,loan_inquiry,0.919,2,3,15,126,0,0,none,308,1
A-00042,2023-04-28 02:15:32.732947,A,rule_based,mobile_app,freeze_card,0.541,1,1,13,764,0,0,none,290,1
A-00043,2023-03-13 08:22:03.455134,A,rule_based,chat,make_payment,0.832,1,2,10,696,0,0,none,359,1
A-00044,2023-06-18 06:53:23.752367,A,rule_based,mobile_app,loan_inquiry,0.889,2,3,20,157,0,1,unresolved,416,1
A-00045,2023-05-11 17:45:15.513267,A,rule_based,mobile_app,loan_inquiry,0.799,2,3,28,392,0,0,none,90,1
A-00046,2023-04-05 23:34:58.735098,A,rule_based,voice,dispute_charge,0.476,1,1,10,619,0,1,timeout,217,1
A-00047,2023-02-07 05:35:37.550435,A,rule_based,chat,make_payment,0.89,1,3,50,616,0,0,none,413,0
A-00048,2023-04-27 19:34:18.993722,A,rule_based,voice,request_statement,0.809,1,3,35,217,0,0,none,201,1
A-00049,2023-04-17 12:13:57.606137,A,rule_based,chat,check_balance,0.738,1,1,50,128,0,0,none,250,1
A-00050,2023-05-03 23:59:08.143477,A,rule_based,voice,check_balance,0.761,2,1,42,789,0,0,none,363,0
A-00051,2023-05-21 14:27:32.350075,A,rule_based,voice,check_balance,0.614,1,1,25,725,0,0,none,450,1
A-00052,2023-06-14 17:00:51.674349,A,rule_based,voice,freeze_card,0.915,1,1,51,616,0,0,none,143,1
A-00053,2023-06-20 19:55:28.108802,A,rule_based,chat,request_statement,0.809,1,3,76,561,0,0,none,459,1
A-00054,2023-04-24 10:24:04.929057,A,rule_based,voice,freeze_card,0.785,2,2,28,580,0,0,none,349,0
A-00055,2023-06-23 20:55:48.268036,A,rule_based,chat,freeze_card,0.605,1,3,28,420,0,0,none,43,1
A-00056,2023-06-14 01:20:41.149257,A,rule_based,mobile_app,dispute_charge,0.928,1,1,43,579,0,0,none,417,1
A-00057,2023-01-01 11:17:38.480301,A,rule_based,chat,update_address,0.557,2,2,65,312,0,0,none,203,1
A-00058,2023-04-25 18:30:26.835058,A,rule_based,voice,check_balance,0.935,2,3,44,158,0,0,none,156,1
A-00059,2023-02-02 02:59:16.261739,A,rule_based,voice,check_balance,0.85,1,3,67,317,0,0,none,266,0
A-00060,2023-02-23 03:13:56.162139,A,rule_based,mobile_app,request_statement,0.87,2,1,10,305,0,1,unresolved,289,0
A-00061,2023-02-23 13:12:03.106288,A,rule_based,chat,dispute_charge,0.694,2,2,12,312,0,0,none,272,1
A-00062,2023-03-28 23:07:12.155636,A,rule_based,voice,update_address,0.714,1,2,35,429,0,0,none,54,1
A-00063,2023-01-02 22:56:30.800153,A,rule_based,mobile_app,freeze_card,0.718,2,2,22,191,0,0,none,400,1
A-00064,2023-02-12 10:38:25.737599,A,rule_based,voice,request_statement,0.766,1,2,6,385,0,0,none,183,1
A-00065,2023-01-06 05:48:09.122639,A,rule_based,voice,update_address,0.77,1,2,21,424,0,0,none,93,1
A-00066,2023-04-28 02:24:46.814066,A,rule_based,voice,update_address,0.928,2,3,25,231,0,0,none,284,1
A-00067,2023-06-10 01:43:20.423831,A,rule_based,voice,make_payment,0.559,2,1,73,417,0,0,none,310,1
A-00068,2023-06-29 14:26:49.237706,A,rule_based,voice,check_balance,0.948,1,1,63,572,0,0,none,76,0
A-00069,2023-03-22 17:45:56.780995,A,rule_based,chat,dispute_charge,0.769,1,2,31,388,0,0,none,454,1
A-00070,2023-02-16 19:48:34.547295,A,rule_based,voice,make_payment,0.588,1,2,76,101,0,0,none,300,1
A-00071,2023-06-03 13:24:27.136356,A,rule_based,chat,dispute_charge,0.649,1,3,67,592,0,0,none,478,1
A-00072,2023-01-21 08:50:41.264789,A,rule_based,chat,loan_inquiry,0.718,1,3,23,504,0,0,none,331,1
A-00073,2023-06-25 08:42:44.633385,A,rule_based,mobile_app,make_payment,0.656,1,1,40,393,0,0,none,34,1
A-00074,2023-05-09 16:05:52.095777,A,rule_based,voice,check_balance,0.836,1,2,74,115,0,0,none,123,1
A-00075,2023-04-01 16:59:51.915794,A,rule_based,chat,make_payment,0.991,2,3,39,162,0,0,none,467,1
A-00076,2023-01-18 09:31:49.156466,A,rule_based,voice,make_payment,0.773,2,3,32,155,0,1,customer_request,281,1
A-00077,2023-01-04 06:36:23.192158,A,rule_based,chat,request_statement,0.807,2,3,72,696,0,0,none,84,1
A-00078,2023-04-09 00:22:44.735239,A,rule_based,voice,update_address,0.839,1,2,54,316,0,0,none,63,1
A-00079,2023-03-16 11:50:03.091707,A,rule_based,chat,freeze_card,0.815,2,1,38,397,0,0,none,271,1
A-00080,2023-06-01 16:18:38.216318,A,rule_based,voice,request_statement,0.767,2,1,70,587,0,0,none,297,1
A-00081,2023-04-26 14:45:34.820192,A,rule_based,chat,dispute_charge,0.767,2,3,60,558,0,0,none,140,1
A-00082,2023-03-19 17:47:31.980701,A,rule_based,voice,loan_inquiry,0.822,2,2,31,145,0,0,none,117,1
A-00083,2023-02-10 16:21:01.798694,A,rule_based,voice,check_balance,0.758,1,3,36,750,0,0,none,302,1
A-00084,2023-03-28 11:25:26.191444,A,rule_based,chat,check_balance,0.94,2,1,8,285,0,0,none,225,1
A-00085,2023-01-30 08:08:07.023682,A,rule_based,voice,check_balance,0.745,2,2,12,637,0,0,none,46,1
A-00086,2023-05-01 01:29:40.926783,A,rule_based,chat,freeze_card,0.784,1,3,76,682,0,0,none,55,1
A-00087,2023-04-20 00:44:58.534987,A,rule_based,chat,dispute_charge,0.712,2,1,8,477,0,0,none,137,1
A-00088,2023-05-26 19:30:29.917099,A,rule_based,chat,check_balance,0.873,1,1,67,213,0,0,none,283,1
A-00089,2023-03-22 21:57:59.241912,A,rule_based,chat,update_address,0.873,1,1,20,481,0,0,none,165,1
A-00090,2023-02-20 03:45:41.985644,A,rule_based,chat,check_balance,0.992,1,1,45,271,0,0,none,36,1
A-00091,2023-05-31 13:13:40.626834,A,rule_based,mobile_app,request_statement,0.614,1,2,59,694,0,0,none,442,1
A-00092,2023-05-05 09:06:26.610864,A,rule_based,voice,dispute_charge,0.728,2,1,79,628,0,1,timeout,342,1
A-00093,2023-05-08 04:59:00.919451,A,rule_based,chat,dispute_charge,0.432,1,1,33,676,0,0,none,292,1
A-00094,2023-04-06 01:19:31.254511,A,rule_based,chat,make_payment,0.713,1,2,74,679,0,0,none,139,0
A-00095,2023-06-07 16:13:39.418721,A,rule_based,voice,request_statement,0.526,1,1,39,225,0,0,none,348,1
A-00096,2023-02-11 00:01:29.108197,A,rule_based,voice,make_payment,0.617,2,2,70,121,0,0,none,455,1
A-00097,2023-03-14 07:18:34.378289,A,rule_based,voice,check_balance,0.856,2,3,12,538,0,0,none,334,0
A-00098,2023-05-24 07:43:28.954531,A,rule_based,chat,check_balance,0.721,1,3,25,529,0,0,none,163,1
A-00099,2023-01-24 22:23:27.947417,A,rule_based,voice,transfer_funds,0.714,1,3,51,706,0,0,none,206,1
A-00100,2023-05-26 11:01:58.835388,A,rule_based,chat,transfer_funds,0.472,1,3,57,546,0,0,none,448,1
A-00101,2023-03-05 11:12:40.872806,A,rule_based,chat,request_statement,0.936,1,3,65,662,0,0,none,36,1
A-00102,2023-01-23 14:10:33.527320,A,rule_based,chat,make_payment,0.767,1,1,31,344,0,0,none,129,1
A-00103,2023-01-15 05:55:32.799044,A,rule_based,voice,transfer_funds,0.736,2,3,51,187,0,0,none,78,0
A-00104,2023-06-01 17:53:02.634058,A,rule_based,chat,freeze_card,0.853,2,2,51,126,0,0,none,318,1
A-00105,2023-05-21 03:37:08.965570,A,rule_based,chat,freeze_card,0.605,2,1,78,404,0,0,none,236,1
A-00106,2023-02-21 20:20:19.003498,A,rule_based,voice,dispute_charge,0.529,1,2,13,101,0,0,none,89,1
A-00107,2023-01-21 22:41:04.767021,A,rule_based,voice,make_payment,0.917,2,1,6,462,0,0,none,453,1
A-00108,2023-02-14 12:03:09.793739,A,rule_based,voice,check_balance,0.825,1,2,48,380,0,1,customer_request,278,1
A-00109,2023-02-08 08:06:23.710308,A,rule_based,mobile_app,transfer_funds,0.839,2,2,6,280,0,0,none,141,1
A-00110,2023-05-12 22:48:01.495117,A,rule_based,voice,dispute_charge,0.916,2,1,19,513,0,0,none,455,1
A-00111,2023-02-08 19:13:57.087919,A,rule_based,voice,make_payment,0.989,2,2,42,575,0,0,none,344,1
A-00112,2023-02-08 21:32:44.210530,A,rule_based,voice,make_payment,0.949,1,1,25,127,0,0,none,88,0
A-00113,2023-01-06 19:23:53.996622,A,rule_based,voice,update_address,0.927,1,1,24,433,0,0,none,401,1
A-00114,2023-04-18 10:26:01.872590,A,rule_based,voice,check_balance,0.976,1,1,30,757,0,0,none,56,1
A-00115,2023-05-05 00:23:29.934479,A,rule_based,chat,loan_inquiry,0.877,2,3,56,308,0,0,none,438,1
A-00116,2023-04-28 15:04:43.773081,A,rule_based,voice,freeze_card,0.902,2,2,32,646,0,0,none,207,1
A-00117,2023-04-13 08:20:54.076539,A,rule_based,chat,freeze_card,0.862,1,1,64,335,0,0,none,162,1
A-00118,2023-06-23 21:26:37.604373,A,rule_based,voice,dispute_charge,0.91,2,3,16,290,0,0,none,54,0
A-00119,2023-03-27 02:13:49.341378,A,rule_based,voice,request_statement,0.86,1,2,12,699,0,0,none,449,1
A-00120,2023-06-04 19:47:22.974301,A,rule_based,chat,update_address,0.64,1,1,17,349,0,0,none,281,1
A-00121,2023-04-27 06:45:46.126188,A,rule_based,chat,request_statement,0.699,2,2,73,706,0,0,none,303,1
A-00122,2023-01-16 03:34:46.501577,A,rule_based,mobile_app,check_balance,0.718,2,1,25,558,0,0,none,412,1
A-00123,2023-05-26 19:34:55.745100,A,rule_based,voice,dispute_charge,0.665,2,2,7,668,0,1,unresolved,258,1
A-00124,2023-04-16 04:33:30.600360,A,rule_based,voice,check_balance,0.876,2,3,28,670,0,0,none,160,1
A-00125,2023-04-28 15:13:51.053829,A,rule_based,chat,dispute_charge,0.888,2,1,56,739,0,0,none,380,1
A-00126,2023-02-02 10:34:57.078822,A,rule_based,voice,make_payment,0.709,2,3,32,488,0,0,none,268,1
A-00127,2023-03-20 17:57:25.944102,A,rule_based,chat,check_balance,0.752,1,1,33,766,0,0,none,137,1
A-00128,2023-06-08 12:06:58.641469,A,rule_based,voice,check_balance,0.968,2,2,11,141,0,0,none,410,1
A-00129,2023-02-08 18:39:45.914878,A,rule_based,voice,update_address,0.654,2,3,55,444,0,0,none,395,0
A-00130,2023-01-01 00:32:22.546466,A,rule_based,chat,check_balance,0.843,2,1,21,377,0,0,none,141,1
A-00131,2023-02-16 08:26:15.490851,A,rule_based,chat,transfer_funds,0.657,1,3,12,167,0,1,customer_request,322,1
A-00132,2023-03-29 18:11:00.169592,A,rule_based,mobile_app,update_address,0.738,2,1,58,711,0,0,none,444,0
A-00133,2023-05-28 19:55:16.129431,A,rule_based,mobile_app,make_payment,0.74,1,2,75,660,0,0,none,389,0
A-00134,2023-04-26 19:01:00.085717,A,rule_based,voice,update_address,0.874,1,1,50,624,0,0,none,119,1
A-00135,2023-06-15 10:21:15.069222,A,rule_based,chat,check_balance,0.736,1,1,75,543,0,0,none,415,1
A-00136,2023-03-24 00:02:18.040677,A,rule_based,mobile_app,transfer_funds,0.72,1,2,35,521,0,0,none,55,1
A-00137,2023-03-12 08:19:18.347428,A,rule_based,voice,dispute_charge,0.912,1,2,43,366,0,0,none,307,1
A-00138,2023-02-11 15:43:36.104497,A,rule_based,voice,freeze_card,0.819,1,3,31,578,0,0,none,260,1
A-00139,2023-02-09 06:01:47.759552,A,rule_based,mobile_app,check_balance,0.755,1,1,43,782,0,0,none,46,1
A-00140,2023-05-13 11:59:41.118269,A,rule_based,voice,dispute_charge,0.834,1,2,71,275,0,1,customer_request,356,1
A-00141,2023-01-15 11:09:05.081601,A,rule_based,mobile_app,dispute_charge,0.9,2,1,52,337,0,0,none,163,1
A-00142,2023-02-13 16:31:21.671323,A,rule_based,voice,transfer_funds,0.753,2,3,7,176,0,0,none,413,1
A-00143,2023-06-09 11:04:03.076368,A,rule_based,mobile_app,update_address,0.852,1,1,48,735,0,0,none,425,1
A-00144,2023-04-14 20:17:52.563086,A,rule_based,chat,dispute_charge,0.944,1,3,33,471,0,0,none,295,1
A-00145,2023-01-09 09:15:30.496231,A,rule_based,chat,make_payment,0.809,2,1,45,514,0,0,none,312,1
A-00146,2023-05-07 18:22:54.511625,A,rule_based,chat,make_payment,0.9,2,2,46,286,0,0,none,53,1
A-00147,2023-04-02 04:52:04.183296,A,rule_based,voice,update_address,0.86,2,1,49,125,0,0,none,430,1
A-00148,2023-06-03 19:32:01.906049,A,rule_based,chat,dispute_charge,0.978,1,3,69,663,0,0,none,336,1
A-00149,2023-05-03 20:06:51.585762,A,rule_based,mobile_app,check_balance,0.689,1,1,69,702,0,0,none,203,1
A-00150,2023-01-01 19:12:33.336231,A,rule_based,mobile_app,loan_inquiry,0.879,1,3,77,338,0,0,none,68,0
A-00151,2023-02-07 00:47:34.283744,A,rule_based,mobile_app,loan_inquiry,0.949,2,3,50,633,0,0,none,257,1
A-00152,2023-02-16 10:24:11.471186,A,rule_based,chat,check_balance,0.792,1,2,26,500,0,0,none,435,0
A-00153,2023-05-07 09:38:36.561042,A,rule_based,chat,update_address,0.833,1,2,19,549,0,0,none,418,1
A-00154,2023-04-02 16:14:14.091125,A,rule_based,chat,check_balance,0.925,1,2,68,220,0,0,none,74,1
A-00155,2023-05-15 12:58:23.474762,A,rule_based,chat,request_statement,0.788,2,2,73,530,0,0,none,372,1
A-00156,2023-04-03 07:35:10.675480,A,rule_based,chat,make_payment,0.723,2,2,7,212,0,0,none,66,1
A-00157,2023-02-28 22:18:05.465554,A,rule_based,voice,request_statement,0.825,1,1,21,253,0,0,none,199,1
A-00158,2023-01-19 15:48:50.377614,A,rule_based,voice,freeze_card,0.847,2,1,55,349,0,0,none,231,1
A-00159,2023-02-06 11:19:38.878496,A,rule_based,chat,freeze_card,0.731,1,3,17,250,0,0,none,40,0
A-00160,2023-03-14 03:22:11.809536,A,rule_based,voice,check_balance,0.721,2,3,8,736,0,0,none,91,0
A-00161,2023-04-10 06:16:57.400843,A,rule_based,voice,transfer_funds,0.916,1,1,79,120,0,0,none,426,0
A-00162,2023-06-18 22:54:48.894421,A,rule_based,voice,make_payment,0.938,2,3,12,732,0,1,none,313,1
A-00163,2023-02-13 03:35:28.193738,A,rule_based,chat,check_balance,0.894,2,1,21,207,0,0,none,383,0
A-00164,2023-04-30 21:29:12.978275,A,rule_based,mobile_app,update_address,0.651,1,2,79,709,0,0,none,287,1
A-00165,2023-01-28 10:59:54.015544,A,rule_based,chat,make_payment,0.934,1,2,12,335,0,0,none,232,1
A-00166,2023-05-09 11:24:48.552136,A,rule_based,mobile_app,loan_inquiry,0.849,1,3,64,744,0,0,none,38,1
A-00167,2023-01-03 00:59:33.321343,A,rule_based,mobile_app,loan_inquiry,0.886,2,3,47,478,0,0,none,275,1
A-00168,2023-04-29 01:34:27.061305,A,rule_based,voice,make_payment,0.758,2,3,45,442,0,0,none,376,1
A-00169,2023-01-30 09:06:00.997224,A,rule_based,voice,transfer_funds,0.891,1,3,67,191,0,1,customer_request,121,1
A-00170,2023-02-02 11:00:05.790115,A,rule_based,voice,make_payment,0.798,1,2,6,403,0,0,none,250,0
A-00171,2023-04-11 14:28:51.513308,A,rule_based,voice,update_address,0.783,2,2,9,490,0,0,none,215,1
A-00172,2023-03-09 13:46:40.361972,A,rule_based,chat,make_payment,0.473,2,2,19,788,0,0,none,421,1
A-00173,2023-03-26 20:02:17.701367,A,rule_based,voice,transfer_funds,0.813,1,2,41,284,0,0,none,103,1
A-00174,2023-02-25 14:23:59.901515,A,rule_based,mobile_app,check_balance,0.896,1,2,77,157,0,0,none,77,1
A-00175,2023-06-21 14:58:39.554265,A,rule_based,chat,check_balance,0.907,1,1,10,277,0,0,none,124,1
A-00176,2023-02-22 07:38:03.668474,A,rule_based,voice,dispute_charge,0.705,1,1,36,270,0,0,none,100,1
A-00177,2023-04-08 13:38:41.549486,A,rule_based,mobile_app,transfer_funds,0.879,1,2,37,763,0,1,timeout,410,1
A-00178,2023-06-03 18:48:57.599771,A,rule_based,mobile_app,loan_inquiry,0.839,1,1,19,205,0,0,none,147,1
A-00179,2023-04-30 13:15:39.992280,A,rule_based,chat,freeze_card,0.783,1,2,30,794,0,0,none,193,1
A-00180,2023-02-28 02:23:47.079460,A,rule_based,chat,loan_inquiry,0.866,1,3,20,179,0,1,customer_request,145,1
A-00181,2023-04-10 10:31:35.299721,A,rule_based,mobile_app,loan_inquiry,0.761,2,1,15,668,0,0,none,396,1
A-00182,2023-01-15 22:31:17.995171,A,rule_based,chat,update_address,0.97,1,1,44,390,0,0,none,328,1
A-00183,2023-04-09 05:21:54.934910,A,rule_based,mobile_app,make_payment,0.806,2,1,74,138,0,0,none,243,1
A-00184,2023-03-19 15:36:03.102074,A,rule_based,voice,freeze_card,0.851,2,3,35,529,0,0,none,389,1
A-00185,2023-05-17 10:16:25.012406,A,rule_based,chat,request_statement,0.901,1,3,52,610,0,0,none,61,1
A-00186,2023-06-02 14:56:25.016422,A,rule_based,voice,make_payment,0.888,2,3,55,687,0,0,none,335,0
A-00187,2023-02-05 22:20:36.144661,A,rule_based,voice,check_balance,0.586,1,1,68,224,0,0,none,192,1
A-00188,2023-01-15 16:14:06.401726,A,rule_based,voice,freeze_card,0.944,2,2,66,532,0,0,none,200,1
A-00189,2023-03-12 07:12:22.172320,A,rule_based,voice,make_payment,0.807,1,1,72,498,0,0,none,101,1
A-00190,2023-04-07 03:31:47.148335,A,rule_based,voice,transfer_funds,0.561,2,1,66,409,0,0,none,73,1
A-00191,2023-03-09 19:47:03.900195,A,rule_based,voice,make_payment,0.869,2,3,74,725,0,0,none,342,1
A-00192,2023-04-24 03:23:03.331362,A,rule_based,voice,check_balance,0.934,1,3,77,396,0,0,none,412,0
A-00193,2023-04-02 00:24:48.702191,A,rule_based,chat,loan_inquiry,0.802,2,3,61,366,0,0,none,440,1
A-00194,2023-06-18 14:13:28.091111,A,rule_based,chat,check_balance,0.827,2,2,41,467,0,1,timeout,139,1
A-00195,2023-03-15 16:34:10.749866,A,rule_based,chat,check_balance,0.822,2,2,28,750,0,0,none,373,1
A-00196,2023-01-15 20:22:29.377696,A,rule_based,voice,update_address,0.505,1,3,47,707,0,0,none,80,1
A-00197,2023-02-24 08:21:33.448792,A,rule_based,chat,loan_inquiry,0.694,2,2,67,595,0,0,none,380,1
A-00198,2023-04-20 01:27:41.347473,A,rule_based,voice,check_balance,0.785,2,2,61,156,0,0,none,284,1
A-00199,2023-02-16 02:01:42.333537,A,rule_based,voice,make_payment,0.693,1,1,44,310,0,0,none,417,1
A-00200,2023-02-18 10:01:48.402481,A,rule_based,voice,freeze_card,0.969,1,3,10,110,0,0,none,60,1
A-00201,2023-03-03 02:57:11.271516,A,rule_based,mobile_app,transfer_funds,0.919,1,3,25,166,0,0,none,379,1
A-00202,2023-05-15 07:19:56.961146,A,rule_based,mobile_app,update_address,0.826,1,2,48,682,0,0,none,240,1
A-00203,2023-06-19 05:22:32.059740,A,rule_based,chat,check_balance,0.865,2,1,33,670,0,0,none,285,1
A-00204,2023-03-05 01:37:37.409601,A,rule_based,chat,check_balance,0.939,2,3,39,171,0,0,none,272,1
A-00205,2023-02-05 04:30:29.994355,A,rule_based,voice,make_payment,0.845,1,3,27,420,0,0,none,351,1
A-00206,2023-03-17 17:09:05.880103,A,rule_based,chat,check_balance,0.86,1,2,10,295,0,0,none,299,1
A-00207,2023-03-05 07:56:50.905219,A,rule_based,voice,request_statement,0.867,1,1,39,150,0,0,none,217,1
A-00208,2023-06-28 04:54:27.464444,A,rule_based,voice,check_balance,0.872,2,3,38,367,0,0,none,225,1
A-00209,2023-03-25 11:54:39.156472,A,rule_based,mobile_app,update_address,0.877,1,2,63,172,0,1,timeout,61,1
A-00210,2023-05-03 06:30:14.702930,A,rule_based,mobile_app,request_statement,0.649,2,3,13,615,0,0,none,355,1
A-00211,2023-06-14 11:33:52.012461,A,rule_based,voice,update_address,0.744,2,2,41,776,0,0,none,347,1
A-00212,2023-04-24 05:32:45.651163,A,rule_based,voice,check_balance,0.887,1,2,69,395,0,0,none,285,1
A-00213,2023-02-14 21:18:54.041954,A,rule_based,voice,loan_inquiry,0.863,2,1,25,270,0,0,none,354,1
A-00214,2023-04-20 08:00:41.802623,A,rule_based,voice,freeze_card,0.685,2,2,28,449,0,0,none,151,1
A-00215,2023-03-14 08:06:20.778485,A,rule_based,voice,freeze_card,0.831,2,2,11,776,0,0,none,130,1
A-00216,2023-03-18 00:33:05.169512,A,rule_based,chat,check_balance,0.772,2,1,48,211,0,1,unresolved,446,1
A-00217,2023-06-26 06:40:55.889473,A,rule_based,voice,check_balance,0.659,1,3,69,576,0,0,none,459,1
A-00218,2023-02-20 03:30:47.443427,A,rule_based,voice,transfer_funds,0.94,2,2,41,165,0,0,none,413,1
A-00219,2023-03-26 09:47:59.398031,A,rule_based,voice,dispute_charge,0.788,1,1,36,310,0,0,none,53,1
A-00220,2023-01-29 18:37:32.294714,A,rule_based,chat,make_payment,0.691,2,3,61,407,0,0,none,276,1
A-00221,2023-02-02 03:18:39.377957,A,rule_based,voice,dispute_charge,0.938,1,3,38,368,0,0,none,361,1
A-00222,2023-04-19 15:03:09.763383,A,rule_based,voice,request_statement,0.65,2,2,34,225,0,0,none,46,0
A-00223,2023-05-16 04:23:16.293191,A,rule_based,chat,transfer_funds,0.861,2,1,62,643,0,0,none,465,1
A-00224,2023-04-25 13:30:23.954489,A,rule_based,chat,make_payment,0.876,2,1,26,571,0,0,none,384,1
A-00225,2023-03-01 06:30:24.735387,A,rule_based,voice,transfer_funds,0.675,1,2,68,404,0,0,none,169,1
A-00226,2023-01-11 17:33:01.819731,A,rule_based,chat,check_balance,0.975,1,2,25,393,0,0,none,257,1
A-00227,2023-03-26 15:32:23.584136,A,rule_based,voice,update_address,0.835,2,2,43,152,0,0,none,440,1
A-00228,2023-04-01 18:26:41.644917,A,rule_based,chat,request_statement,0.964,2,3,23,562,0,1,unresolved,414,1
A-00229,2023-05-19 17:12:53.806991,A,rule_based,voice,check_balance,0.737,2,2,52,260,0,0,none,401,1
A-00230,2023-04-26 06:03:03.272764,A,rule_based,mobile_app,check_balance,0.739,2,3,37,310,0,0,none,472,1
A-00231,2023-06-06 19:50:14.176451,A,rule_based,mobile_app,dispute_charge,0.844,2,2,22,702,0,0,none,364,1
A-00232,2023-05-21 22:29:09.729466,A,rule_based,chat,transfer_funds,0.864,1,3,60,549,0,0,none,450,1
A-00233,2023-03-07 20:35:31.293828,A,rule_based,mobile_app,update_address,0.904,2,3,75,587,0,0,none,459,1
A-00234,2023-04-24 19:11:47.578656,A,rule_based,voice,transfer_funds,0.73,2,1,7,285,0,0,none,38,1
A-00235,2023-05-15 12:16:40.106086,A,rule_based,chat,loan_inquiry,0.959,1,2,47,450,0,0,none,324,1
A-00236,2023-06-22 05:43:23.501375,A,rule_based,voice,dispute_charge,0.785,1,3,58,109,0,0,none,180,1
A-00237,2023-03-18 00:33:40.833101,A,rule_based,voice,freeze_card,0.758,2,2,58,271,0,0,none,252,1
A-00238,2023-04-27 16:34:41.544423,A,rule_based,voice,check_balance,0.991,1,2,21,660,0,0,none,105,1
A-00239,2023-03-12 16:18:27.966300,A,rule_based,chat,check_balance,0.73,1,2,13,432,0,0,none,334,0
A-00240,2023-05-13 19:25:03.837783,A,rule_based,chat,loan_inquiry,0.842,2,2,43,544,0,0,none,405,1
A-00241,2023-06-14 03:48:37.800222,A,rule_based,mobile_app,freeze_card,0.659,2,2,52,652,0,0,none,215,1
A-00242,2023-06-15 11:03:22.996471,A,rule_based,chat,make_payment,0.867,1,3,26,755,0,0,none,344,1
A-00243,2023-01-29 06:37:05.070411,A,rule_based,mobile_app,update_address,0.75,2,1,32,157,0,1,unresolved,176,1
A-00244,2023-02-06 17:41:50.286200,A,rule_based,mobile_app,request_statement,0.351,1,3,44,506,0,0,none,367,1
A-00245,2023-05-16 21:17:42.818683,A,rule_based,chat,loan_inquiry,0.597,2,1,38,796,0,0,none,67,1
A-00246,2023-04-24 13:57:45.746176,A,rule_based,voice,request_statement,0.777,2,1,41,239,0,1,customer_request,426,1
A-00247,2023-06-12 22:03:48.525168,A,rule_based,voice,dispute_charge,0.708,1,2,56,701,0,0,none,200,0
A-00248,2023-02-26 11:37:06.300030,A,rule_based,chat,make_payment,0.886,1,2,78,506,0,0,none,257,1
A-00249,2023-06-02 15:26:59.654947,A,rule_based,mobile_app,dispute_charge,0.563,2,3,64,322,0,0,none,391,1
A-00250,2023-05-04 01:54:42.127813,A,rule_based,voice,request_statement,0.942,1,1,5,648,0,0,none,43,1
A-00251,2023-02-05 04:22:16.535555,A,rule_based,voice,loan_inquiry,0.834,2,1,31,709,0,0,none,455,1
A-00252,2023-01-23 18:27:20.426620,A,rule_based,voice,dispute_charge,0.675,1,1,5,199,0,0,none,306,1
A-00253,2023-05-07 11:45:57.458438,A,rule_based,voice,make_payment,0.87,2,2,70,577,0,0,none,468,1
A-00254,2023-01-29 12:33:13.445888,A,rule_based,chat,make_payment,0.904,2,2,53,755,0,0,none,278,1
A-00255,2023-05-23 23:30:05.226085,A,rule_based,voice,freeze_card,0.797,2,1,21,566,0,0,none,122,1
A-00256,2023-04-11 06:39:02.064060,A,rule_based,voice,loan_inquiry,0.937,2,3,67,483,0,0,none,292,1
A-00257,2023-03-27 20:03:56.555421,A,rule_based,chat,check_balance,0.725,2,2,47,197,0,0,none,287,1
A-00258,2023-02-19 14:17:07.566650,A,rule_based,voice,check_balance,0.718,1,3,8,415,0,0,none,444,1
A-00259,2023-06-27 02:12:46.692271,A,rule_based,voice,update_address,0.95,1,3,16,734,0,0,none,289,1
A-00260,2023-05-10 23:45:42.908881,A,rule_based,chat,check_balance,0.927,1,2,65,659,0,1,timeout,212,1
A-00261,2023-05-21 01:14:05.840708,A,rule_based,voice,loan_inquiry,0.964,1,3,26,415,0,0,none,109,1
A-00262,2023-05-19 08:49:52.347051,A,rule_based,mobile_app,make_payment,0.652,2,3,44,316,0,0,none,176,1
A-00263,2023-04-16 02:56:50.256250,A,rule_based,chat,check_balance,0.888,1,3,72,662,0,0,none,291,0
A-00264,2023-06-19 03:29:56.390144,A,rule_based,mobile_app,transfer_funds,0.885,2,1,26,777,0,0,none,196,0
A-00265,2023-04-16 02:06:32.020607,A,rule_based,voice,check_balance,0.712,2,3,5,309,0,0,none,193,1
A-00266,2023-04-04 14:35:48.939540,A,rule_based,chat,make_payment,0.773,2,1,11,667,0,0,none,36,1
A-00267,2023-02-19 06:25:44.800560,A,rule_based,chat,check_balance,0.687,2,1,73,315,0,0,none,454,1
A-00268,2023-02-20 17:05:57.025378,A,rule_based,chat,check_balance,0.812,1,2,49,679,0,0,none,406,1
A-00269,2023-05-13 15:20:18.505833,A,rule_based,voice,check_balance,0.855,1,2,29,775,0,0,none,144,1
A-00270,2023-03-02 06:11:42.941339,A,rule_based,voice,check_balance,0.831,1,2,10,564,0,0,none,91,1
A-00271,2023-05-12 04:01:49.508521,A,rule_based,voice,check_balance,0.838,1,1,57,447,0,0,none,405,1
A-00272,2023-06-21 11:41:35.513088,A,rule_based,chat,check_balance,0.684,1,1,7,319,0,0,none,406,1
A-00273,2023-03-21 01:48:29.256783,A,rule_based,chat,update_address,0.773,2,3,11,141,0,1,customer_request,433,1
A-00274,2023-01-18 12:26:48.398064,A,rule_based,voice,request_statement,0.814,1,1,49,136,0,0,none,276,1
A-00275,2023-04-30 23:28:50.877635,A,rule_based,chat,dispute_charge,0.779,2,3,53,684,0,0,none,361,1
A-00276,2023-01-02 17:08:22.188928,A,rule_based,chat,make_payment,0.83,1,1,47,563,0,0,none,358,1
A-00277,2023-05-22 15:51:18.762827,A,rule_based,chat,update_address,0.918,2,1,73,259,0,0,none,126,1
A-00278,2023-04-05 14:49:17.276186,A,rule_based,voice,loan_inquiry,0.742,1,1,25,486,0,0,none,265,0
A-00279,2023-03-30 03:38:35.236743,A,rule_based,mobile_app,loan_inquiry,0.951,1,1,46,715,0,1,customer_request,147,1
A-00280,2023-04-13 11:59:24.481304,A,rule_based,chat,check_balance,0.948,1,3,27,553,0,0,none,369,1
A-00281,2023-04-03 22:53:05.675273,A,rule_based,chat,check_balance,0.691,2,2,32,741,0,0,none,467,1
A-00282,2023-02-28 06:43:04.130972,A,rule_based,chat,make_payment,0.625,2,3,16,182,0,0,none,64,1
A-00283,2023-02-20 16:07:06.563332,A,rule_based,chat,make_payment,0.876,1,3,64,150,0,0,none,64,1
A-00284,2023-03-16 18:05:06.107623,A,rule_based,voice,update_address,0.838,2,1,57,566,0,0,none,148,1
A-00285,2023-06-11 02:00:29.152351,A,rule_based,mobile_app,dispute_charge,0.897,1,1,58,507,0,1,none,82,1
A-00286,2023-01-25 08:48:01.390621,A,rule_based,voice,check_balance,0.864,1,3,15,581,0,0,none,34,1
A-00287,2023-02-28 10:58:59.007670,A,rule_based,chat,make_payment,0.907,2,2,13,787,0,0,none,470,1
A-00288,2023-02-04 14:44:16.255469,A,rule_based,mobile_app,update_address,0.8,2,2,63,176,0,0,none,292,1
A-00289,2023-03-18 21:13:54.262220,A,rule_based,chat,check_balance,0.871,1,2,54,751,0,0,none,379,1
A-00290,2023-01-25 00:42:47.414204,A,rule_based,chat,loan_inquiry,0.71,2,3,7,142,0,0,none,284,1
A-00291,2023-05-17 22:38:13.387408,A,rule_based,voice,check_balance,0.788,2,2,54,467,0,0,none,365,1
A-00292,2023-01-19 14:58:44.889475,A,rule_based,voice,transfer_funds,0.802,2,1,78,682,0,0,none,338,1
A-00293,2023-04-30 17:55:56.079936,A,rule_based,chat,check_balance,0.858,1,2,61,576,0,0,none,102,1
A-00294,2023-02-18 04:30:30.972363,A,rule_based,voice,loan_inquiry,0.589,2,1,25,255,0,0,none,97,1
A-00295,2023-03-26 23:51:38.831130,A,rule_based,voice,transfer_funds,0.606,1,1,28,522,0,0,none,250,1
A-00296,2023-02-05 23:56:52.780631,A,rule_based,mobile_app,transfer_funds,0.793,2,1,61,731,0,0,none,196,1
A-00297,2023-05-12 10:33:58.663206,A,rule_based,voice,loan_inquiry,0.787,2,3,35,242,0,0,none,408,1
A-00298,2023-06-20 16:33:08.185101,A,rule_based,voice,freeze_card,0.783,2,3,60,756,0,0,none,167,1
A-00299,2023-02-09 21:56:22.709536,A,rule_based,voice,request_statement,0.809,1,1,77,557,0,1,unresolved,177,1
A-00300,2023-06-21 13:37:18.686350,A,rule_based,chat,freeze_card,0.704,2,3,35,160,0,0,none,268,1
A-00301,2023-02-28 13:10:58.153330,A,rule_based,voice,check_balance,0.819,1,3,48,333,0,0,none,116,0
A-00302,2023-04-11 09:53:59.141991,A,rule_based,chat,update_address,0.916,2,2,41,703,0,0,none,416,1
A-00303,2023-05-07 06:52:06.919283,A,rule_based,voice,update_address,0.85,1,1,43,336,0,0,none,34,1
A-00304,2023-02-05 20:50:25.517046,A,rule_based,voice,loan_inquiry,0.663,2,2,10,762,0,0,none,411,1
A-00305,2023-03-22 01:22:48.754952,A,rule_based,voice,dispute_charge,0.958,1,2,79,393,0,0,none,310,1
A-00306,2023-01-13 05:00:52.979287,A,rule_based,voice,dispute_charge,0.954,2,2,45,339,0,1,unresolved,429,1
A-00307,2023-05-06 11:16:20.324788,A,rule_based,chat,request_statement,0.928,2,2,22,696,0,0,none,162,1
A-00308,2023-03-16 23:46:53.893955,A,rule_based,voice,make_payment,0.909,2,1,48,649,0,0,none,435,1
A-00309,2023-06-10 11:54:15.771611,A,rule_based,voice,check_balance,0.886,1,2,34,266,0,0,none,418,1
A-00310,2023-02-19 07:38:41.851089,A,rule_based,voice,dispute_charge,0.642,1,3,66,646,0,0,none,235,1
A-00311,2023-06-16 05:57:27.795886,A,rule_based,voice,dispute_charge,0.898,2,1,61,275,0,0,none,157,1
A-00312,2023-01-26 09:17:31.664508,A,rule_based,voice,make_payment,0.891,2,2,33,726,0,0,none,118,1
A-00313,2023-04-20 06:05:42.479448,A,rule_based,voice,make_payment,0.919,2,2,58,105,0,0,none,98,1
A-00314,2023-02-25 09:43:52.813372,A,rule_based,mobile_app,make_payment,0.706,1,2,7,563,0,1,none,292,1
A-00315,2023-02-02 17:17:47.613546,A,rule_based,voice,make_payment,0.858,2,1,77,208,0,0,none,462,1
A-00316,2023-01-17 21:48:30.894576,A,rule_based,chat,make_payment,0.781,1,1,43,573,0,0,none,284,1
A-00317,2023-04-29 00:22:33.074904,A,rule_based,chat,request_statement,0.939,1,2,54,785,0,0,none,464,1
A-00318,2023-02-11 23:17:07.698048,A,rule_based,voice,make_payment,0.49,1,3,53,567,0,0,none,370,1
A-00319,2023-04-14 02:33:29.736529,A,rule_based,chat,transfer_funds,0.807,2,3,28,403,0,0,none,338,1
A-00320,2023-06-26 07:05:19.977534,A,rule_based,mobile_app,transfer_funds,0.945,2,3,56,676,0,1,none,356,1
A-00321,2023-02-26 20:57:18.228987,A,rule_based,chat,dispute_charge,0.733,2,2,34,236,0,0,none,447,1
A-00322,2023-01-07 06:57:33.407051,A,rule_based,mobile_app,make_payment,0.949,1,1,56,480,0,0,none,416,1
A-00323,2023-01-26 16:59:37.299093,A,rule_based,chat,update_address,0.836,1,2,11,775,0,0,none,102,1
A-00324,2023-01-22 11:28:15.890363,A,rule_based,voice,loan_inquiry,0.832,1,3,15,349,0,0,none,293,1
A-00325,2023-03-25 09:23:05.415096,A,rule_based,mobile_app,request_statement,0.912,2,2,74,118,0,0,none,237,0
A-00326,2023-05-15 00:53:25.659362,A,rule_based,voice,loan_inquiry,0.515,2,2,60,409,0,0,none,425,1
A-00327,2023-02-23 08:38:23.087679,A,rule_based,chat,update_address,0.845,1,2,14,438,0,0,none,121,1
A-00328,2023-01-27 06:02:26.772163,A,rule_based,chat,request_statement,0.814,2,3,21,668,0,0,none,398,0
A-00329,2023-04-26 08:06:44.749947,A,rule_based,mobile_app,make_payment,0.919,1,3,45,663,0,1,customer_request,245,1
A-00330,2023-02-24 05:05:54.608023,A,rule_based,mobile_app,freeze_card,0.726,1,3,5,338,0,0,none,449,1
A-00331,2023-04-14 12:44:09.272504,A,rule_based,voice,make_payment,0.715,2,2,35,640,0,0,none,386,1
A-00332,2023-06-18 01:57:28.576031,A,rule_based,chat,request_statement,0.757,2,3,29,200,0,0,none,185,1
A-00333,2023-02-22 10:37:07.843017,A,rule_based,voice,loan_inquiry,0.715,1,3,15,232,0,0,none,410,1
A-00334,2023-04-03 05:57:49.588490,A,rule_based,chat,check_balance,0.781,2,3,27,522,0,0,none,114,1
A-00335,2023-05-26 05:25:38.880793,A,rule_based,chat,request_statement,0.8,1,3,26,595,0,0,none,31,1
A-00336,2023-05-05 12:13:20.085563,A,rule_based,voice,check_balance,0.82,2,1,10,665,0,0,none,258,1
A-00337,2023-05-16 06:23:08.574166,A,rule_based,chat,freeze_card,0.77,1,2,52,535,0,0,none,205,1
A-00338,2023-05-20 01:29:58.917762,A,rule_based,voice,check_balance,0.71,1,1,25,189,0,0,none,86,1
A-00339,2023-04-08 04:26:13.948235,A,rule_based,voice,transfer_funds,0.726,1,2,7,572,0,0,none,477,1
A-00340,2023-04-07 11:47:17.902096,A,rule_based,mobile_app,check_balance,0.674,2,3,6,400,0,0,none,47,1
A-00341,2023-05-10 09:36:10.755134,A,rule_based,chat,transfer_funds,0.703,2,3,77,286,0,0,none,295,1
A-00342,2023-05-06 13:50:25.896806,A,rule_based,chat,loan_inquiry,0.829,2,1,13,337,0,0,none,147,1
A-00343,2023-05-01 14:38:56.790990,A,rule_based,voice,update_address,0.811,1,3,73,667,0,0,none,163,1
A-00344,2023-03-10 18:49:18.732203,A,rule_based,voice,freeze_card,0.833,2,1,17,224,0,0,none,124,1
A-00345,2023-05-30 03:18:15.224447,A,rule_based,voice,freeze_card,0.966,2,1,11,491,0,0,none,205,1
A-00346,2023-02-12 12:23:47.335496,A,rule_based,voice,transfer_funds,0.775,1,2,45,158,0,0,none,330,1
A-00347,2023-01-29 00:45:43.540717,A,rule_based,voice,make_payment,0.787,2,1,70,607,0,0,none,175,1
A-00348,2023-03-04 03:06:02.831687,A,rule_based,voice,update_address,0.704,1,3,10,204,0,0,none,354,1
A-00349,2023-02-15 16:33:03.450778,A,rule_based,chat,check_balance,0.992,1,1,29,757,0,0,none,231,1
A-00350,2023-04-30 08:56:54.429783,A,rule_based,voice,request_statement,0.946,1,1,61,717,0,0,none,383,1
A-00351,2023-02-11 13:59:49.621084,A,rule_based,chat,check_balance,0.793,1,3,10,698,0,1,unresolved,230,1
A-00352,2023-04-29 04:02:09.966033,A,rule_based,mobile_app,update_address,0.842,2,1,17,344,0,0,none,194,1
A-00353,2023-04-03 09:07:20.905364,A,rule_based,voice,update_address,0.863,1,3,27,647,0,0,none,258,1
A-00354,2023-01-28 10:35:03.458706,A,rule_based,chat,dispute_charge,0.72,2,3,65,194,0,0,none,338,1
A-00355,2023-02-16 12:16:18.699610,A,rule_based,voice,update_address,0.931,2,1,65,302,0,1,none,239,1
A-00356,2023-04-04 21:51:34.949484,A,rule_based,voice,freeze_card,0.604,2,2,58,192,0,0,none,437,1
A-00357,2023-05-12 23:00:53.686621,A,rule_based,chat,freeze_card,0.82,1,2,54,137,0,0,none,262,1
A-00358,2023-03-13 16:26:49.570205,A,rule_based,voice,dispute_charge,0.868,1,1,6,356,0,0,none,163,1
A-00359,2023-02-11 21:50:13.251153,A,rule_based,voice,update_address,0.691,1,3,22,502,0,0,none,42,1
A-00360,2023-02-23 02:44:16.307827,A,rule_based,mobile_app,transfer_funds,0.708,2,3,74,703,0,0,none,206,0
A-00361,2023-01-18 02:54:22.527580,A,rule_based,voice,check_balance,0.94,2,3,58,124,0,0,none,54,1
A-00362,2023-01-05 12:38:45.040955,A,rule_based,chat,check_balance,0.888,2,1,23,384,0,0,none,46,1
A-00363,2023-06-25 03:55:07.060175,A,rule_based,chat,check_balance,0.962,1,1,58,599,0,0,none,197,0
A-00364,2023-01-18 08:29:27.299259,A,rule_based,voice,request_statement,0.624,2,3,59,241,0,0,none,160,1
A-00365,2023-01-23 11:30:47.991161,A,rule_based,chat,dispute_charge,0.733,1,1,60,615,0,0,none,428,1
A-00366,2023-06-06 18:33:53.451159,A,rule_based,voice,freeze_card,0.828,1,2,78,499,0,0,none,358,1
A-00367,2023-04-30 10:20:33.425906,A,rule_based,voice,request_statement,0.833,2,2,45,494,0,0,none,385,0
A-00368,2023-03-20 11:50:00.005927,A,rule_based,mobile_app,make_payment,0.918,1,1,9,187,0,0,none,275,1
A-00369,2023-04-27 19:46:52.005848,A,rule_based,voice,loan_inquiry,0.829,2,2,66,217,0,0,none,79,1
A-00370,2023-06-18 07:08:03.975545,A,rule_based,chat,freeze_card,0.545,1,1,6,714,0,0,none,412,1
A-00371,2023-01-18 21:18:35.947448,A,rule_based,voice,make_payment,0.689,1,1,53,713,0,0,none,252,1
A-00372,2023-02-13 20:49:53.894631,A,rule_based,voice,make_payment,0.86,1,2,64,416,0,0,none,223,0
A-00373,2023-06-04 20:29:51.874777,A,rule_based,chat,make_payment,0.419,1,1,14,517,0,0,none,302,1
A-00374,2023-05-21 12:21:43.098123,A,rule_based,chat,check_balance,0.862,2,1,64,479,0,0,none,103,1
A-00375,2023-06-28 23:11:20.533657,A,rule_based,voice,check_balance,0.797,1,3,65,460,0,0,none,246,1
A-00376,2023-02-26 12:05:09.892003,A,rule_based,chat,transfer_funds,0.657,2,2,54,598,0,0,none,302,1
A-00377,2023-06-20 01:54:33.248299,A,rule_based,voice,dispute_charge,0.74,1,2,29,497,0,0,none,343,1
A-00378,2023-03-03 20:44:08.704300,A,rule_based,voice,dispute_charge,0.54,1,1,20,187,0,0,none,255,1
A-00379,2023-05-09 17:12:09.309317,A,rule_based,chat,freeze_card,0.968,1,1,57,158,0,0,none,478,0
A-00380,2023-06-08 21:26:58.321411,A,rule_based,chat,update_address,0.911,2,2,16,695,0,0,none,475,1
A-00381,2023-01-31 17:46:43.145458,A,rule_based,voice,transfer_funds,0.777,1,2,55,618,0,0,none,73,1
A-00382,2023-02-07 00:21:32.363107,A,rule_based,chat,freeze_card,0.847,1,2,17,239,0,0,none,67,1
A-00383,2023-04-15 13:44:28.894199,A,rule_based,voice,dispute_charge,0.782,2,1,30,142,0,0,none,261,1
A-00384,2023-06-01 21:19:22.823592,A,rule_based,mobile_app,make_payment,0.788,1,3,42,253,0,0,none,402,1
A-00385,2023-01-15 05:03:43.171774,A,rule_based,chat,transfer_funds,0.837,2,2,17,504,0,0,none,260,0
A-00386,2023-06-03 03:48:18.353324,A,rule_based,voice,freeze_card,0.835,1,3,64,508,0,0,none,127,1
A-00387,2023-03-03 18:16:50.475485,A,rule_based,voice,transfer_funds,0.744,2,2,57,218,0,0,none,283,1
A-00388,2023-03-15 02:53:56.300500,A,rule_based,mobile_app,check_balance,0.903,1,2,6,223,0,1,timeout,454,1
A-00389,2023-03-03 04:11:59.760133,A,rule_based,mobile_app,loan_inquiry,0.79,2,1,68,245,0,0,none,105,1
A-00390,2023-06-14 01:35:35.476459,A,rule_based,voice,request_statement,0.896,1,3,58,410,0,0,none,230,0
A-00391,2023-01-24 13:01:53.367016,A,rule_based,voice,check_balance,0.902,1,1,67,263,0,0,none,317,1
A-00392,2023-04-14 08:51:56.731254,A,rule_based,voice,update_address,0.96,2,3,50,419,0,0,none,206,0
A-00393,2023-01-27 15:49:36.869892,A,rule_based,mobile_app,request_statement,0.763,1,3,51,110,0,0,none,49,1
A-00394,2023-06-17 03:31:43.687235,A,rule_based,mobile_app,check_balance,0.739,1,2,33,755,0,0,none,331,1
A-00395,2023-05-24 15:03:47.788106,A,rule_based,chat,dispute_charge,0.844,2,3,22,724,0,0,none,363,0
A-00396,2023-02-12 02:05:57.353308,A,rule_based,voice,loan_inquiry,0.843,2,3,22,337,0,1,customer_request,324,0
A-00397,2023-02-23 14:24:07.625307,A,rule_based,mobile_app,make_payment,0.938,1,1,28,662,0,0,none,328,1
A-00398,2023-03-10 16:08:46.380476,A,rule_based,voice,dispute_charge,0.631,2,1,26,474,0,0,none,325,1
A-00399,2023-03-14 23:24:15.686195,A,rule_based,voice,dispute_charge,0.882,1,2,61,121,0,0,none,178,1
A-00400,2023-05-28 02:55:16.137446,A,rule_based,voice,make_payment,0.772,1,3,44,299,0,0,none,37,1
A-00401,2023-04-12 14:47:02.741769,A,rule_based,voice,transfer_funds,0.53,2,1,35,139,0,0,none,475,0
A-00402,2023-03-19 00:44:27.745196,A,rule_based,chat,freeze_card,0.805,1,3,59,595,0,0,none,122,1
A-00403,2023-05-10 12:00:03.304674,A,rule_based,voice,check_balance,0.819,1,3,59,648,0,0,none,402,1
A-00404,2023-03-24 09:58:34.556899,A,rule_based,voice,transfer_funds,0.797,2,1,75,532,0,0,none,273,1
A-00405,2023-01-24 01:59:48.742592,A,rule_based,chat,loan_inquiry,0.431,1,3,28,104,0,0,none,272,1
A-00406,2023-01-20 08:21:11.793760,A,rule_based,voice,make_payment,0.559,2,2,23,265,0,0,none,39,1
A-00407,2023-02-28 16:07:58.284175,A,rule_based,voice,loan_inquiry,0.886,2,2,5,428,0,0,none,475,1
A-00408,2023-04-19 12:23:57.935391,A,rule_based,voice,check_balance,0.839,1,1,16,201,0,0,none,267,0
A-00409,2023-01-25 06:30:52.327585,A,rule_based,voice,transfer_funds,0.942,2,2,50,175,0,0,none,403,1
A-00410,2023-04-10 00:34:46.622686,A,rule_based,voice,request_statement,0.738,2,2,65,313,0,0,none,380,0
A-00411,2023-02-18 12:42:49.196065,A,rule_based,chat,request_statement,0.698,2,2,50,514,0,0,none,92,1
A-00412,2023-05-06 04:11:09.439540,A,rule_based,voice,check_balance,0.898,1,3,79,161,0,0,none,456,1
A-00413,2023-01-06 02:05:41.528695,A,rule_based,voice,loan_inquiry,0.778,1,1,52,798,0,0,none,295,1
A-00414,2023-03-26 10:10:52.406386,A,rule_based,chat,check_balance,0.918,1,1,71,421,0,0,none,113,1
A-00415,2023-01-10 09:46:52.045469,A,rule_based,voice,make_payment,0.876,2,2,25,220,0,0,none,291,1
A-00416,2023-03-01 11:47:36.921082,A,rule_based,chat,check_balance,0.651,2,3,29,114,0,0,none,307,1
A-00417,2023-01-03 19:17:04.643950,A,rule_based,voice,freeze_card,0.672,2,1,65,769,0,0,none,323,1
A-00418,2023-03-26 10:30:23.924508,A,rule_based,mobile_app,check_balance,0.884,2,3,54,516,0,0,none,174,1
A-00419,2023-05-19 01:30:30.786570,A,rule_based,voice,transfer_funds,0.532,1,3,41,705,0,0,none,453,1
A-00420,2023-01-19 00:57:02.027025,A,rule_based,chat,request_statement,0.481,2,3,76,643,0,0,none,136,1
A-00421,2023-05-13 08:09:43.305891,A,rule_based,chat,check_balance,0.938,2,2,62,790,0,0,none,251,1
A-00422,2023-04-16 03:43:24.793820,A,rule_based,chat,check_balance,0.793,2,1,27,722,0,0,none,407,1
A-00423,2023-04-01 19:53:41.207811,A,rule_based,chat,check_balance,0.751,2,1,50,636,0,0,none,64,1
A-00424,2023-04-18 21:46:03.694982,A,rule_based,voice,request_statement,0.609,2,2,34,695,0,0,none,211,1
A-00425,2023-03-02 11:04:32.192652,A,rule_based,voice,loan_inquiry,0.774,2,2,36,699,0,1,unresolved,245,1
A-00426,2023-05-08 20:40:00.740204,A,rule_based,mobile_app,make_payment,0.961,1,3,65,278,0,0,none,377,1
A-00427,2023-05-21 08:09:23.173552,A,rule_based,mobile_app,loan_inquiry,0.73,1,3,55,516,0,0,none,384,1
A-00428,2023-05-21 01:55:37.557607,A,rule_based,voice,check_balance,0.978,1,3,5,790,0,0,none,388,1
A-00429,2023-02-18 12:03:58.644651,A,rule_based,chat,loan_inquiry,0.849,2,2,48,707,0,0,none,191,0
A-00430,2023-04-28 16:52:41.814697,A,rule_based,chat,transfer_funds,0.759,1,1,53,173,0,0,none,251,1
A-00431,2023-01-27 15:46:24.726791,A,rule_based,chat,freeze_card,0.761,1,2,43,178,0,0,none,42,1
A-00432,2023-03-31 04:12:45.830649,A,rule_based,mobile_app,request_statement,0.686,1,3,27,240,0,0,none,400,1
A-00433,2023-01-01 11:21:30.252446,A,rule_based,chat,loan_inquiry,0.94,1,3,53,619,0,1,customer_request,166,0
A-00434,2023-02-04 20:17:41.276098,A,rule_based,voice,check_balance,0.795,2,3,76,375,0,0,none,240,1
A-00435,2023-04-24 17:05:28.969429,A,rule_based,chat,make_payment,0.862,1,1,11,540,0,0,none,336,1
A-00436,2023-06-07 09:14:30.128919,A,rule_based,voice,check_balance,0.805,1,2,50,197,0,0,none,379,1
A-00437,2023-01-09 19:48:08.099610,A,rule_based,voice,update_address,0.876,1,2,73,141,0,0,none,68,1
A-00438,2023-04-11 12:56:53.023895,A,rule_based,chat,freeze_card,0.845,1,1,35,639,0,0,none,375,1
A-00439,2023-04-25 14:52:05.112673,A,rule_based,chat,request_statement,0.705,1,2,30,304,0,0,none,199,1
A-00440,2023-06-17 19:55:44.539354,A,rule_based,voice,loan_inquiry,0.756,1,1,23,130,0,0,none,217,1
A-00441,2023-04-28 22:13:16.294318,A,rule_based,chat,check_balance,0.715,2,1,21,251,0,0,none,89,1
A-00442,2023-01-19 13:06:04.588825,A,rule_based,voice,freeze_card,0.826,1,1,34,326,0,0,none,352,1
A-00443,2023-01-27 09:56:06.460052,A,rule_based,voice,check_balance,0.888,2,3,62,383,0,0,none,244,1
A-00444,2023-04-25 10:30:03.732451,A,rule_based,chat,make_payment,0.587,1,3,18,727,0,0,none,76,1
A-00445,2023-02-08 19:28:37.213022,A,rule_based,chat,freeze_card,0.881,1,2,22,238,0,0,none,93,1
A-00446,2023-06-17 02:16:46.745292,A,rule_based,voice,transfer_funds,0.885,1,1,79,522,0,0,none,354,1
A-00447,2023-06-15 17:22:07.346622,A,rule_based,voice,request_statement,0.724,2,2,79,292,0,0,none,79,1
A-00448,2023-06-20 18:11:35.937165,A,rule_based,chat,check_balance,0.68,1,2,22,448,0,0,none,264,1
A-00449,2023-02-22 17:33:18.956695,A,rule_based,voice,request_statement,0.811,2,1,36,307,0,0,none,344,1
A-00450,2023-05-10 01:13:24.968599,A,rule_based,mobile_app,check_balance,0.884,2,2,35,341,0,0,none,440,1
A-00451,2023-04-30 08:13:12.280651,A,rule_based,voice,loan_inquiry,0.843,1,3,27,519,0,0,none,101,1
A-00452,2023-01-07 09:48:30.007365,A,rule_based,mobile_app,freeze_card,0.768,1,3,16,512,0,0,none,163,1
A-00453,2023-02-17 19:14:28.067337,A,rule_based,voice,check_balance,0.742,2,3,9,194,0,0,none,99,1
A-00454,2023-02-07 05:13:56.179975,A,rule_based,voice,check_balance,0.937,1,3,51,209,0,0,none,425,1
A-00455,2023-03-08 17:53:35.374235,A,rule_based,voice,check_balance,0.773,2,1,8,268,0,0,none,296,1
A-00456,2023-06-21 13:11:31.399711,A,rule_based,chat,transfer_funds,0.807,1,2,51,729,0,0,none,472,1
A-00457,2023-06-02 04:59:56.689080,A,rule_based,mobile_app,dispute_charge,0.924,2,2,12,322,0,0,none,49,1
A-00458,2023-02-22 19:35:39.244959,A,rule_based,voice,freeze_card,0.72,2,1,16,504,0,0,none,347,1
A-00459,2023-04-06 09:44:10.371657,A,rule_based,voice,request_statement,0.761,2,1,5,414,0,0,none,44,0
A-00460,2023-02-04 14:35:22.722916,A,rule_based,voice,update_address,0.735,2,2,34,347,0,0,none,79,1
A-00461,2023-02-19 22:30:53.448186,A,rule_based,chat,check_balance,0.566,2,3,29,126,0,0,none,224,1
A-00462,2023-01-12 16:48:50.528679,A,rule_based,voice,transfer_funds,0.871,2,1,29,408,0,0,none,195,1
A-00463,2023-04-26 16:03:36.302259,A,rule_based,mobile_app,make_payment,0.856,2,2,28,799,0,0,none,194,1
A-00464,2023-04-29 05:53:51.884967,A,rule_based,voice,update_address,0.62,1,1,75,758,0,0,none,60,1
A-00465,2023-05-31 22:19:37.206735,A,rule_based,chat,request_statement,0.87,1,1,37,310,0,1,timeout,275,1
A-00466,2023-06-06 21:06:13.802421,A,rule_based,chat,request_statement,0.691,2,2,65,473,0,0,none,183,1
A-00467,2023-01-29 19:27:23.776261,A,rule_based,voice,transfer_funds,0.922,1,2,22,301,0,0,none,477,1
A-00468,2023-05-14 17:56:12.794727,A,rule_based,voice,check_balance,0.627,1,3,41,745,0,0,none,385,1
A-00469,2023-01-25 05:56:13.105731,A,rule_based,mobile_app,update_address,0.879,2,3,9,488,0,0,none,225,1
A-00470,2023-03-09 06:26:55.862671,A,rule_based,voice,dispute_charge,0.681,1,1,24,744,0,0,none,374,1
A-00471,2023-04-03 19:07:04.760889,A,rule_based,chat,dispute_charge,0.836,1,2,10,697,0,0,none,289,0
A-00472,2023-01-09 21:42:36.103882,A,rule_based,mobile_app,check_balance,0.802,2,3,6,329,0,0,none,252,1
A-00473,2023-01-29 05:13:09.241955,A,rule_based,voice,check_balance,0.716,1,1,18,419,0,0,none,443,1
A-00474,2023-02-18 19:13:17.587045,A,rule_based,mobile_app,make_payment,0.804,2,3,16,498,0,0,none,294,1
A-00475,2023-01-23 22:58:58.310471,A,rule_based,voice,make_payment,0.895,1,3,28,274,0,0,none,247,1
A-00476,2023-06-18 03:17:45.225353,A,rule_based,chat,dispute_charge,0.808,1,1,60,682,0,0,none,284,1
A-00477,2023-02-21 21:32:20.013131,A,rule_based,voice,request_statement,0.874,2,1,16,496,0,0,none,381,1
A-00478,2023-04-01 05:03:41.726443,A,rule_based,voice,request_statement,0.795,1,3,50,245,0,0,none,363,1
A-00479,2023-06-29 09:01:40.468220,A,rule_based,voice,dispute_charge,0.805,2,2,32,438,0,0,none,276,0
A-00480,2023-04-12 23:53:46.911635,A,rule_based,voice,dispute_charge,0.762,2,3,35,675,0,0,none,109,1
A-00481,2023-03-16 01:39:42.292677,A,rule_based,voice,make_payment,0.868,1,2,74,396,0,0,none,316,0
A-00482,2023-06-17 08:42:11.496934,A,rule_based,voice,update_address,0.932,2,2,39,597,0,0,none,223,1
A-00483,2023-02-10 01:11:25.091461,A,rule_based,chat,make_payment,0.707,1,1,24,788,0,0,none,449,1
A-00484,2023-02-02 07:26:35.521524,A,rule_based,voice,check_balance,0.874,2,1,22,334,0,0,none,438,1
A-00485,2023-04-07 08:46:26.667322,A,rule_based,voice,dispute_charge,0.963,1,1,17,797,0,0,none,30,1
A-00486,2023-03-18 21:56:36.626754,A,rule_based,voice,dispute_charge,0.371,2,1,65,390,0,0,none,479,1
A-00487,2023-05-24 10:58:47.474410,A,rule_based,voice,make_payment,0.769,1,1,54,493,0,0,none,435,1
A-00488,2023-01-08 13:29:00.162366,A,rule_based,voice,update_address,0.729,2,3,25,641,0,0,none,438,1
A-00489,2023-04-22 04:34:32.021243,A,rule_based,voice,update_address,0.718,2,1,41,147,0,0,none,253,1
A-00490,2023-05-08 22:08:02.030348,A,rule_based,chat,freeze_card,0.961,1,2,42,591,0,1,timeout,151,0
A-00491,2023-06-24 22:40:49.464334,A,rule_based,chat,request_statement,0.669,1,2,8,496,0,0,none,303,1
A-00492,2023-01-27 05:41:49.290130,A,rule_based,chat,request_statement,0.851,1,1,73,558,0,0,none,427,1
A-00493,2023-02-14 07:46:14.537370,A,rule_based,voice,make_payment,0.673,2,3,64,766,0,0,none,232,1
A-00494,2023-06-17 20:09:17.137365,A,rule_based,mobile_app,freeze_card,0.78,2,2,45,439,0,0,none,473,1
A-00495,2023-04-24 12:18:59.804956,A,rule_based,chat,update_address,0.745,1,1,58,747,0,0,none,147,1
A-00496,2023-01-07 20:22:18.557103,A,rule_based,chat,dispute_charge,0.894,1,1,13,497,0,0,none,413,0
A-00497,2023-01-14 22:07:33.923082,A,rule_based,voice,request_statement,0.815,1,3,78,250,0,0,none,59,1
A-00498,2023-05-22 09:06:11.598881,A,rule_based,voice,make_payment,0.854,1,2,53,556,0,0,none,407,1
A-00499,2023-04-13 03:29:23.399994,A,rule_based,voice,update_address,0.831,2,2,75,233,0,0,none,455,0
A-00500,2023-04-12 18:35:41.570137,A,rule_based,voice,freeze_card,0.911,2,2,69,729,0,0,none,346,1
A-00501,2023-06-08 09:01:10.484777,A,rule_based,chat,loan_inquiry,0.945,1,1,48,206,0,0,none,310,1
A-00502,2023-02-13 09:32:34.842061,A,rule_based,voice,transfer_funds,0.898,1,1,26,449,0,0,none,215,1
A-00503,2023-01-29 21:03:42.629296,A,rule_based,voice,update_address,0.752,1,2,56,673,0,0,none,423,1
A-00504,2023-04-21 11:38:30.097419,A,rule_based,voice,update_address,0.874,1,2,43,106,0,0,none,86,1
A-00505,2023-06-08 20:04:04.014713,A,rule_based,voice,freeze_card,0.904,1,1,35,443,0,0,none,160,1
A-00506,2023-02-17 17:52:58.025871,A,rule_based,voice,make_payment,0.848,2,2,58,454,0,0,none,89,1
A-00507,2023-05-03 15:11:29.961235,A,rule_based,voice,loan_inquiry,0.727,2,2,71,336,0,0,none,155,1
A-00508,2023-01-28 10:16:38.703460,A,rule_based,voice,dispute_charge,0.918,2,1,17,571,0,0,none,265,1
A-00509,2023-01-31 22:38:44.037535,A,rule_based,voice,check_balance,0.804,1,2,46,327,0,0,none,181,1
A-00510,2023-06-12 06:31:24.419881,A,rule_based,chat,check_balance,0.905,1,1,63,362,0,0,none,219,1
A-00511,2023-01-22 05:36:31.600784,A,rule_based,mobile_app,loan_inquiry,0.719,2,2,29,292,0,0,none,133,0
A-00512,2023-01-05 09:10:21.786062,A,rule_based,mobile_app,check_balance,0.837,1,1,30,537,0,0,none,188,1
A-00513,2023-05-20 11:44:33.849019,A,rule_based,chat,make_payment,0.908,2,3,5,717,0,0,none,254,1
A-00514,2023-03-07 06:02:28.498664,A,rule_based,voice,make_payment,0.947,2,2,29,224,0,0,none,126,1
A-00515,2023-03-13 09:33:53.803848,A,rule_based,chat,check_balance,0.85,2,1,48,386,0,0,none,451,0
A-00516,2023-05-24 23:23:04.538412,A,rule_based,mobile_app,make_payment,0.931,1,3,77,258,0,1,customer_request,433,1
A-00517,2023-02-02 09:19:21.430611,A,rule_based,voice,freeze_card,0.913,2,3,44,270,0,0,none,424,1
A-00518,2023-04-28 01:24:44.594535,A,rule_based,voice,check_balance,0.944,1,1,26,780,0,0,none,30,1
A-00519,2023-02-26 10:26:32.570083,A,rule_based,chat,loan_inquiry,0.83,2,1,65,597,0,0,none,252,1
A-00520,2023-01-19 18:26:23.099980,A,rule_based,voice,loan_inquiry,0.784,1,1,19,761,0,1,customer_request,387,1
A-00521,2023-05-04 17:58:58.553583,A,rule_based,chat,make_payment,0.699,2,1,19,544,0,0,none,186,1
A-00522,2023-02-27 08:37:44.620536,A,rule_based,voice,check_balance,0.778,1,3,44,566,0,0,none,134,1
A-00523,2023-06-05 23:43:47.029764,A,rule_based,voice,request_statement,0.802,1,1,66,600,0,0,none,305,1
A-00524,2023-06-15 10:14:02.432407,A,rule_based,chat,check_balance,0.897,1,2,20,557,0,0,none,31,1
A-00525,2023-06-02 19:54:13.001395,A,rule_based,chat,make_payment,0.91,2,3,6,675,0,0,none,305,1
A-00526,2023-02-28 00:33:34.376116,A,rule_based,chat,transfer_funds,0.841,1,2,59,328,0,0,none,233,0
A-00527,2023-02-12 14:02:12.974041,A,rule_based,chat,transfer_funds,0.931,2,3,49,170,0,0,none,337,1
A-00528,2023-06-10 16:53:55.590726,A,rule_based,mobile_app,freeze_card,0.672,1,1,56,442,0,0,none,337,1
A-00529,2023-03-23 12:43:51.493247,A,rule_based,voice,make_payment,0.863,1,3,34,101,0,1,customer_request,271,1
A-00530,2023-05-08 09:26:08.180774,A,rule_based,mobile_app,request_statement,0.93,2,1,13,133,0,0,none,292,1
A-00531,2023-05-29 21:20:57.660338,A,rule_based,voice,freeze_card,0.494,2,3,29,135,0,0,none,42,1
A-00532,2023-02-19 23:36:22.856504,A,rule_based,voice,dispute_charge,0.698,2,2,40,154,0,0,none,471,1
A-00533,2023-01-22 10:30:03.199242,A,rule_based,chat,request_statement,0.802,1,2,37,594,0,0,none,64,1
A-00534,2023-04-23 11:15:18.265115,A,rule_based,voice,check_balance,0.917,2,3,71,518,0,0,none,469,0
A-00535,2023-04-17 05:37:49.961630,A,rule_based,mobile_app,make_payment,0.987,2,3,21,754,0,0,none,468,1
A-00536,2023-02-18 15:15:51.529986,A,rule_based,voice,update_address,0.833,1,1,28,302,0,0,none,353,1
A-00537,2023-04-16 05:55:58.930985,A,rule_based,voice,check_balance,0.879,1,3,18,331,0,0,none,365,0
A-00538,2023-05-23 06:20:36.021647,A,rule_based,voice,check_balance,0.925,1,1,47,443,0,0,none,43,0
A-00539,2023-03-05 00:02:50.797416,A,rule_based,chat,loan_inquiry,0.898,1,3,65,646,0,0,none,456,1
A-00540,2023-02-13 14:48:45.164730,A,rule_based,chat,transfer_funds,0.748,2,3,71,751,0,1,customer_request,267,1
A-00541,2023-05-11 12:00:18.874056,A,rule_based,voice,update_address,0.679,1,2,22,610,0,0,none,182,1
A-00542,2023-05-22 10:58:01.603435,A,rule_based,voice,loan_inquiry,0.931,1,3,37,454,0,0,none,331,1
A-00543,2023-06-21 18:31:49.337737,A,rule_based,voice,transfer_funds,0.948,1,3,60,784,0,0,none,270,0
A-00544,2023-01-27 13:34:14.718013,A,rule_based,voice,check_balance,0.838,1,2,8,226,0,0,none,192,1
A-00545,2023-06-10 01:37:15.312565,A,rule_based,chat,dispute_charge,0.965,1,1,58,429,0,0,none,174,1
A-00546,2023-05-18 17:13:36.711625,A,rule_based,chat,dispute_charge,0.981,2,2,15,272,0,0,none,83,1
A-00547,2023-05-07 08:12:27.368141,A,rule_based,voice,check_balance,0.939,1,3,7,216,0,0,none,439,1
A-00548,2023-02-26 08:23:30.041169,A,rule_based,voice,freeze_card,0.605,2,1,13,377,0,0,none,329,1
A-00549,2023-01-04 23:52:24.776878,A,rule_based,chat,dispute_charge,0.95,2,3,71,635,0,0,none,159,1
A-00550,2023-04-02 08:37:05.284546,A,rule_based,voice,dispute_charge,0.683,1,1,56,323,0,0,none,355,1
A-00551,2023-02-21 10:31:25.343106,A,rule_based,voice,check_balance,0.682,1,2,64,673,0,0,none,342,1
A-00552,2023-02-22 04:01:36.486348,A,rule_based,chat,check_balance,0.915,1,2,56,527,0,0,none,92,1
A-00553,2023-06-16 21:14:19.152500,A,rule_based,voice,transfer_funds,0.748,2,1,64,595,0,0,none,108,0
A-00554,2023-01-28 12:49:32.209212,A,rule_based,voice,check_balance,0.763,2,2,42,270,0,0,none,133,1
A-00555,2023-06-18 03:53:01.967392,A,rule_based,voice,make_payment,0.88,2,1,65,704,0,0,none,77,1
A-00556,2023-04-01 16:26:41.954087,A,rule_based,chat,make_payment,0.52,1,2,9,242,0,0,none,400,1
A-00557,2023-05-31 21:21:59.301300,A,rule_based,voice,dispute_charge,0.938,1,3,48,359,0,0,none,100,1
A-00558,2023-02-21 01:05:53.911065,A,rule_based,chat,update_address,0.946,1,1,61,648,0,0,none,395,1
A-00559,2023-04-25 02:32:14.167846,A,rule_based,voice,dispute_charge,0.978,1,3,79,583,0,0,none,268,0
A-00560,2023-04-11 04:27:42.730291,A,rule_based,voice,check_balance,0.918,2,3,31,309,0,0,none,82,1
A-00561,2023-06-16 08:23:51.022626,A,rule_based,chat,make_payment,0.892,1,3,18,284,0,0,none,410,1
A-00562,2023-02-02 06:34:09.134253,A,rule_based,voice,loan_inquiry,0.85,2,1,59,403,0,0,none,108,1
A-00563,2023-02-06 19:44:30.925275,A,rule_based,voice,request_statement,0.675,1,3,10,412,0,0,none,479,0
A-00564,2023-06-20 19:31:34.340302,A,rule_based,voice,request_statement,0.739,1,1,63,141,0,0,none,36,1
A-00565,2023-01-18 15:12:25.782466,A,rule_based,chat,request_statement,0.957,1,2,57,269,0,0,none,310,1
A-00566,2023-04-25 05:49:41.758572,A,rule_based,voice,freeze_card,0.903,1,1,56,208,0,0,none,171,1
A-00567,2023-01-11 21:38:13.088724,A,rule_based,chat,check_balance,0.941,2,3,27,208,0,0,none,270,1
A-00568,2023-01-14 20:36:01.047892,A,rule_based,voice,make_payment,0.856,1,3,14,347,0,1,customer_request,407,1
A-00569,2023-04-18 11:40:57.249608,A,rule_based,voice,update_address,0.814,2,1,50,125,0,0,none,384,1
A-00570,2023-04-10 05:54:34.547420,A,rule_based,voice,make_payment,0.885,1,2,32,573,0,0,none,156,1
A-00571,2023-04-14 03:28:23.443016,A,rule_based,voice,loan_inquiry,0.809,1,1,34,569,0,0,none,58,1
A-00572,2023-03-27 06:10:37.405545,A,rule_based,chat,dispute_charge,0.818,2,2,19,254,0,0,none,157,1
A-00573,2023-05-14 14:59:32.464725,A,rule_based,voice,freeze_card,0.915,2,2,30,712,0,0,none,394,1
A-00574,2023-06-28 14:15:16.117547,A,rule_based,mobile_app,loan_inquiry,0.459,2,3,67,515,0,0,none,261,1
A-00575,2023-02-19 15:22:29.943863,A,rule_based,voice,update_address,0.882,1,1,71,320,0,0,none,371,1
A-00576,2023-02-28 05:15:33.706082,A,rule_based,voice,transfer_funds,0.877,2,1,31,235,0,0,none,252,1
A-00577,2023-02-28 03:34:26.482522,A,rule_based,voice,update_address,0.957,2,2,15,400,0,0,none,268,1
A-00578,2023-05-18 09:19:18.652949,A,rule_based,chat,loan_inquiry,0.798,2,3,7,772,0,0,none,59,1
A-00579,2023-03-04 15:25:37.073476,A,rule_based,voice,make_payment,0.891,2,3,19,102,0,0,none,40,1
A-00580,2023-05-02 19:30:14.875045,A,rule_based,chat,dispute_charge,0.808,2,1,5,114,0,0,none,346,1
A-00581,2023-03-22 06:14:03.286650,A,rule_based,mobile_app,update_address,0.879,1,1,55,388,0,0,none,120,1
A-00582,2023-04-20 09:42:58.181542,A,rule_based,chat,check_balance,0.863,2,3,53,743,0,0,none,192,1
A-00583,2023-05-30 05:20:47.077862,A,rule_based,voice,dispute_charge,0.757,2,3,63,296,0,0,none,196,1
A-00584,2023-04-03 12:44:00.708843,A,rule_based,chat,transfer_funds,0.587,1,2,29,623,0,0,none,314,1
A-00585,2023-03-27 12:44:53.619568,A,rule_based,voice,request_statement,0.879,2,1,67,501,0,0,none,453,1
A-00586,2023-02-18 01:19:48.724230,A,rule_based,voice,check_balance,0.792,2,1,17,239,0,1,unresolved,370,0
A-00587,2023-04-03 20:42:28.056461,A,rule_based,voice,make_payment,0.803,1,3,22,735,0,0,none,317,1
A-00588,2023-02-17 05:37:15.668290,A,rule_based,chat,check_balance,0.827,2,1,73,214,0,0,none,405,1
A-00589,2023-06-01 20:13:23.839326,A,rule_based,voice,check_balance,0.93,1,1,71,454,0,0,none,259,1
A-00590,2023-03-11 23:53:33.345751,A,rule_based,chat,transfer_funds,0.938,2,2,49,563,0,0,none,95,1
A-00591,2023-01-24 05:44:41.890297,A,rule_based,chat,dispute_charge,0.611,2,3,50,572,0,0,none,249,1
A-00592,2023-02-13 04:39:34.994311,A,rule_based,voice,make_payment,0.636,1,3,57,698,0,0,none,470,0
A-00593,2023-04-07 05:23:30.982051,A,rule_based,voice,update_address,0.834,1,2,66,593,0,0,none,380,1
A-00594,2023-06-14 22:21:43.446184,A,rule_based,chat,check_balance,0.826,2,2,22,560,0,0,none,187,1
A-00595,2023-02-24 02:25:32.425835,A,rule_based,voice,make_payment,0.678,1,2,10,206,0,0,none,175,1
A-00596,2023-02-17 14:08:54.246152,A,rule_based,voice,freeze_card,0.891,2,1,18,314,0,0,none,443,1
A-00597,2023-03-15 04:20:18.550967,A,rule_based,voice,request_statement,0.862,2,1,31,342,0,0,none,72,1
A-00598,2023-06-24 04:41:57.646399,A,rule_based,mobile_app,transfer_funds,0.923,1,1,22,359,0,0,none,449,1
A-00599,2023-06-02 03:20:56.377223,A,rule_based,voice,request_statement,0.899,1,1,44,179,0,0,none,334,1
A-00600,2023-01-27 22:33:55.975114,A,rule_based,voice,dispute_charge,0.876,1,3,15,166,0,0,none,393,1
A-00601,2023-04-21 11:24:51.120983,A,rule_based,voice,freeze_card,0.57,1,2,48,408,0,1,unresolved,178,0
A-00602,2023-05-23 12:51:12.090406,A,rule_based,voice,transfer_funds,0.953,2,2,58,606,0,0,none,321,1
A-00603,2023-05-19 05:48:16.828990,A,rule_based,mobile_app,freeze_card,0.616,2,1,12,721,0,0,none,176,1
A-00604,2023-03-29 23:48:45.087768,A,rule_based,voice,transfer_funds,0.788,1,2,26,758,0,0,none,37,1
A-00605,2023-05-12 17:30:41.710003,A,rule_based,chat,freeze_card,0.859,1,1,45,436,0,0,none,234,1
A-00606,2023-04-16 01:05:38.967942,A,rule_based,chat,loan_inquiry,0.881,2,3,9,728,0,0,none,470,1
A-00607,2023-02-06 06:14:32.373317,A,rule_based,voice,check_balance,0.675,2,3,54,419,0,0,none,139,1
A-00608,2023-01-11 02:09:06.219179,A,rule_based,chat,freeze_card,0.898,1,1,61,431,0,0,none,102,1
A-00609,2023-03-08 12:14:19.024143,A,rule_based,mobile_app,dispute_charge,0.921,2,1,32,246,0,0,none,444,1
A-00610,2023-01-12 03:34:35.358288,A,rule_based,chat,update_address,0.89,1,3,5,539,0,0,none,439,1
A-00611,2023-03-13 02:27:28.457778,A,rule_based,chat,request_statement,0.874,1,1,42,317,0,0,none,411,1
A-00612,2023-05-30 04:45:26.232428,A,rule_based,voice,transfer_funds,0.637,1,1,70,439,0,0,none,469,1
A-00613,2023-06-01 23:21:02.595972,A,rule_based,chat,transfer_funds,0.872,2,2,26,755,0,1,timeout,475,1
A-00614,2023-01-07 03:11:57.624680,A,rule_based,voice,make_payment,0.842,2,3,68,482,0,0,none,443,1
A-00615,2023-01-13 12:23:35.590708,A,rule_based,chat,freeze_card,0.964,2,2,70,312,0,0,none,464,1
A-00616,2023-05-01 13:49:32.946219,A,rule_based,voice,freeze_card,0.733,1,1,26,569,0,0,none,365,1
A-00617,2023-03-31 23:59:39.703741,A,rule_based,chat,make_payment,0.817,1,2,49,611,0,0,none,171,1
A-00618,2023-01-27 21:13:41.723743,A,rule_based,mobile_app,check_balance,0.828,2,2,8,524,0,0,none,236,1
A-00619,2023-05-25 23:53:16.614970,A,rule_based,chat,check_balance,0.776,2,2,46,129,0,0,none,201,1
A-00620,2023-02-08 23:15:48.322410,A,rule_based,voice,freeze_card,0.973,1,2,70,258,0,0,none,259,1
A-00621,2023-01-15 01:36:17.209028,A,rule_based,chat,dispute_charge,0.892,2,2,75,189,0,0,none,344,1
A-00622,2023-05-15 21:52:15.011731,A,rule_based,mobile_app,transfer_funds,0.822,1,2,19,769,0,0,none,138,0
A-00623,2023-04-20 11:06:15.157476,A,rule_based,chat,dispute_charge,0.757,2,2,54,318,0,0,none,37,1
A-00624,2023-03-12 23:59:33.472750,A,rule_based,mobile_app,transfer_funds,0.926,2,2,9,432,0,0,none,301,1
A-00625,2023-05-05 16:34:37.921242,A,rule_based,chat,dispute_charge,0.838,1,2,25,730,0,0,none,477,1
A-00626,2023-06-14 01:09:52.470526,A,rule_based,mobile_app,freeze_card,0.712,1,3,67,793,0,0,none,417,1
A-00627,2023-01-07 03:40:05.349907,A,rule_based,voice,check_balance,0.893,1,1,53,253,0,0,none,34,1
A-00628,2023-04-23 23:34:30.614727,A,rule_based,voice,update_address,0.651,2,3,34,701,0,0,none,299,1
A-00629,2023-02-09 06:28:57.803186,A,rule_based,chat,loan_inquiry,0.894,2,3,77,608,0,1,unresolved,269,1
A-00630,2023-03-27 08:16:30.442608,A,rule_based,mobile_app,transfer_funds,0.845,1,2,61,529,0,0,none,221,1
A-00631,2023-03-18 07:35:54.516394,A,rule_based,voice,loan_inquiry,0.896,2,1,6,217,0,0,none,330,1
A-00632,2023-03-12 04:42:43.794163,A,rule_based,voice,check_balance,0.799,1,2,10,583,0,0,none,221,1
A-00633,2023-02-04 06:20:18.071049,A,rule_based,voice,make_payment,0.885,2,3,51,528,0,1,unresolved,441,1
A-00634,2023-05-25 11:26:51.811592,A,rule_based,chat,check_balance,0.968,2,1,70,412,0,0,none,438,0
A-00635,2023-03-10 07:31:44.136796,A,rule_based,mobile_app,check_balance,0.645,1,2,16,510,0,0,none,319,1
A-00636,2023-06-09 16:41:16.250084,A,rule_based,chat,request_statement,0.682,1,3,45,247,0,0,none,236,1
A-00637,2023-03-05 20:10:00.980864,A,rule_based,voice,freeze_card,0.669,2,2,66,535,0,0,none,298,1
A-00638,2023-06-01 03:33:41.936450,A,rule_based,voice,freeze_card,0.892,2,1,69,207,0,0,none,435,1
A-00639,2023-04-09 00:05:40.387872,A,rule_based,mobile_app,loan_inquiry,0.879,1,2,53,300,0,0,none,165,1
A-00640,2023-03-11 09:54:03.652539,A,rule_based,voice,freeze_card,0.566,1,1,79,446,0,0,none,420,1
A-00641,2023-05-07 17:25:09.001428,A,rule_based,voice,loan_inquiry,0.829,1,3,75,213,0,0,none,295,1
A-00642,2023-05-22 14:20:52.721832,A,rule_based,voice,check_balance,0.715,1,2,67,739,0,0,none,58,1
A-00643,2023-03-28 21:13:27.170349,A,rule_based,chat,make_payment,0.856,2,2,55,720,0,0,none,367,1
A-00644,2023-03-18 13:48:58.502221,A,rule_based,voice,request_statement,0.659,2,3,78,432,0,0,none,120,1
A-00645,2023-04-14 22:26:59.827230,A,rule_based,voice,loan_inquiry,0.758,1,2,6,498,0,1,none,262,1
A-00646,2023-04-16 07:54:20.862521,A,rule_based,voice,check_balance,0.923,2,1,11,304,0,0,none,457,1
A-00647,2023-03-18 14:04:12.764972,A,rule_based,mobile_app,update_address,0.856,2,3,43,248,0,0,none,380,0
A-00648,2023-05-17 09:06:13.085540,A,rule_based,voice,request_statement,0.709,1,2,55,772,0,0,none,344,1
A-00649,2023-03-13 22:47:47.955467,A,rule_based,voice,check_balance,0.533,1,2,72,389,0,0,none,61,0
A-00650,2023-03-23 12:57:10.228509,A,rule_based,voice,dispute_charge,0.749,2,1,55,767,0,0,none,416,1
A-00651,2023-04-19 22:58:29.023995,A,rule_based,voice,loan_inquiry,0.82,2,2,22,146,0,0,none,180,1
A-00652,2023-06-27 15:11:14.122826,A,rule_based,chat,request_statement,0.998,2,2,73,174,0,0,none,52,1
A-00653,2023-02-16 22:09:50.398491,A,rule_based,chat,make_payment,0.927,2,1,11,432,0,0,none,461,1
A-00654,2023-02-11 18:02:09.944224,A,rule_based,voice,loan_inquiry,0.778,1,2,12,647,0,0,none,115,1
A-00655,2023-02-01 20:09:10.768810,A,rule_based,mobile_app,make_payment,0.935,1,1,58,396,0,0,none,175,1
A-00656,2023-05-05 02:23:56.420920,A,rule_based,voice,loan_inquiry,0.837,1,2,77,687,0,0,none,93,1
A-00657,2023-03-22 20:05:19.801131,A,rule_based,mobile_app,make_payment,0.86,2,3,42,192,0,0,none,309,1
A-00658,2023-03-11 22:46:45.800835,A,rule_based,voice,update_address,0.969,2,3,15,699,0,0,none,420,1
A-00659,2023-02-06 17:40:13.498763,A,rule_based,voice,dispute_charge,0.611,2,1,8,411,0,0,none,263,1
A-00660,2023-06-10 09:43:04.045377,A,rule_based,mobile_app,make_payment,0.759,2,1,78,299,0,0,none,421,1
A-00661,2023-03-21 18:30:27.043779,A,rule_based,mobile_app,loan_inquiry,0.829,1,1,25,547,0,0,none,451,1
A-00662,2023-04-20 09:14:06.380235,A,rule_based,chat,check_balance,0.892,2,2,52,644,0,0,none,422,0
A-00663,2023-01-21 06:07:40.001605,A,rule_based,chat,check_balance,0.829,2,1,29,749,0,0,none,103,0
A-00664,2023-01-20 10:26:23.913884,A,rule_based,chat,make_payment,0.91,2,1,21,161,0,1,timeout,122,1
A-00665,2023-01-13 02:58:17.831958,A,rule_based,chat,freeze_card,0.939,2,3,55,592,0,1,unresolved,164,1
A-00666,2023-03-08 02:56:06.249197,A,rule_based,voice,loan_inquiry,0.951,1,3,60,320,0,0,none,317,1
A-00667,2023-03-27 02:52:12.437289,A,rule_based,voice,transfer_funds,0.854,1,2,40,451,0,0,none,418,1
A-00668,2023-02-14 00:34:39.380235,A,rule_based,chat,make_payment,0.822,2,3,43,423,0,0,none,170,1
A-00669,2023-03-04 22:36:24.571404,A,rule_based,chat,dispute_charge,0.939,2,2,41,639,0,0,none,329,1
A-00670,2023-01-02 03:02:36.049138,A,rule_based,mobile_app,check_balance,0.879,2,2,49,378,0,0,none,114,1
A-00671,2023-03-05 04:42:07.811745,A,rule_based,voice,update_address,0.881,1,3,65,295,0,0,none,274,1
A-00672,2023-01-22 10:49:12.599289,A,rule_based,voice,transfer_funds,0.86,2,1,58,441,0,0,none,380,1
A-00673,2023-01-24 02:37:15.407671,A,rule_based,voice,freeze_card,0.904,1,2,25,568,0,0,none,207,1
A-00674,2023-01-01 19:27:58.829253,A,rule_based,chat,update_address,0.806,2,1,23,692,0,0,none,103,1
A-00675,2023-05-06 08:21:50.563445,A,rule_based,voice,dispute_charge,0.903,1,3,55,103,0,0,none,215,1
A-00676,2023-06-17 15:08:45.254016,A,rule_based,mobile_app,transfer_funds,0.809,2,3,53,497,0,0,none,372,1
A-00677,2023-04-22 21:04:36.562373,A,rule_based,voice,dispute_charge,0.811,2,3,32,150,0,0,none,450,0
A-00678,2023-01-18 07:35:34.311583,A,rule_based,voice,check_balance,0.656,1,2,67,533,0,0,none,307,1
A-00679,2023-06-28 03:17:08.236952,A,rule_based,chat,make_payment,0.923,2,2,36,536,0,0,none,331,0
A-00680,2023-06-25 14:31:40.577472,A,rule_based,voice,check_balance,0.747,2,1,30,698,0,0,none,218,1
A-00681,2023-03-26 06:46:23.498545,A,rule_based,chat,make_payment,0.793,1,3,46,234,0,0,none,448,1
A-00682,2023-01-20 09:59:42.084655,A,rule_based,voice,check_balance,0.53,1,3,19,656,0,0,none,421,1
A-00683,2023-05-10 17:35:37.743633,A,rule_based,voice,dispute_charge,0.863,1,3,57,582,0,0,none,467,1
A-00684,2023-06-23 01:32:33.516126,A,rule_based,chat,request_statement,0.765,2,2,72,565,0,0,none,418,1
A-00685,2023-05-21 03:58:56.243565,A,rule_based,mobile_app,make_payment,0.846,1,1,75,545,0,0,none,276,1
A-00686,2023-04-23 08:33:22.794288,A,rule_based,voice,dispute_charge,0.726,2,2,38,484,0,0,none,462,1
A-00687,2023-04-20 22:47:37.745675,A,rule_based,voice,transfer_funds,0.791,2,1,25,144,0,1,customer_request,304,1
A-00688,2023-06-26 00:36:22.512126,A,rule_based,chat,freeze_card,0.568,2,1,40,669,0,0,none,300,1
A-00689,2023-01-14 03:52:31.926221,A,rule_based,mobile_app,update_address,0.915,1,3,12,374,0,0,none,325,0
A-00690,2023-01-27 22:04:55.216673,A,rule_based,chat,make_payment,0.715,2,3,55,173,0,0,none,113,1
A-00691,2023-05-30 13:06:19.588592,A,rule_based,chat,loan_inquiry,0.668,1,2,37,529,0,0,none,407,1
A-00692,2023-01-27 02:53:18.625133,A,rule_based,voice,make_payment,0.995,1,2,14,763,0,0,none,193,1
A-00693,2023-03-10 23:50:26.964720,A,rule_based,chat,make_payment,0.79,1,2,46,599,0,0,none,326,1
A-00694,2023-02-20 16:04:36.430163,A,rule_based,mobile_app,transfer_funds,0.762,2,1,58,272,0,0,none,409,0
A-00695,2023-02-13 19:40:52.230081,A,rule_based,mobile_app,update_address,0.525,1,1,22,671,0,0,none,81,1
A-00696,2023-01-05 15:07:07.783638,A,rule_based,chat,freeze_card,0.887,1,1,35,692,0,1,timeout,165,0
A-00697,2023-04-12 22:12:19.650493,A,rule_based,chat,update_address,0.883,2,3,71,331,0,0,none,454,1
A-00698,2023-03-14 05:21:17.028002,A,rule_based,mobile_app,request_statement,0.837,2,2,58,465,0,0,none,192,1
A-00699,2023-04-10 06:52:10.986931,A,rule_based,voice,make_payment,0.939,2,3,64,685,0,0,none,327,1
A-00700,2023-02-24 19:28:31.627449,A,rule_based,voice,make_payment,0.811,1,1,38,210,0,0,none,282,1
A-00701,2023-06-19 11:06:39.217804,A,rule_based,mobile_app,make_payment,0.879,1,3,42,347,0,0,none,421,1
A-00702,2023-04-17 10:37:11.533740,A,rule_based,voice,check_balance,0.733,2,3,42,419,0,0,none,259,1
A-00703,2023-06-23 00:24:51.987670,A,rule_based,voice,loan_inquiry,0.694,1,2,38,104,0,1,customer_request,221,1
A-00704,2023-03-05 00:01:32.600631,A,rule_based,voice,make_payment,0.932,2,1,15,216,0,0,none,37,1
A-00705,2023-01-01 09:53:26.884810,A,rule_based,chat,update_address,0.606,1,3,8,527,0,1,customer_request,243,1
A-00706,2023-05-21 15:04:02.066296,A,rule_based,chat,freeze_card,0.776,2,3,67,284,0,0,none,293,0
A-00707,2023-05-29 22:16:35.946127,A,rule_based,chat,freeze_card,0.729,2,2,45,269,0,0,none,339,1
A-00708,2023-01-11 13:35:55.233260,A,rule_based,voice,dispute_charge,0.846,2,1,44,307,0,0,none,381,1
A-00709,2023-04-23 13:35:42.241046,A,rule_based,voice,dispute_charge,0.71,1,2,49,187,0,0,none,379,1
A-00710,2023-04-29 23:35:49.868208,A,rule_based,voice,transfer_funds,0.859,2,2,35,545,0,0,none,236,1
A-00711,2023-01-27 05:34:13.100324,A,rule_based,mobile_app,request_statement,0.645,1,3,71,280,0,0,none,65,1
A-00712,2023-04-10 10:54:21.845963,A,rule_based,voice,loan_inquiry,0.744,2,3,40,556,0,0,none,144,1
A-00713,2023-02-13 18:37:08.992334,A,rule_based,chat,transfer_funds,0.87,2,2,42,679,0,0,none,213,1
A-00714,2023-01-03 23:04:16.888237,A,rule_based,chat,freeze_card,0.934,2,1,44,435,0,0,none,470,1
A-00715,2023-06-06 01:03:21.277529,A,rule_based,chat,check_balance,0.827,1,2,16,739,0,0,none,376,1
A-00716,2023-03-30 12:07:23.302914,A,rule_based,chat,update_address,0.599,1,3,18,237,0,0,none,432,1
A-00717,2023-05-21 16:56:24.417363,A,rule_based,chat,check_balance,0.893,2,1,18,773,0,1,customer_request,476,1
A-00718,2023-05-11 02:53:52.437227,A,rule_based,chat,request_statement,0.814,1,3,24,325,0,0,none,89,0
A-00719,2023-06-28 20:48:24.219298,A,rule_based,voice,transfer_funds,0.622,1,2,16,311,0,0,none,35,1
A-00720,2023-03-20 19:57:31.337471,A,rule_based,voice,update_address,0.881,1,3,21,785,0,0,none,288,1
A-00721,2023-03-18 23:01:07.036288,A,rule_based,voice,dispute_charge,0.956,1,3,75,419,0,0,none,149,1
A-00722,2023-02-20 17:11:02.578780,A,rule_based,voice,check_balance,0.857,1,1,32,623,0,0,none,420,1
A-00723,2023-04-23 12:38:09.462847,A,rule_based,chat,transfer_funds,0.72,2,1,64,661,0,0,none,239,1
A-00724,2023-03-29 12:00:21.608636,A,rule_based,voice,check_balance,0.922,2,3,34,413,0,0,none,34,1
A-00725,2023-05-12 04:14:52.971547,A,rule_based,chat,check_balance,0.535,1,3,66,322,0,0,none,130,1
A-00726,2023-03-06 04:07:49.934161,A,rule_based,voice,make_payment,0.946,1,2,61,443,0,0,none,183,1
A-00727,2023-01-24 13:14:57.421508,A,rule_based,chat,check_balance,0.949,1,1,68,369,0,0,none,42,1
A-00728,2023-06-05 05:43:16.151362,A,rule_based,voice,dispute_charge,0.926,2,1,26,391,0,0,none,172,1
A-00729,2023-05-30 01:09:46.041435,A,rule_based,voice,update_address,0.464,2,1,12,266,0,0,none,272,1
A-00730,2023-03-05 04:19:14.910024,A,rule_based,voice,make_payment,0.913,2,2,28,740,0,0,none,431,1
A-00731,2023-05-05 06:19:09.910747,A,rule_based,chat,check_balance,0.616,1,3,57,500,0,0,none,322,0
A-00732,2023-03-30 15:10:49.998398,A,rule_based,voice,check_balance,0.897,2,1,54,657,0,0,none,71,1
A-00733,2023-05-17 23:23:58.054583,A,rule_based,chat,dispute_charge,0.724,2,1,57,561,0,0,none,217,1
A-00734,2023-03-12 05:22:18.597470,A,rule_based,chat,check_balance,0.851,2,1,79,347,0,0,none,375,1
A-00735,2023-04-07 09:57:41.388804,A,rule_based,mobile_app,request_statement,0.939,1,3,21,322,0,0,none,196,1
A-00736,2023-01-11 09:45:56.050415,A,rule_based,chat,make_payment,0.681,1,2,38,787,0,0,none,283,1
A-00737,2023-02-01 11:36:40.033658,A,rule_based,chat,make_payment,0.834,2,3,41,116,0,0,none,473,0
A-00738,2023-05-21 17:13:38.732118,A,rule_based,chat,dispute_charge,0.839,2,1,16,306,0,0,none,92,0
A-00739,2023-03-10 16:21:46.378753,A,rule_based,voice,dispute_charge,0.881,2,2,54,615,0,0,none,244,1
A-00740,2023-01-07 07:39:19.557619,A,rule_based,chat,check_balance,0.699,2,2,8,482,0,0,none,304,1
A-00741,2023-01-31 04:11:19.515392,A,rule_based,voice,check_balance,0.649,1,2,72,531,0,0,none,389,1
A-00742,2023-03-16 02:06:12.594995,A,rule_based,chat,loan_inquiry,0.779,2,2,11,115,0,0,none,406,0
A-00743,2023-05-10 05:23:04.640325,A,rule_based,voice,check_balance,0.54,2,1,13,253,0,0,none,159,1
A-00744,2023-03-07 10:15:19.370186,A,rule_based,voice,update_address,0.823,1,1,18,519,0,0,none,240,1
A-00745,2023-05-15 03:12:08.852100,A,rule_based,chat,dispute_charge,0.918,2,3,71,320,0,0,none,403,1
A-00746,2023-06-04 10:49:18.253613,A,rule_based,voice,make_payment,0.754,1,2,69,429,0,0,none,407,1
A-00747,2023-03-03 09:42:36.624127,A,rule_based,voice,dispute_charge,0.866,1,1,74,769,0,0,none,400,1
A-00748,2023-05-25 01:37:20.877928,A,rule_based,voice,freeze_card,0.634,1,2,67,546,0,0,none,330,1
A-00749,2023-01-23 20:07:28.116546,A,rule_based,chat,loan_inquiry,0.679,1,3,74,541,0,0,none,150,1
A-00750,2023-03-16 18:01:29.381914,A,rule_based,voice,make_payment,0.676,2,2,40,237,0,0,none,195,1
A-00751,2023-01-18 13:28:10.386971,A,rule_based,voice,make_payment,0.753,2,3,5,516,0,0,none,325,1
A-00752,2023-01-10 10:55:15.281736,A,rule_based,mobile_app,make_payment,0.748,2,1,37,772,0,0,none,144,1
A-00753,2023-01-12 14:45:29.774654,A,rule_based,mobile_app,dispute_charge,0.834,2,1,21,547,0,0,none,336,1
A-00754,2023-01-19 20:31:43.525174,A,rule_based,voice,request_statement,0.824,1,2,23,649,0,0,none,261,1
A-00755,2023-05-31 10:20:09.560972,A,rule_based,voice,make_payment,0.903,2,3,56,768,0,0,none,229,1
A-00756,2023-04-08 20:41:06.626751,A,rule_based,voice,make_payment,0.693,2,3,17,730,0,0,none,189,1
A-00757,2023-06-20 12:43:01.096308,A,rule_based,mobile_app,transfer_funds,0.97,2,2,29,337,0,0,none,378,0
A-00758,2023-04-07 20:09:40.686012,A,rule_based,voice,check_balance,0.661,2,1,34,306,0,0,none,239,1
A-00759,2023-04-24 04:01:58.640091,A,rule_based,voice,dispute_charge,0.947,2,2,9,296,0,0,none,168,1
A-00760,2023-02-03 04:58:14.563657,A,rule_based,voice,freeze_card,0.731,2,1,57,639,0,0,none,202,1
A-00761,2023-04-08 07:18:36.032895,A,rule_based,chat,check_balance,0.796,2,1,62,363,0,0,none,247,0
A-00762,2023-03-11 08:30:25.238989,A,rule_based,voice,check_balance,0.884,2,1,46,675,0,0,none,307,1
A-00763,2023-06-17 15:48:02.440967,A,rule_based,chat,check_balance,0.964,2,3,7,660,0,0,none,475,1
A-00764,2023-06-18 02:32:22.747838,A,rule_based,voice,transfer_funds,0.66,1,2,64,566,0,0,none,183,1
A-00765,2023-02-05 17:30:50.421635,A,rule_based,chat,check_balance,0.725,2,1,38,184,0,0,none,110,1
A-00766,2023-04-22 14:57:55.195969,A,rule_based,chat,check_balance,0.857,2,2,24,598,0,0,none,470,1
A-00767,2023-04-25 20:55:10.087805,A,rule_based,voice,check_balance,0.747,2,3,76,244,0,0,none,96,1
A-00768,2023-04-12 06:09:05.555731,A,rule_based,voice,check_balance,0.779,2,3,69,486,0,0,none,436,1
A-00769,2023-01-23 09:06:15.618741,A,rule_based,voice,request_statement,0.544,1,2,38,259,0,0,none,93,1
A-00770,2023-04-28 17:20:46.238613,A,rule_based,chat,make_payment,0.95,2,1,38,143,0,0,none,193,0
A-00771,2023-05-24 20:02:54.351141,A,rule_based,voice,update_address,0.906,2,2,73,545,0,0,none,479,1
A-00772,2023-03-04 03:22:35.278484,A,rule_based,chat,update_address,0.957,2,2,19,415,0,0,none,104,1
A-00773,2023-04-03 14:51:48.068636,A,rule_based,voice,loan_inquiry,0.947,1,3,35,549,0,0,none,101,1
A-00774,2023-01-21 22:32:12.221624,A,rule_based,chat,check_balance,0.771,1,2,47,443,0,0,none,304,1
A-00775,2023-06-17 12:34:30.841046,A,rule_based,chat,loan_inquiry,0.867,2,3,31,360,0,0,none,115,1
A-00776,2023-01-20 17:12:12.692536,A,rule_based,voice,request_statement,0.797,2,2,28,110,0,0,none,40,0
A-00777,2023-02-07 12:11:20.762905,A,rule_based,voice,check_balance,0.88,2,2,13,293,0,0,none,342,1
A-00778,2023-02-23 17:25:37.255642,A,rule_based,chat,freeze_card,0.978,1,1,25,716,0,0,none,461,1
A-00779,2023-05-29 15:24:49.799759,A,rule_based,voice,loan_inquiry,0.841,2,2,31,628,0,0,none,371,1
A-00780,2023-05-07 02:50:00.875653,A,rule_based,chat,make_payment,0.788,2,1,67,424,0,0,none,463,1
A-00781,2023-01-02 06:18:08.539824,A,rule_based,mobile_app,transfer_funds,0.746,1,2,30,122,0,0,none,267,1
A-00782,2023-02-03 00:59:09.181423,A,rule_based,voice,dispute_charge,0.745,2,3,17,789,0,0,none,306,0
A-00783,2023-05-16 00:39:11.138792,A,rule_based,voice,request_statement,0.934,2,2,68,617,0,0,none,472,1
A-00784,2023-03-14 16:33:54.004045,A,rule_based,voice,transfer_funds,0.675,1,2,31,115,0,0,none,256,0
A-00785,2023-01-05 17:14:32.856931,A,rule_based,voice,make_payment,0.652,1,3,73,247,0,0,none,47,1
A-00786,2023-06-23 12:07:15.291633,A,rule_based,mobile_app,loan_inquiry,0.939,2,1,13,219,0,0,none,137,1
A-00787,2023-01-28 05:19:34.262052,A,rule_based,mobile_app,make_payment,0.617,2,1,6,731,0,0,none,309,1
A-00788,2023-04-02 21:12:57.186008,A,rule_based,voice,freeze_card,0.715,1,2,74,768,0,0,none,415,1
A-00789,2023-02-14 16:43:31.950573,A,rule_based,mobile_app,request_statement,0.829,2,2,12,389,0,0,none,302,1
A-00790,2023-05-13 17:52:02.868145,A,rule_based,voice,make_payment,0.615,1,2,5,224,0,0,none,212,1
A-00791,2023-05-20 19:27:24.292383,A,rule_based,mobile_app,dispute_charge,0.917,1,3,53,549,0,0,none,174,1
A-00792,2023-03-13 11:59:31.715619,A,rule_based,chat,make_payment,0.864,2,2,28,290,0,0,none,337,1
A-00793,2023-04-29 12:30:08.512931,A,rule_based,voice,check_balance,0.728,1,2,41,184,0,0,none,434,1
A-00794,2023-06-13 15:11:52.386867,A,rule_based,chat,check_balance,0.921,1,2,35,281,0,0,none,155,1
A-00795,2023-05-27 15:58:31.410797,A,rule_based,chat,make_payment,0.879,2,3,27,277,0,0,none,278,1
A-00796,2023-03-16 16:21:29.304814,A,rule_based,voice,check_balance,0.897,2,3,41,137,0,0,none,222,1
A-00797,2023-03-21 11:10:35.590201,A,rule_based,voice,check_balance,0.865,1,1,24,590,0,0,none,140,1
A-00798,2023-06-09 15:18:50.917668,A,rule_based,chat,freeze_card,0.455,2,1,21,346,0,0,none,212,1
A-00799,2023-01-07 04:29:25.792230,A,rule_based,voice,freeze_card,0.616,2,1,21,485,0,1,unresolved,69,1
A-00800,2023-01-05 02:32:45.572625,A,rule_based,voice,freeze_card,0.745,2,2,13,485,0,0,none,268,1
A-00801,2023-02-07 01:02:09.152019,A,rule_based,voice,make_payment,0.859,2,2,44,639,0,0,none,78,1
A-00802,2023-05-29 23:19:31.818146,A,rule_based,chat,loan_inquiry,0.613,1,1,46,633,0,0,none,243,1
A-00803,2023-01-28 13:52:51.493823,A,rule_based,voice,update_address,0.96,2,2,6,494,0,0,none,433,1
A-00804,2023-02-21 08:24:23.439517,A,rule_based,voice,check_balance,0.795,1,2,39,686,0,0,none,95,1
A-00805,2023-04-24 05:34:36.269060,A,rule_based,voice,check_balance,0.522,1,3,60,498,0,0,none,142,1
A-00806,2023-02-03 03:55:44.182075,A,rule_based,voice,request_statement,0.982,2,2,5,118,0,0,none,354,1
A-00807,2023-02-24 13:27:45.339020,A,rule_based,chat,check_balance,0.789,1,2,27,700,0,0,none,438,0
A-00808,2023-03-26 01:03:46.732220,A,rule_based,voice,update_address,0.816,2,2,77,638,0,0,none,460,0
A-00809,2023-02-11 01:25:55.581159,A,rule_based,chat,transfer_funds,0.922,2,1,37,397,0,0,none,84,1
A-00810,2023-06-28 15:13:37.613225,A,rule_based,voice,check_balance,0.785,1,2,6,370,0,0,none,137,0
A-00811,2023-01-30 10:05:12.461380,A,rule_based,chat,check_balance,0.949,2,1,44,726,0,0,none,472,1
A-00812,2023-06-02 23:43:41.855720,A,rule_based,voice,transfer_funds,0.863,1,1,35,398,0,0,none,257,0
A-00813,2023-03-26 14:49:52.579468,A,rule_based,chat,update_address,0.777,1,2,20,360,0,0,none,405,1
A-00814,2023-01-24 05:48:51.467008,A,rule_based,voice,check_balance,0.918,2,2,10,612,0,0,none,36,1
A-00815,2023-01-22 07:51:36.716192,A,rule_based,mobile_app,loan_inquiry,0.895,2,2,71,330,0,0,none,82,1
A-00816,2023-04-01 01:16:44.263703,A,rule_based,voice,loan_inquiry,0.61,2,3,65,382,0,0,none,121,1
A-00817,2023-03-05 15:12:25.706689,A,rule_based,voice,update_address,0.98,1,1,56,645,0,0,none,68,1
A-00818,2023-02-12 05:28:54.955805,A,rule_based,chat,request_statement,0.799,2,3,6,256,0,0,none,430,1
A-00819,2023-06-22 14:37:01.461202,A,rule_based,voice,make_payment,0.842,1,2,70,108,0,0,none,391,1
A-00820,2023-03-25 09:48:01.726327,A,rule_based,voice,check_balance,0.406,2,3,40,335,0,0,none,205,0
A-00821,2023-06-17 04:27:48.382302,A,rule_based,chat,update_address,0.767,2,3,40,220,0,0,none,65,1
A-00822,2023-01-30 12:28:43.739760,A,rule_based,chat,make_payment,0.886,2,3,70,353,0,0,none,77,1
A-00823,2023-02-03 00:34:24.277561,A,rule_based,chat,request_statement,0.846,2,2,37,150,0,0,none,147,1
A-00824,2023-04-18 06:50:22.649537,A,rule_based,mobile_app,loan_inquiry,0.769,1,2,22,512,0,1,timeout,357,0
A-00825,2023-02-18 13:51:45.993977,A,rule_based,voice,check_balance,0.597,2,2,22,458,0,0,none,390,1
A-00826,2023-02-03 06:55:53.530466,A,rule_based,voice,update_address,0.809,2,3,74,290,0,0,none,272,1
A-00827,2023-01-18 01:02:27.113948,A,rule_based,chat,make_payment,0.635,1,1,45,539,0,0,none,438,1
A-00828,2023-01-14 17:29:21.464617,A,rule_based,voice,loan_inquiry,0.93,1,3,48,201,0,0,none,447,1
A-00829,2023-05-16 13:41:14.729950,A,rule_based,voice,make_payment,0.599,1,3,49,107,0,0,none,375,1
A-00830,2023-02-20 18:56:41.252343,A,rule_based,voice,request_statement,0.913,1,1,21,433,0,0,none,65,1
A-00831,2023-06-26 02:46:14.672240,A,rule_based,voice,update_address,0.766,2,1,36,213,0,0,none,430,1
A-00832,2023-02-02 23:04:59.774555,A,rule_based,voice,dispute_charge,0.946,1,1,76,699,0,0,none,438,1
A-00833,2023-03-05 19:12:34.301171,A,rule_based,voice,request_statement,0.715,2,2,15,311,0,0,none,281,1
A-00834,2023-03-09 11:36:18.850189,A,rule_based,chat,freeze_card,0.627,2,1,76,400,0,0,none,299,1
A-00835,2023-04-01 00:39:36.232643,A,rule_based,chat,update_address,0.809,1,1,25,305,0,0,none,380,0
A-00836,2023-06-06 17:08:49.034368,A,rule_based,mobile_app,freeze_card,0.9,2,1,27,403,0,0,none,296,1
A-00837,2023-05-31 06:12:26.305363,A,rule_based,voice,transfer_funds,0.917,2,1,6,167,0,0,none,184,1
A-00838,2023-01-02 19:00:40.857594,A,rule_based,voice,dispute_charge,0.706,2,2,54,753,0,0,none,343,1
A-00839,2023-03-15 15:58:54.801335,A,rule_based,chat,update_address,0.663,1,1,28,220,0,0,none,383,1
A-00840,2023-05-30 00:41:12.041143,A,rule_based,voice,check_balance,0.688,1,2,39,376,0,0,none,93,1
A-00841,2023-01-01 00:51:16.307321,A,rule_based,voice,freeze_card,0.727,2,1,48,692,0,0,none,335,0
A-00842,2023-04-07 01:19:22.627138,A,rule_based,chat,update_address,0.559,1,1,52,398,0,0,none,107,1
A-00843,2023-02-16 16:56:04.862974,A,rule_based,chat,dispute_charge,0.78,2,3,76,590,0,0,none,288,1
A-00844,2023-03-16 07:09:36.477813,A,rule_based,voice,check_balance,0.858,2,3,46,147,0,0,none,78,1
A-00845,2023-03-17 15:42:58.692515,A,rule_based,chat,loan_inquiry,0.808,1,1,18,307,0,0,none,476,1
A-00846,2023-03-12 12:22:45.062039,A,rule_based,chat,dispute_charge,0.792,1,1,57,631,0,0,none,330,1
A-00847,2023-06-10 13:13:28.300630,A,rule_based,mobile_app,request_statement,0.817,1,3,9,284,0,0,none,241,1
A-00848,2023-04-07 13:31:22.046694,A,rule_based,voice,check_balance,0.837,2,3,68,389,0,0,none,256,1
A-00849,2023-06-12 16:11:09.048973,A,rule_based,chat,transfer_funds,0.667,2,2,27,156,0,0,none,308,1
A-00850,2023-05-11 19:31:37.918662,A,rule_based,chat,check_balance,0.814,1,3,59,453,0,0,none,86,1
A-00851,2023-03-05 04:50:19.343788,A,rule_based,voice,check_balance,0.866,2,1,16,344,0,0,none,259,1
A-00852,2023-03-30 20:11:42.375449,A,rule_based,chat,loan_inquiry,0.798,1,2,35,702,0,0,none,352,1
A-00853,2023-03-12 04:11:19.986169,A,rule_based,chat,transfer_funds,0.54,1,2,57,378,0,0,none,147,1
A-00854,2023-05-30 03:26:27.174571,A,rule_based,voice,make_payment,0.728,1,3,51,679,0,0,none,245,1
A-00855,2023-02-03 18:25:21.171772,A,rule_based,voice,dispute_charge,0.897,1,1,5,732,0,0,none,178,1
A-00856,2023-06-18 13:18:03.813732,A,rule_based,voice,freeze_card,0.89,2,2,7,687,0,0,none,102,1
A-00857,2023-04-15 11:26:01.734606,A,rule_based,chat,loan_inquiry,0.919,2,3,78,620,0,0,none,470,1
A-00858,2023-04-21 02:47:39.700112,A,rule_based,voice,make_payment,0.707,1,1,44,508,0,0,none,296,1
A-00859,2023-04-04 00:34:55.376719,A,rule_based,voice,update_address,0.838,1,1,69,435,0,0,none,206,1
A-00860,2023-04-10 19:25:29.211003,A,rule_based,voice,freeze_card,0.818,1,3,10,156,0,0,none,182,1
A-00861,2023-05-01 04:21:28.076208,A,rule_based,chat,freeze_card,0.787,2,3,41,194,0,0,none,335,1
A-00862,2023-04-28 21:45:08.287329,A,rule_based,chat,freeze_card,0.972,2,2,48,366,0,0,none,78,1
A-00863,2023-02-08 13:06:55.526106,A,rule_based,voice,update_address,0.935,2,1,74,559,0,0,none,285,1
A-00864,2023-04-15 20:08:29.381898,A,rule_based,voice,check_balance,0.96,1,2,58,103,0,0,none,133,1
A-00865,2023-03-05 19:59:10.405587,A,rule_based,voice,transfer_funds,0.636,1,1,52,755,0,0,none,430,1
A-00866,2023-04-25 15:58:15.315846,A,rule_based,voice,loan_inquiry,0.604,2,2,27,794,0,0,none,382,1
A-00867,2023-04-09 14:38:43.392327,A,rule_based,chat,freeze_card,0.875,2,1,79,154,0,0,none,370,1
A-00868,2023-02-02 08:13:02.329097,A,rule_based,voice,check_balance,0.88,2,3,29,167,0,0,none,95,1
A-00869,2023-05-13 06:03:01.885567,A,rule_based,chat,make_payment,0.914,2,3,25,694,0,0,none,66,0
A-00870,2023-03-24 06:17:53.135201,A,rule_based,chat,freeze_card,0.966,2,2,59,239,0,0,none,236,1
A-00871,2023-04-10 06:13:39.021154,A,rule_based,mobile_app,check_balance,0.874,2,2,79,226,0,0,none,189,1
A-00872,2023-05-02 01:49:01.835311,A,rule_based,voice,transfer_funds,0.744,2,1,69,231,0,0,none,355,1
A-00873,2023-04-28 12:24:21.827959,A,rule_based,voice,make_payment,0.733,2,3,18,590,0,0,none,350,1
A-00874,2023-05-15 19:22:21.010040,A,rule_based,voice,freeze_card,0.971,1,1,66,192,0,0,none,208,1
A-00875,2023-02-07 05:10:02.883858,A,rule_based,mobile_app,loan_inquiry,0.893,1,2,31,228,0,0,none,102,1
A-00876,2023-01-20 20:53:24.467083,A,rule_based,chat,dispute_charge,0.938,1,3,21,378,0,0,none,175,1
A-00877,2023-05-01 10:51:20.745335,A,rule_based,chat,make_payment,0.579,1,1,75,520,0,0,none,256,1
A-00878,2023-02-12 11:27:17.890545,A,rule_based,chat,request_statement,0.936,1,1,76,793,0,0,none,144,1
A-00879,2023-01-21 15:05:34.915687,A,rule_based,voice,update_address,0.642,1,3,32,266,0,0,none,172,1
A-00880,2023-01-24 14:56:45.488172,A,rule_based,chat,dispute_charge,0.87,2,2,6,278,0,0,none,138,1
A-00881,2023-02-26 07:17:47.526885,A,rule_based,chat,request_statement,0.816,1,2,20,479,0,0,none,59,1
A-00882,2023-06-28 12:31:12.171262,A,rule_based,voice,transfer_funds,0.639,2,2,45,392,0,0,none,300,1
A-00883,2023-01-29 07:21:52.600638,A,rule_based,mobile_app,dispute_charge,0.851,1,3,9,520,0,0,none,478,1
A-00884,2023-02-23 17:40:40.616866,A,rule_based,mobile_app,check_balance,0.646,2,2,22,272,0,0,none,458,1
A-00885,2023-06-15 17:34:17.530071,A,rule_based,mobile_app,make_payment,0.794,1,2,16,532,0,0,none,448,1
A-00886,2023-06-23 09:29:26.997966,A,rule_based,chat,dispute_charge,0.71,2,2,76,747,0,0,none,326,1
A-00887,2023-02-11 04:36:11.952628,A,rule_based,voice,check_balance,0.687,2,3,31,577,0,0,none,366,1
A-00888,2023-06-08 11:33:20.344532,A,rule_based,chat,check_balance,0.912,2,2,33,614,0,0,none,58,0
A-00889,2023-01-26 00:07:31.873222,A,rule_based,voice,request_statement,0.879,1,1,36,148,0,0,none,120,1
A-00890,2023-05-18 01:50:14.268546,A,rule_based,chat,make_payment,0.784,2,2,5,731,0,0,none,347,1
A-00891,2023-01-03 08:11:42.914388,A,rule_based,voice,transfer_funds,0.776,2,3,45,592,0,0,none,474,1
A-00892,2023-03-15 04:35:48.473955,A,rule_based,mobile_app,make_payment,0.727,1,1,73,538,0,1,unresolved,438,1
A-00893,2023-02-14 12:29:17.134869,A,rule_based,voice,check_balance,0.921,2,1,66,208,0,0,none,313,1
A-00894,2023-05-07 17:18:52.636203,A,rule_based,voice,freeze_card,0.757,2,3,23,487,0,1,customer_request,79,1
A-00895,2023-01-03 21:21:44.954836,A,rule_based,voice,loan_inquiry,0.887,1,3,6,573,0,0,none,464,1
A-00896,2023-03-25 16:22:31.332513,A,rule_based,chat,make_payment,0.777,2,1,63,536,0,0,none,173,1
A-00897,2023-05-06 09:52:09.792833,A,rule_based,voice,make_payment,0.685,2,1,68,186,0,0,none,49,1
A-00898,2023-01-09 09:45:54.188787,A,rule_based,voice,check_balance,0.758,1,3,74,128,0,0,none,375,1
A-00899,2023-06-11 12:46:07.632485,A,rule_based,voice,update_address,0.599,1,3,48,435,0,0,none,108,1
A-00900,2023-03-07 00:22:22.079830,A,rule_based,voice,dispute_charge,0.757,2,3,40,602,0,0,none,165,1
A-00901,2023-01-30 17:56:54.223031,A,rule_based,mobile_app,make_payment,0.865,2,3,61,370,0,0,none,334,0
A-00902,2023-02-10 14:00:23.842266,A,rule_based,voice,check_balance,0.891,1,2,56,581,0,0,none,464,1
A-00903,2023-03-03 00:04:25.004394,A,rule_based,voice,dispute_charge,0.85,2,3,61,777,0,0,none,438,1
A-00904,2023-02-05 16:58:49.583540,A,rule_based,voice,transfer_funds,0.584,2,2,26,722,0,0,none,103,1
A-00905,2023-04-02 21:42:00.780889,A,rule_based,voice,request_statement,0.706,2,2,72,541,0,0,none,109,0
A-00906,2023-04-24 22:15:54.366038,A,rule_based,voice,dispute_charge,0.534,1,2,7,609,0,0,none,394,1
A-00907,2023-03-20 00:25:05.053353,A,rule_based,voice,check_balance,0.917,2,2,12,161,0,0,none,172,1
A-00908,2023-03-18 20:46:43.995169,A,rule_based,voice,make_payment,0.664,1,2,54,159,0,0,none,65,1
A-00909,2023-05-21 16:56:30.925222,A,rule_based,voice,make_payment,0.857,2,3,47,590,0,0,none,294,1
A-00910,2023-02-24 04:23:31.919921,A,rule_based,voice,freeze_card,0.803,2,3,46,660,0,0,none,325,1
A-00911,2023-04-23 02:21:40.904925,A,rule_based,chat,loan_inquiry,0.819,2,2,73,235,0,0,none,479,1
A-00912,2023-06-10 17:25:16.490596,A,rule_based,voice,transfer_funds,0.776,1,1,70,514,0,0,none,248,1
A-00913,2023-02-09 20:56:31.405973,A,rule_based,chat,transfer_funds,0.836,2,2,58,300,0,0,none,389,1
A-00914,2023-04-22 13:58:16.153340,A,rule_based,chat,transfer_funds,0.841,1,1,17,175,0,0,none,270,1
A-00915,2023-06-20 15:14:17.123412,A,rule_based,mobile_app,transfer_funds,0.725,1,1,12,364,0,0,none,445,0
A-00916,2023-04-06 08:42:55.805067,A,rule_based,voice,check_balance,0.673,2,3,15,413,0,0,none,249,1
A-00917,2023-06-25 20:11:53.398938,A,rule_based,chat,check_balance,0.812,2,2,51,643,0,0,none,333,1
A-00918,2023-02-25 19:23:56.079162,A,rule_based,mobile_app,make_payment,0.864,1,3,58,705,0,0,none,463,1
A-00919,2023-04-12 13:44:58.618745,A,rule_based,mobile_app,update_address,0.741,2,2,64,760,0,0,none,424,0
A-00920,2023-02-25 23:40:28.002677,A,rule_based,chat,check_balance,0.799,2,2,12,173,0,0,none,210,1
A-00921,2023-01-01 16:04:04.498648,A,rule_based,voice,loan_inquiry,0.67,1,2,25,747,0,1,unresolved,258,0
A-00922,2023-06-29 12:22:15.578131,A,rule_based,mobile_app,request_statement,0.804,2,3,30,462,0,0,none,296,1
A-00923,2023-02-13 05:03:34.178116,A,rule_based,chat,update_address,0.707,2,1,52,219,0,0,none,85,1
A-00924,2023-06-25 03:48:02.074402,A,rule_based,voice,check_balance,0.968,2,2,8,553,0,0,none,135,1
A-00925,2023-04-28 13:06:06.520016,A,rule_based,voice,make_payment,0.645,2,2,68,142,0,0,none,349,1
A-00926,2023-06-12 16:59:35.486368,A,rule_based,mobile_app,check_balance,0.905,1,2,11,423,0,0,none,62,1
A-00927,2023-06-24 02:18:57.122178,A,rule_based,voice,loan_inquiry,0.672,2,3,44,679,0,0,none,300,1
A-00928,2023-04-13 05:01:19.817031,A,rule_based,chat,update_address,0.867,2,1,74,779,0,0,none,248,1
A-00929,2023-06-29 22:39:59.786573,A,rule_based,voice,freeze_card,0.836,1,2,19,301,0,0,none,248,1
A-00930,2023-05-19 02:51:54.749051,A,rule_based,chat,make_payment,0.852,1,2,56,222,0,0,none,410,1
A-00931,2023-04-05 06:52:43.976367,A,rule_based,voice,make_payment,0.858,2,3,46,507,0,0,none,153,1
A-00932,2023-04-28 21:21:17.955737,A,rule_based,chat,dispute_charge,0.666,2,1,66,210,0,0,none,385,1
A-00933,2023-02-04 23:15:08.149143,A,rule_based,voice,freeze_card,0.837,2,1,49,785,0,0,none,382,1
A-00934,2023-01-02 23:39:39.328640,A,rule_based,mobile_app,freeze_card,0.536,2,1,68,329,0,0,none,476,1
A-00935,2023-02-16 05:19:47.933986,A,rule_based,voice,make_payment,0.642,1,2,35,230,0,0,none,399,1
A-00936,2023-03-20 07:04:26.841468,A,rule_based,voice,transfer_funds,0.722,1,1,17,266,0,0,none,258,1
A-00937,2023-02-11 01:11:13.830874,A,rule_based,voice,check_balance,0.894,2,2,55,362,0,0,none,193,1
A-00938,2023-04-03 12:38:06.285481,A,rule_based,voice,loan_inquiry,0.73,2,1,77,619,0,0,none,381,1
A-00939,2023-04-29 10:19:07.299878,A,rule_based,mobile_app,check_balance,0.61,2,2,37,707,0,0,none,447,1
A-00940,2023-04-29 01:01:45.941204,A,rule_based,voice,make_payment,0.727,1,2,66,615,0,0,none,156,1
A-00941,2023-06-10 21:03:44.423651,A,rule_based,voice,loan_inquiry,0.959,1,3,70,554,0,1,unresolved,196,1
A-00942,2023-06-23 22:29:54.588507,A,rule_based,chat,check_balance,0.693,1,1,53,289,0,0,none,253,1
A-00943,2023-06-10 07:48:08.847773,A,rule_based,voice,dispute_charge,0.827,2,1,64,756,0,0,none,78,1
A-00944,2023-04-22 15:09:20.967763,A,rule_based,voice,dispute_charge,0.965,2,1,47,799,0,0,none,171,1
A-00945,2023-02-07 00:54:04.132201,A,rule_based,chat,make_payment,0.987,1,2,65,542,0,1,unresolved,104,1
A-00946,2023-06-19 19:42:32.427411,A,rule_based,voice,freeze_card,0.905,1,3,30,648,0,0,none,377,1
A-00947,2023-02-01 11:23:48.859421,A,rule_based,chat,loan_inquiry,0.972,2,1,44,312,0,0,none,252,0
A-00948,2023-01-28 06:09:58.652803,A,rule_based,chat,loan_inquiry,0.797,2,1,10,413,0,0,none,301,0
A-00949,2023-02-27 03:53:58.187585,A,rule_based,voice,make_payment,0.974,2,2,19,663,0,0,none,65,1
A-00950,2023-04-14 05:58:33.689933,A,rule_based,chat,update_address,0.723,2,3,48,396,0,0,none,288,1
A-00951,2023-05-03 15:57:42.372643,A,rule_based,mobile_app,make_payment,0.935,1,3,59,631,0,0,none,353,0
A-00952,2023-01-03 09:25:27.718079,A,rule_based,voice,make_payment,0.724,2,2,7,701,0,0,none,340,1
A-00953,2023-05-21 01:03:22.369786,A,rule_based,chat,check_balance,0.942,2,1,10,753,0,1,timeout,387,1
A-00954,2023-02-01 12:05:04.027405,A,rule_based,voice,transfer_funds,0.858,1,2,5,304,0,0,none,81,1
A-00955,2023-02-23 08:48:52.410731,A,rule_based,voice,loan_inquiry,0.663,1,2,43,433,0,0,none,277,1
A-00956,2023-02-27 23:24:52.759574,A,rule_based,chat,freeze_card,0.499,2,2,30,370,0,0,none,246,1
A-00957,2023-03-01 20:10:00.174873,A,rule_based,voice,update_address,0.667,1,2,8,451,0,0,none,432,1
A-00958,2023-05-17 20:47:16.949562,A,rule_based,voice,dispute_charge,0.925,1,2,64,619,0,0,none,340,1
A-00959,2023-01-08 08:52:46.720968,A,rule_based,voice,update_address,0.753,2,3,44,326,0,0,none,459,1
A-00960,2023-02-05 08:57:25.111637,A,rule_based,chat,update_address,0.619,1,1,5,263,0,0,none,41,1
A-00961,2023-01-05 00:25:08.682883,A,rule_based,chat,dispute_charge,0.905,1,1,56,288,0,0,none,231,1
A-00962,2023-05-21 02:15:13.150781,A,rule_based,voice,check_balance,0.949,1,1,73,636,0,0,none,346,1
A-00963,2023-06-27 01:40:49.806254,A,rule_based,voice,check_balance,0.701,1,2,36,797,0,0,none,70,1
A-00964,2023-04-29 17:14:37.420914,A,rule_based,mobile_app,transfer_funds,0.906,2,2,76,172,0,1,unresolved,323,1
A-00965,2023-04-17 05:24:04.541649,A,rule_based,voice,dispute_charge,0.531,1,3,36,784,0,0,none,134,0
A-00966,2023-06-13 10:50:45.750618,A,rule_based,voice,transfer_funds,0.765,1,2,10,122,0,0,none,63,1
A-00967,2023-02-15 21:24:04.395925,A,rule_based,voice,check_balance,0.786,2,2,14,470,0,0,none,325,1
A-00968,2023-01-12 23:07:01.769506,A,rule_based,chat,update_address,0.781,2,3,10,193,0,1,unresolved,221,1
A-00969,2023-04-02 19:04:11.962128,A,rule_based,voice,make_payment,0.521,2,3,27,768,0,0,none,212,1
A-00970,2023-02-16 20:42:23.031759,A,rule_based,chat,make_payment,0.916,1,3,33,633,0,0,none,176,1
A-00971,2023-03-23 04:40:21.271517,A,rule_based,chat,check_balance,0.85,1,2,38,349,0,0,none,338,1
A-00972,2023-03-24 03:12:55.276248,A,rule_based,voice,check_balance,0.866,2,1,41,580,0,0,none,308,1
A-00973,2023-02-27 09:21:12.527907,A,rule_based,chat,transfer_funds,0.789,1,3,69,694,0,0,none,330,1
A-00974,2023-03-29 12:55:19.892780,A,rule_based,voice,make_payment,0.792,1,2,5,252,0,0,none,384,1
A-00975,2023-03-10 10:15:22.046312,A,rule_based,voice,request_statement,0.737,1,1,72,544,0,0,none,302,1
A-00976,2023-01-21 08:24:58.805632,A,rule_based,chat,dispute_charge,0.923,2,2,22,309,0,0,none,63,1
A-00977,2023-06-06 00:15:18.201575,A,rule_based,voice,dispute_charge,0.736,1,1,76,601,0,0,none,101,1
A-00978,2023-05-07 05:30:08.806819,A,rule_based,mobile_app,update_address,0.946,1,3,15,497,0,0,none,476,1
A-00979,2023-01-08 10:27:15.468478,A,rule_based,chat,check_balance,0.866,1,2,12,602,0,1,unresolved,158,1
A-00980,2023-01-21 20:11:50.485819,A,rule_based,voice,transfer_funds,0.747,1,3,14,545,0,0,none,222,1
A-00981,2023-01-18 08:56:33.048513,A,rule_based,mobile_app,loan_inquiry,0.811,2,2,27,545,0,0,none,200,0
A-00982,2023-01-12 02:43:55.643081,A,rule_based,voice,freeze_card,0.809,2,1,75,159,0,1,timeout,475,1
A-00983,2023-01-11 15:07:30.977872,A,rule_based,voice,dispute_charge,0.766,2,2,39,696,0,0,none,400,1
A-00984,2023-01-29 06:43:31.001824,A,rule_based,voice,check_balance,0.722,1,2,17,220,0,0,none,247,1
A-00985,2023-06-02 14:47:45.041457,A,rule_based,mobile_app,transfer_funds,0.737,1,1,53,374,0,0,none,337,1
A-00986,2023-05-30 01:58:04.222474,A,rule_based,voice,make_payment,0.857,1,3,43,457,0,0,none,278,1
A-00987,2023-05-21 23:11:33.983529,A,rule_based,voice,check_balance,0.804,2,1,57,694,0,0,none,320,0
A-00988,2023-04-21 15:31:55.589688,A,rule_based,voice,make_payment,0.842,2,3,60,540,0,0,none,459,1
A-00989,2023-05-11 05:29:31.739578,A,rule_based,voice,freeze_card,0.886,2,3,63,228,0,0,none,332,1
A-00990,2023-05-13 22:14:19.790988,A,rule_based,voice,request_statement,0.673,2,1,16,300,0,0,none,80,1
A-00991,2023-06-10 01:49:53.759025,A,rule_based,chat,freeze_card,0.793,1,1,42,239,0,0,none,256,1
A-00992,2023-05-12 19:43:18.796895,A,rule_based,mobile_app,freeze_card,0.771,1,1,52,513,0,0,none,398,1
A-00993,2023-05-13 13:30:15.158342,A,rule_based,chat,make_payment,0.461,1,3,46,602,0,0,none,47,0
A-00994,2023-05-25 17:37:50.398040,A,rule_based,voice,transfer_funds,0.753,2,1,77,596,0,1,customer_request,190,1
A-00995,2023-04-11 03:27:10.719387,A,rule_based,voice,dispute_charge,0.794,2,2,77,625,0,0,none,120,1
A-00996,2023-02-08 08:17:03.742743,A,rule_based,voice,request_statement,0.953,2,2,65,591,0,0,none,354,1
A-00997,2023-01-16 05:13:24.611154,A,rule_based,voice,check_balance,0.712,1,1,23,731,0,0,none,93,1
A-00998,2023-03-17 10:16:05.451059,A,rule_based,chat,transfer_funds,0.575,2,3,44,734,0,0,none,310,1
A-00999,2023-01-17 12:04:55.566062,A,rule_based,voice,make_payment,0.794,2,3,65,292,0,0,none,58,1
A-01000,2023-01-31 11:23:36.298733,A,rule_based,chat,check_balance,0.977,1,1,25,313,0,0,none,445,1
A-01001,2023-01-05 06:59:19.862929,A,rule_based,voice,dispute_charge,0.905,2,3,58,139,0,0,none,173,1
A-01002,2023-02-24 00:53:28.238200,A,rule_based,chat,check_balance,0.784,2,3,23,287,0,0,none,213,1
A-01003,2023-06-24 14:23:26.133996,A,rule_based,mobile_app,check_balance,0.701,2,3,15,455,0,0,none,384,1
A-01004,2023-03-10 04:58:59.152477,A,rule_based,chat,request_statement,0.756,2,1,22,561,0,0,none,200,1
A-01005,2023-02-13 08:39:21.809306,A,rule_based,mobile_app,dispute_charge,0.863,1,1,74,712,0,0,none,81,1
A-01006,2023-03-14 14:54:06.268454,A,rule_based,chat,transfer_funds,0.908,2,1,79,515,0,0,none,437,1
A-01007,2023-02-24 05:46:56.666254,A,rule_based,chat,make_payment,0.877,1,2,69,780,0,0,none,80,1
A-01008,2023-05-02 07:08:52.350182,A,rule_based,voice,freeze_card,0.989,1,3,25,487,0,0,none,253,1
A-01009,2023-04-25 04:53:47.069546,A,rule_based,voice,dispute_charge,0.791,2,3,63,700,0,0,none,85,0
A-01010,2023-01-05 22:07:16.901647,A,rule_based,mobile_app,request_statement,0.612,2,3,21,665,0,0,none,344,1
A-01011,2023-04-03 00:54:57.719107,A,rule_based,voice,update_address,0.728,1,2,14,442,0,1,none,151,1
A-01012,2023-01-07 12:22:57.542728,A,rule_based,mobile_app,dispute_charge,0.807,1,2,24,710,0,0,none,449,1
A-01013,2023-05-02 22:12:33.519275,A,rule_based,voice,transfer_funds,0.938,1,1,15,704,0,0,none,120,1
A-01014,2023-06-18 10:41:31.157915,A,rule_based,chat,make_payment,0.957,1,1,53,318,0,0,none,331,1
A-01015,2023-06-13 08:20:51.489969,A,rule_based,voice,check_balance,0.928,2,1,56,249,0,0,none,36,1
A-01016,2023-02-07 00:40:34.767238,A,rule_based,mobile_app,request_statement,0.759,1,1,7,185,0,0,none,80,1
A-01017,2023-05-14 16:13:37.337363,A,rule_based,voice,loan_inquiry,0.833,1,3,13,744,0,0,none,154,1
A-01018,2023-05-23 18:02:41.981623,A,rule_based,voice,check_balance,0.717,2,2,40,409,0,0,none,427,1
A-01019,2023-06-05 14:04:03.874917,A,rule_based,mobile_app,dispute_charge,0.827,2,3,13,496,0,0,none,478,1
A-01020,2023-02-16 17:27:58.528290,A,rule_based,voice,loan_inquiry,0.905,2,1,67,291,0,1,customer_request,306,1
A-01021,2023-03-23 03:36:23.524559,A,rule_based,voice,freeze_card,0.892,2,3,35,372,0,0,none,181,1
A-01022,2023-02-09 20:53:56.880377,A,rule_based,mobile_app,transfer_funds,0.97,2,3,35,381,0,0,none,170,1
A-01023,2023-01-05 09:01:00.678548,A,rule_based,chat,update_address,0.765,2,3,5,507,0,0,none,125,1
A-01024,2023-04-29 14:56:04.388556,A,rule_based,voice,request_statement,0.92,1,2,57,222,0,0,none,183,0
A-01025,2023-03-19 15:55:22.185474,A,rule_based,chat,make_payment,0.757,1,2,59,648,0,0,none,253,1
A-01026,2023-02-14 15:51:53.726525,A,rule_based,voice,transfer_funds,0.899,1,2,61,373,0,0,none,338,1
A-01027,2023-06-02 11:29:20.588404,A,rule_based,voice,make_payment,0.867,2,2,45,268,0,0,none,133,1
A-01028,2023-03-31 05:20:25.312957,A,rule_based,chat,freeze_card,0.819,1,1,25,110,0,1,customer_request,46,1
A-01029,2023-06-29 00:55:16.196010,A,rule_based,voice,dispute_charge,0.833,2,1,10,171,0,0,none,281,1
A-01030,2023-05-23 19:18:20.924555,A,rule_based,voice,update_address,0.887,2,2,28,288,0,1,customer_request,139,1
A-01031,2023-06-06 10:59:32.578293,A,rule_based,voice,freeze_card,0.851,1,1,45,613,0,0,none,210,1
A-01032,2023-05-20 04:47:43.133301,A,rule_based,mobile_app,update_address,0.714,2,1,13,698,0,0,none,350,1
A-01033,2023-01-20 01:35:44.028480,A,rule_based,chat,transfer_funds,0.721,2,1,9,766,0,0,none,433,1
A-01034,2023-01-12 16:55:31.018166,A,rule_based,voice,dispute_charge,0.637,1,2,21,308,0,0,none,270,1
A-01035,2023-06-14 17:08:25.071700,A,rule_based,mobile_app,request_statement,0.876,1,3,10,545,0,0,none,447,1
A-01036,2023-01-25 21:00:42.668395,A,rule_based,chat,make_payment,0.743,2,2,6,287,0,0,none,151,1
A-01037,2023-03-12 10:05:49.095286,A,rule_based,voice,dispute_charge,0.764,1,1,41,199,0,0,none,350,1
A-01038,2023-04-20 18:48:56.051718,A,rule_based,mobile_app,dispute_charge,0.867,1,2,60,480,0,0,none,470,1
A-01039,2023-02-08 03:24:03.137676,A,rule_based,voice,check_balance,0.864,2,2,42,550,0,1,unresolved,127,1
A-01040,2023-02-10 13:13:52.999743,A,rule_based,voice,check_balance,0.899,1,2,11,632,0,0,none,362,1
A-01041,2023-03-25 22:09:45.355315,A,rule_based,voice,request_statement,0.778,1,2,30,181,0,0,none,243,1
A-01042,2023-03-06 23:04:00.462385,A,rule_based,voice,request_statement,0.804,2,2,7,622,0,0,none,426,1
A-01043,2023-05-02 18:48:24.773492,A,rule_based,chat,request_statement,0.82,1,1,51,312,0,0,none,167,1
A-01044,2023-01-14 12:19:44.992737,A,rule_based,chat,check_balance,0.705,2,3,22,294,0,0,none,462,1
A-01045,2023-03-29 23:26:14.827719,A,rule_based,mobile_app,make_payment,0.888,2,2,34,122,0,0,none,389,1
A-01046,2023-02-01 08:48:10.240312,A,rule_based,voice,check_balance,0.788,1,1,72,243,0,0,none,347,1
A-01047,2023-04-20 05:03:07.339980,A,rule_based,voice,freeze_card,0.773,1,1,49,441,0,0,none,43,1
A-01048,2023-01-21 22:02:29.113457,A,rule_based,voice,loan_inquiry,0.7,1,3,62,232,0,0,none,67,1
A-01049,2023-02-05 13:46:10.788265,A,rule_based,voice,make_payment,0.907,2,2,31,324,0,0,none,328,1
A-01050,2023-05-25 16:48:01.461179,A,rule_based,mobile_app,request_statement,0.771,2,1,74,471,0,0,none,245,1
A-01051,2023-02-12 07:55:17.029071,A,rule_based,chat,check_balance,0.485,1,2,58,168,0,0,none,175,1
A-01052,2023-05-13 16:07:20.148922,A,rule_based,chat,make_payment,0.857,2,2,43,712,0,0,none,408,1
A-01053,2023-02-19 03:37:51.105551,A,rule_based,chat,check_balance,0.828,2,3,48,316,0,1,none,246,1
A-01054,2023-02-12 07:19:07.761397,A,rule_based,voice,make_payment,0.829,1,2,51,631,0,0,none,236,1
A-01055,2023-02-23 20:20:55.183369,A,rule_based,voice,request_statement,0.65,2,3,17,553,0,0,none,175,1
A-01056,2023-06-08 13:37:34.221743,A,rule_based,voice,transfer_funds,0.578,2,2,23,625,0,0,none,471,1
A-01057,2023-03-13 11:45:20.334005,A,rule_based,chat,make_payment,0.77,1,3,56,302,0,0,none,194,1
A-01058,2023-02-13 21:02:43.760756,A,rule_based,voice,update_address,0.508,1,1,38,220,0,0,none,146,1
A-01059,2023-04-07 14:16:57.094934,A,rule_based,voice,freeze_card,0.624,2,2,63,200,0,0,none,333,1
A-01060,2023-03-11 09:58:15.236082,A,rule_based,chat,transfer_funds,0.938,2,3,44,260,0,0,none,45,1
A-01061,2023-05-23 05:39:11.827489,A,rule_based,voice,request_statement,0.89,1,1,9,481,0,0,none,297,1
A-01062,2023-06-28 06:43:30.256004,A,rule_based,voice,make_payment,0.921,2,2,54,537,0,1,none,284,1
A-01063,2023-04-05 18:48:05.732339,A,rule_based,voice,request_statement,0.871,1,2,50,627,0,0,none,139,1
A-01064,2023-03-23 07:33:18.856297,A,rule_based,voice,make_payment,0.639,1,3,32,774,0,0,none,376,1
A-01065,2023-03-03 17:54:46.514578,A,rule_based,voice,transfer_funds,0.917,1,3,64,681,0,0,none,49,1
A-01066,2023-06-25 04:49:23.964265,A,rule_based,mobile_app,dispute_charge,0.79,2,1,31,349,0,1,unresolved,471,1
A-01067,2023-03-28 23:47:01.508425,A,rule_based,chat,request_statement,0.71,1,1,13,430,0,0,none,415,0
A-01068,2023-02-02 00:56:47.165725,A,rule_based,voice,check_balance,0.881,2,3,14,768,0,0,none,108,1
A-01069,2023-06-24 11:00:45.760542,A,rule_based,chat,dispute_charge,0.826,1,1,72,597,0,0,none,251,1
A-01070,2023-06-22 23:00:38.823542,A,rule_based,chat,loan_inquiry,0.781,1,2,33,391,0,0,none,118,1
A-01071,2023-03-20 10:19:56.013915,A,rule_based,chat,request_statement,0.834,2,3,36,683,0,0,none,308,1
A-01072,2023-03-04 16:09:48.874689,A,rule_based,mobile_app,dispute_charge,0.917,1,3,27,195,0,1,customer_request,188,0
A-01073,2023-05-03 11:29:23.170902,A,rule_based,chat,transfer_funds,0.91,2,3,60,571,0,0,none,249,1
A-01074,2023-05-30 04:57:08.081978,A,rule_based,voice,loan_inquiry,0.942,2,1,50,764,0,0,none,460,1
A-01075,2023-03-31 17:39:31.721273,A,rule_based,voice,make_payment,0.912,2,1,72,469,0,0,none,308,1
A-01076,2023-03-01 13:06:43.636857,A,rule_based,voice,update_address,0.846,1,1,72,529,0,0,none,420,1
A-01077,2023-02-24 06:01:19.656942,A,rule_based,voice,dispute_charge,0.89,2,3,79,141,0,0,none,312,1
A-01078,2023-02-28 18:54:23.405639,A,rule_based,mobile_app,request_statement,0.829,2,1,29,523,0,0,none,243,1
A-01079,2023-01-22 05:54:08.284784,A,rule_based,chat,make_payment,0.774,1,2,48,303,0,0,none,36,1
A-01080,2023-05-21 03:38:25.026196,A,rule_based,voice,make_payment,0.772,1,3,30,796,0,0,none,70,1
A-01081,2023-01-19 21:25:35.797450,A,rule_based,mobile_app,transfer_funds,0.859,1,2,57,323,0,1,unresolved,269,0
A-01082,2023-03-13 16:43:07.025211,A,rule_based,chat,transfer_funds,0.752,2,3,61,319,0,0,none,256,1
A-01083,2023-05-31 06:57:18.779215,A,rule_based,voice,loan_inquiry,0.782,1,2,23,376,0,0,none,255,1
A-01084,2023-03-14 17:44:14.889800,A,rule_based,mobile_app,transfer_funds,0.689,1,2,69,587,0,0,none,410,1
A-01085,2023-02-23 01:22:15.481344,A,rule_based,voice,freeze_card,0.882,2,3,26,765,0,0,none,73,1
A-01086,2023-06-20 16:27:21.912588,A,rule_based,voice,freeze_card,0.932,2,2,78,342,0,0,none,326,1
A-01087,2023-01-23 18:40:08.454945,A,rule_based,voice,freeze_card,0.589,2,1,68,246,0,0,none,365,1
A-01088,2023-06-09 06:34:07.896104,A,rule_based,mobile_app,dispute_charge,0.903,2,2,6,635,0,0,none,320,1
A-01089,2023-01-12 04:10:18.373955,A,rule_based,voice,dispute_charge,0.976,1,3,34,479,0,0,none,136,1
A-01090,2023-03-16 10:26:49.428683,A,rule_based,voice,make_payment,0.824,1,3,34,418,0,0,none,212,1
A-01091,2023-04-24 17:02:05.855103,A,rule_based,chat,request_statement,0.606,1,1,66,793,0,0,none,54,1
A-01092,2023-03-08 14:33:56.950171,A,rule_based,mobile_app,make_payment,0.91,1,1,59,446,0,0,none,109,1
A-01093,2023-04-07 05:29:59.058793,A,rule_based,voice,make_payment,0.712,1,2,8,533,0,0,none,391,1
A-01094,2023-02-06 17:17:13.918764,A,rule_based,voice,update_address,0.848,2,3,68,787,0,0,none,307,1
A-01095,2023-04-13 10:13:44.815644,A,rule_based,mobile_app,dispute_charge,0.716,2,2,21,246,0,0,none,419,1
A-01096,2023-01-25 05:17:37.165217,A,rule_based,chat,make_payment,0.955,2,2,32,731,0,0,none,341,1
A-01097,2023-05-24 07:08:09.907825,A,rule_based,voice,loan_inquiry,0.694,1,3,17,772,0,0,none,138,1
A-01098,2023-04-16 01:58:20.733852,A,rule_based,voice,loan_inquiry,0.729,2,2,16,429,0,0,none,395,1
A-01099,2023-03-28 17:56:48.249663,A,rule_based,voice,check_balance,0.708,2,3,44,335,0,0,none,339,0
A-01100,2023-01-10 20:09:38.008796,A,rule_based,chat,check_balance,0.812,1,2,11,213,0,0,none,116,1
A-01101,2023-03-31 23:01:30.472177,A,rule_based,chat,make_payment,0.765,1,3,11,133,0,0,none,32,1
A-01102,2023-04-12 10:37:11.780978,A,rule_based,chat,freeze_card,0.736,2,1,63,788,0,0,none,373,1
A-01103,2023-02-17 19:41:01.168508,A,rule_based,voice,loan_inquiry,0.835,1,3,30,401,0,0,none,354,1
A-01104,2023-05-02 23:11:24.981805,A,rule_based,chat,check_balance,0.909,1,3,53,567,0,0,none,70,1
A-01105,2023-01-14 19:37:31.592793,A,rule_based,voice,freeze_card,0.679,1,1,78,268,0,0,none,239,1
A-01106,2023-02-07 13:32:12.594687,A,rule_based,mobile_app,check_balance,0.812,1,1,8,326,0,1,customer_request,441,1
A-01107,2023-05-13 18:12:34.541427,A,rule_based,voice,dispute_charge,0.859,2,3,64,673,0,0,none,386,1
A-01108,2023-01-27 11:59:59.948738,A,rule_based,voice,transfer_funds,0.906,2,1,13,559,0,0,none,397,1
A-01109,2023-02-14 04:46:15.242771,A,rule_based,voice,check_balance,0.975,2,2,62,253,0,0,none,206,1
A-01110,2023-04-28 03:41:42.370609,A,rule_based,voice,check_balance,0.953,2,1,27,103,0,0,none,84,1
A-01111,2023-05-12 04:35:46.177670,A,rule_based,voice,dispute_charge,0.849,1,2,15,673,0,0,none,187,1
A-01112,2023-01-10 06:26:00.887904,A,rule_based,chat,request_statement,0.626,1,3,22,156,0,0,none,339,1
A-01113,2023-01-23 18:51:58.554898,A,rule_based,mobile_app,transfer_funds,0.923,1,2,32,125,0,0,none,408,1
A-01114,2023-03-22 07:13:47.226874,A,rule_based,voice,transfer_funds,0.882,2,1,59,310,0,0,none,319,1
A-01115,2023-04-17 16:52:26.982030,A,rule_based,voice,check_balance,0.658,1,2,56,750,0,1,timeout,47,1
A-01116,2023-03-23 16:20:05.756543,A,rule_based,voice,check_balance,0.939,2,1,59,551,0,0,none,295,1
A-01117,2023-04-27 11:20:32.528208,A,rule_based,chat,freeze_card,0.687,1,2,6,129,0,0,none,114,1
A-01118,2023-05-17 01:53:21.682230,A,rule_based,voice,make_payment,0.825,1,1,78,741,0,0,none,304,1
A-01119,2023-06-20 22:01:45.916443,A,rule_based,voice,loan_inquiry,0.735,1,2,37,756,0,0,none,215,1
A-01120,2023-03-04 23:29:04.850589,A,rule_based,voice,request_statement,0.793,1,1,13,587,0,0,none,269,0
A-01121,2023-01-30 08:36:45.359781,A,rule_based,voice,check_balance,0.735,1,1,74,151,0,0,none,298,1
A-01122,2023-02-17 12:50:34.434690,A,rule_based,chat,loan_inquiry,0.796,2,1,64,110,0,0,none,317,1
A-01123,2023-01-27 16:04:13.449445,A,rule_based,voice,check_balance,0.872,2,3,11,710,0,0,none,32,1
A-01124,2023-03-12 23:08:28.223963,A,rule_based,voice,dispute_charge,0.919,1,3,37,675,0,0,none,464,1
A-01125,2023-06-07 01:29:26.119301,A,rule_based,chat,update_address,0.887,2,3,72,681,0,1,none,288,1
A-01126,2023-03-04 11:17:55.517279,A,rule_based,voice,update_address,0.805,1,3,56,440,0,0,none,258,1
A-01127,2023-01-27 18:54:50.664966,A,rule_based,chat,request_statement,0.628,2,2,19,516,0,0,none,200,1
A-01128,2023-04-05 01:46:26.581221,A,rule_based,voice,request_statement,0.797,2,1,57,221,0,0,none,77,1
A-01129,2023-06-28 13:11:50.236698,A,rule_based,mobile_app,transfer_funds,0.555,2,3,19,125,0,0,none,313,1
A-01130,2023-02-03 20:56:34.312737,A,rule_based,chat,transfer_funds,0.839,2,3,31,254,0,0,none,193,1
A-01131,2023-05-21 00:25:11.249721,A,rule_based,voice,update_address,0.702,2,2,19,534,0,0,none,438,1
A-01132,2023-05-29 04:54:38.290468,A,rule_based,mobile_app,check_balance,0.817,2,1,57,381,0,0,none,326,1
A-01133,2023-03-14 05:46:53.918128,A,rule_based,voice,freeze_card,0.716,2,2,74,532,0,1,customer_request,228,1
A-01134,2023-04-22 12:27:43.974111,A,rule_based,voice,transfer_funds,0.897,2,2,8,408,0,0,none,44,0
A-01135,2023-03-19 19:51:11.906082,A,rule_based,chat,make_payment,0.946,1,3,50,490,0,0,none,279,1
A-01136,2023-02-17 05:15:08.517070,A,rule_based,chat,dispute_charge,0.832,2,1,23,765,0,0,none,410,1
A-01137,2023-03-18 16:49:59.578725,A,rule_based,voice,dispute_charge,0.7,1,2,61,542,0,0,none,238,1
A-01138,2023-01-18 03:39:12.204871,A,rule_based,voice,check_balance,0.907,1,3,15,767,0,0,none,322,1
A-01139,2023-05-08 06:03:01.479654,A,rule_based,voice,request_statement,0.866,1,3,32,777,0,0,none,83,1
A-01140,2023-05-30 06:06:50.027899,A,rule_based,chat,make_payment,0.726,2,1,20,532,0,0,none,213,1
A-01141,2023-02-25 07:58:03.763778,A,rule_based,mobile_app,freeze_card,0.857,2,2,70,796,0,0,none,386,1
A-01142,2023-04-12 23:10:47.572757,A,rule_based,voice,loan_inquiry,0.72,2,2,11,274,0,0,none,220,1
A-01143,2023-02-11 18:52:53.970277,A,rule_based,mobile_app,loan_inquiry,0.85,1,2,48,464,0,0,none,428,1
A-01144,2023-01-23 22:37:44.921088,A,rule_based,voice,dispute_charge,0.729,1,1,14,152,0,0,none,214,1
A-01145,2023-04-30 10:49:55.924624,A,rule_based,chat,make_payment,0.654,1,1,49,164,0,1,customer_request,395,1
A-01146,2023-01-25 03:20:41.340891,A,rule_based,mobile_app,freeze_card,0.884,1,1,62,192,0,0,none,319,1
A-01147,2023-05-21 18:08:58.484294,A,rule_based,chat,loan_inquiry,0.952,2,3,61,193,0,0,none,456,1
A-01148,2023-02-18 21:58:46.742174,A,rule_based,voice,dispute_charge,0.893,1,2,7,387,0,1,timeout,269,1
A-01149,2023-05-28 07:58:40.287977,A,rule_based,voice,loan_inquiry,0.819,2,1,63,604,0,0,none,240,1
A-01150,2023-03-08 07:56:23.140920,A,rule_based,voice,check_balance,0.88,2,3,27,790,0,1,unresolved,189,1
A-01151,2023-03-08 09:24:00.000784,A,rule_based,chat,loan_inquiry,0.893,2,2,56,787,0,0,none,323,0
A-01152,2023-05-16 02:28:27.573978,A,rule_based,mobile_app,check_balance,0.766,2,2,77,225,0,0,none,471,1
A-01153,2023-04-02 20:20:53.327131,A,rule_based,voice,check_balance,0.761,2,1,13,405,0,0,none,105,1
A-01154,2023-02-06 04:13:20.935526,A,rule_based,voice,update_address,0.88,1,2,32,401,0,0,none,451,1
A-01155,2023-06-03 01:45:53.739327,A,rule_based,voice,check_balance,0.917,2,2,70,168,0,0,none,469,1
A-01156,2023-03-03 05:27:42.710035,A,rule_based,chat,check_balance,0.966,2,2,15,127,0,0,none,376,1
A-01157,2023-01-19 11:59:44.184559,A,rule_based,chat,check_balance,0.646,2,2,24,347,0,0,none,291,1
A-01158,2023-03-16 21:07:28.250641,A,rule_based,voice,dispute_charge,0.707,2,2,46,699,0,0,none,418,1
A-01159,2023-04-14 07:30:53.340815,A,rule_based,chat,freeze_card,0.731,1,3,79,369,0,0,none,147,1
A-01160,2023-04-20 18:42:16.713421,A,rule_based,voice,check_balance,0.91,1,3,27,368,0,0,none,315,1
A-01161,2023-05-31 09:49:33.210165,A,rule_based,chat,request_statement,0.912,2,2,33,797,0,0,none,392,0
A-01162,2023-04-08 10:52:38.923636,A,rule_based,voice,loan_inquiry,0.797,1,1,64,364,0,0,none,392,1
A-01163,2023-02-10 06:25:45.432663,A,rule_based,voice,check_balance,0.869,2,1,13,580,0,0,none,293,1
A-01164,2023-02-17 02:23:54.775605,A,rule_based,chat,check_balance,0.857,2,1,29,786,0,0,none,203,1
A-01165,2023-01-19 03:37:52.829155,A,rule_based,chat,loan_inquiry,0.883,1,1,28,182,0,0,none,457,1
A-01166,2023-05-13 11:11:34.546202,A,rule_based,voice,loan_inquiry,0.882,1,2,35,457,0,0,none,333,1
A-01167,2023-01-20 01:40:02.931164,A,rule_based,chat,update_address,0.931,2,1,48,335,0,0,none,376,1
A-01168,2023-04-20 01:06:38.057138,A,rule_based,voice,loan_inquiry,0.896,2,1,21,183,0,0,none,310,1
A-01169,2023-04-18 10:48:45.872213,A,rule_based,voice,check_balance,0.883,2,3,34,133,0,0,none,424,1
A-01170,2023-05-22 09:22:31.318081,A,rule_based,mobile_app,dispute_charge,0.86,1,1,73,553,0,0,none,244,1
A-01171,2023-01-14 10:24:01.089508,A,rule_based,mobile_app,freeze_card,0.8,2,3,67,557,0,0,none,275,1
A-01172,2023-02-06 12:34:37.214286,A,rule_based,voice,make_payment,0.86,2,1,76,493,0,1,customer_request,391,1
A-01173,2023-06-13 17:18:34.087464,A,rule_based,mobile_app,freeze_card,0.89,2,2,56,570,0,1,customer_request,262,1
A-01174,2023-04-14 00:03:47.171793,A,rule_based,chat,update_address,0.927,1,1,48,603,0,0,none,140,1
A-01175,2023-03-24 09:13:18.194288,A,rule_based,voice,freeze_card,0.881,1,2,21,140,0,0,none,370,1
A-01176,2023-05-15 13:57:41.280469,A,rule_based,voice,dispute_charge,0.659,1,1,16,123,0,0,none,198,1
A-01177,2023-06-12 10:55:53.575339,A,rule_based,voice,make_payment,0.723,1,1,45,334,0,0,none,77,1
A-01178,2023-02-17 08:12:05.873839,A,rule_based,chat,make_payment,0.811,1,3,35,497,0,0,none,197,1
A-01179,2023-06-12 06:22:28.979274,A,rule_based,mobile_app,make_payment,0.928,1,3,64,731,0,0,none,54,0
A-01180,2023-01-20 13:33:38.824186,A,rule_based,voice,freeze_card,0.907,1,2,5,785,0,0,none,425,1
A-01181,2023-06-25 23:35:26.758295,A,rule_based,voice,check_balance,0.786,2,3,71,678,0,0,none,472,1
A-01182,2023-01-30 16:09:35.583949,A,rule_based,voice,check_balance,0.768,1,3,17,303,0,0,none,149,1
A-01183,2023-02-17 22:08:28.004503,A,rule_based,voice,check_balance,0.696,2,3,34,501,0,0,none,442,1
A-01184,2023-01-18 09:17:08.956305,A,rule_based,chat,check_balance,0.93,2,3,31,181,0,0,none,350,1
A-01185,2023-05-25 15:52:57.035100,A,rule_based,voice,loan_inquiry,0.828,2,1,74,439,0,0,none,460,1
A-01186,2023-06-27 03:52:57.028872,A,rule_based,chat,dispute_charge,0.89,2,1,59,169,0,0,none,103,1
A-01187,2023-02-23 10:56:18.661277,A,rule_based,voice,transfer_funds,0.872,2,2,7,794,0,0,none,58,1
A-01188,2023-02-28 14:38:37.208169,A,rule_based,chat,check_balance,0.686,1,2,68,415,0,0,none,444,1
A-01189,2023-02-20 05:11:35.457366,A,rule_based,chat,request_statement,0.857,2,3,55,605,0,0,none,151,1
A-01190,2023-01-28 20:51:26.614543,A,rule_based,chat,dispute_charge,0.818,2,1,10,172,0,0,none,298,1
A-01191,2023-05-22 17:45:32.458720,A,rule_based,voice,dispute_charge,0.438,1,1,63,766,0,0,none,435,1
A-01192,2023-01-11 22:18:34.951822,A,rule_based,chat,loan_inquiry,0.725,1,1,7,466,0,0,none,184,1
A-01193,2023-06-24 04:47:03.277136,A,rule_based,chat,transfer_funds,0.677,1,3,36,150,0,0,none,70,1
A-01194,2023-06-16 22:00:11.037165,A,rule_based,chat,loan_inquiry,0.892,2,3,17,357,0,0,none,386,1
A-01195,2023-01-22 07:39:24.654341,A,rule_based,chat,check_balance,0.645,1,3,5,248,0,0,none,233,1
A-01196,2023-04-06 07:32:34.934025,A,rule_based,mobile_app,make_payment,0.932,1,3,46,148,0,0,none,40,1
A-01197,2023-06-28 17:07:04.329637,A,rule_based,voice,request_statement,0.7,2,3,56,121,0,0,none,183,0
A-01198,2023-06-03 11:18:54.561201,A,rule_based,voice,make_payment,0.806,1,2,40,598,0,0,none,268,1
A-01199,2023-05-09 17:22:39.706108,A,rule_based,mobile_app,freeze_card,0.921,1,2,30,707,0,0,none,425,0
A-01200,2023-01-05 01:01:52.623497,A,rule_based,voice,update_address,0.867,1,1,43,562,0,0,none,131,1
A-01201,2023-01-13 07:23:26.030367,A,rule_based,mobile_app,update_address,0.814,2,2,16,585,0,0,none,263,1
A-01202,2023-05-23 22:09:13.914981,A,rule_based,chat,loan_inquiry,0.846,2,1,8,126,0,0,none,111,1
A-01203,2023-03-09 18:14:30.372378,A,rule_based,mobile_app,freeze_card,0.733,2,3,16,224,0,0,none,160,1
A-01204,2023-05-01 07:37:32.558243,A,rule_based,chat,check_balance,0.844,2,2,9,124,0,0,none,148,1
A-01205,2023-05-14 01:15:52.663775,A,rule_based,chat,check_balance,0.85,1,2,62,781,0,0,none,265,1
A-01206,2023-03-17 23:50:08.328870,A,rule_based,chat,request_statement,0.565,1,2,50,616,0,0,none,328,1
A-01207,2023-01-26 19:24:32.986899,A,rule_based,voice,dispute_charge,0.798,2,3,19,769,0,0,none,80,1
A-01208,2023-03-11 14:31:12.911888,A,rule_based,voice,make_payment,0.902,2,3,47,733,0,0,none,64,0
A-01209,2023-06-06 18:55:45.374939,A,rule_based,voice,dispute_charge,0.821,2,2,41,257,0,1,timeout,359,1
A-01210,2023-03-01 14:17:26.035505,A,rule_based,voice,freeze_card,0.862,1,3,13,458,0,0,none,162,1
A-01211,2023-01-12 06:38:44.131231,A,rule_based,mobile_app,loan_inquiry,0.785,2,3,77,552,0,0,none,308,1
A-01212,2023-06-22 15:26:51.800058,A,rule_based,voice,update_address,0.731,1,3,75,619,0,0,none,64,1
A-01213,2023-05-03 12:31:27.288362,A,rule_based,chat,dispute_charge,0.794,1,3,61,567,0,0,none,300,1
A-01214,2023-04-08 08:30:04.206133,A,rule_based,voice,make_payment,0.834,2,1,65,417,0,0,none,439,1
A-01215,2023-05-30 05:44:37.455587,A,rule_based,voice,update_address,0.887,1,2,46,102,0,0,none,227,1
A-01216,2023-03-16 00:12:50.865766,A,rule_based,mobile_app,make_payment,0.842,2,1,65,757,0,0,none,290,1
A-01217,2023-06-27 07:42:00.828453,A,rule_based,voice,update_address,0.888,1,1,44,582,0,0,none,162,1
A-01218,2023-06-04 08:42:56.375275,A,rule_based,chat,request_statement,0.738,1,2,17,685,0,0,none,158,1
A-01219,2023-02-20 11:57:11.822234,A,rule_based,voice,check_balance,0.69,2,1,17,254,0,0,none,59,1
A-01220,2023-03-08 18:55:38.296587,A,rule_based,voice,check_balance,0.804,2,1,69,174,0,0,none,245,1
A-01221,2023-02-19 15:12:34.579214,A,rule_based,voice,make_payment,0.702,2,3,38,730,0,0,none,456,1
A-01222,2023-04-29 16:21:08.787976,A,rule_based,chat,loan_inquiry,0.886,1,1,59,664,0,1,none,82,0
A-01223,2023-04-26 01:54:50.191960,A,rule_based,voice,request_statement,0.643,2,2,15,686,0,0,none,217,1
A-01224,2023-04-05 01:13:31.344870,A,rule_based,chat,check_balance,0.807,1,3,38,408,0,0,none,406,1
A-01225,2023-06-23 20:25:49.505357,A,rule_based,chat,loan_inquiry,0.907,2,1,11,733,0,0,none,253,1
A-01226,2023-03-27 00:13:45.281739,A,rule_based,voice,dispute_charge,0.905,1,2,21,256,0,1,unresolved,372,1
A-01227,2023-05-22 01:40:50.674545,A,rule_based,voice,dispute_charge,0.906,1,3,13,630,0,0,none,199,1
A-01228,2023-04-29 10:58:15.262332,A,rule_based,voice,transfer_funds,0.699,1,3,20,446,0,0,none,301,1
A-01229,2023-04-04 06:33:32.189130,A,rule_based,chat,check_balance,0.752,2,3,50,215,0,1,unresolved,474,1
A-01230,2023-01-08 13:51:03.107352,A,rule_based,voice,make_payment,0.719,2,2,5,602,0,0,none,299,1
A-01231,2023-04-29 08:22:42.610451,A,rule_based,voice,update_address,0.778,1,3,19,352,0,0,none,388,1
A-01232,2023-04-26 16:00:38.750664,A,rule_based,voice,check_balance,0.852,2,2,56,211,0,0,none,342,1
A-01233,2023-01-23 11:27:20.363903,A,rule_based,voice,request_statement,0.925,1,2,16,596,0,0,none,73,1
A-01234,2023-05-24 06:21:09.696809,A,rule_based,chat,make_payment,0.898,1,3,46,640,0,0,none,102,1
A-01235,2023-03-26 01:24:51.985737,A,rule_based,voice,check_balance,0.93,2,3,70,326,0,0,none,303,1
A-01236,2023-02-28 08:18:38.816024,A,rule_based,voice,make_payment,0.91,1,2,63,776,0,0,none,186,1
A-01237,2023-05-29 07:30:16.368676,A,rule_based,voice,dispute_charge,0.851,2,3,14,597,0,0,none,248,0
A-01238,2023-03-03 19:21:45.162110,A,rule_based,chat,check_balance,0.894,2,2,16,115,0,0,none,247,1
A-01239,2023-04-22 22:23:43.506046,A,rule_based,chat,check_balance,0.749,2,1,57,335,0,0,none,387,1
A-01240,2023-04-22 05:23:30.992251,A,rule_based,voice,loan_inquiry,0.968,2,2,30,782,0,0,none,475,1
A-01241,2023-01-10 12:07:18.640979,A,rule_based,voice,make_payment,0.847,2,3,36,224,0,1,unresolved,478,1
A-01242,2023-03-18 02:38:28.622698,A,rule_based,chat,make_payment,0.896,1,2,40,767,0,0,none,65,1
A-01243,2023-02-10 02:24:15.118942,A,rule_based,voice,check_balance,0.943,1,2,48,462,0,1,unresolved,364,1
A-01244,2023-02-05 22:08:42.933885,A,rule_based,chat,make_payment,0.93,1,3,38,572,0,0,none,356,1
A-01245,2023-04-28 21:26:07.291930,A,rule_based,voice,make_payment,0.65,1,3,6,580,0,0,none,419,1
A-01246,2023-01-03 01:17:28.246684,A,rule_based,voice,request_statement,0.803,2,2,12,458,0,0,none,222,1
A-01247,2023-06-24 10:25:16.269192,A,rule_based,voice,make_payment,0.843,1,3,5,462,0,0,none,256,0
A-01248,2023-03-13 04:05:20.925387,A,rule_based,voice,loan_inquiry,0.586,1,2,24,497,0,0,none,233,1
A-01249,2023-02-23 18:49:52.474375,A,rule_based,chat,transfer_funds,0.709,2,2,66,549,0,0,none,198,1
A-01250,2023-06-15 14:17:21.867827,A,rule_based,voice,check_balance,0.882,2,3,77,616,0,0,none,141,1
A-01251,2023-03-29 14:25:25.154046,A,rule_based,voice,check_balance,0.883,1,1,40,406,0,0,none,319,1
A-01252,2023-04-21 13:53:06.311099,A,rule_based,voice,check_balance,0.669,1,1,7,404,0,0,none,37,1
A-01253,2023-05-06 06:04:30.842802,A,rule_based,voice,request_statement,0.743,1,1,10,644,0,1,customer_request,367,1
A-01254,2023-06-06 20:29:48.125230,A,rule_based,chat,check_balance,0.894,2,3,66,629,0,0,none,408,1
A-01255,2023-01-24 08:29:07.425635,A,rule_based,chat,loan_inquiry,0.661,1,1,30,554,0,1,timeout,132,1
A-01256,2023-01-15 16:44:30.241239,A,rule_based,mobile_app,freeze_card,0.754,2,3,71,422,0,0,none,126,1
A-01257,2023-06-28 20:49:50.117974,A,rule_based,voice,loan_inquiry,0.913,2,3,42,502,0,1,customer_request,256,1
A-01258,2023-01-02 14:22:40.882889,A,rule_based,voice,update_address,0.84,1,3,70,499,0,0,none,410,1
A-01259,2023-05-08 11:24:04.808221,A,rule_based,voice,transfer_funds,0.825,2,3,15,404,0,0,none,81,1
A-01260,2023-04-20 23:48:08.509180,A,rule_based,mobile_app,check_balance,0.883,1,3,69,224,0,0,none,224,1
A-01261,2023-04-10 11:01:13.489621,A,rule_based,voice,dispute_charge,0.951,1,1,45,475,0,0,none,127,1
A-01262,2023-05-22 10:46:36.421169,A,rule_based,voice,make_payment,0.871,2,3,37,410,0,0,none,413,1
A-01263,2023-06-28 15:28:59.281627,A,rule_based,chat,transfer_funds,0.76,1,1,44,135,0,0,none,426,1
A-01264,2023-01-09 10:32:48.295874,A,rule_based,voice,update_address,0.782,2,2,29,768,0,0,none,67,1
A-01265,2023-04-21 14:46:18.221587,A,rule_based,voice,loan_inquiry,0.648,2,3,50,566,0,0,none,95,1
A-01266,2023-05-10 00:28:46.301119,A,rule_based,voice,check_balance,0.755,1,1,62,179,0,0,none,100,1
A-01267,2023-02-25 01:39:28.089603,A,rule_based,chat,transfer_funds,0.941,2,1,65,243,0,0,none,395,1
A-01268,2023-06-10 17:09:40.258290,A,rule_based,chat,dispute_charge,0.867,2,3,78,499,0,0,none,435,1
A-01269,2023-03-24 06:12:32.670226,A,rule_based,voice,dispute_charge,0.651,1,1,35,702,0,0,none,197,1
A-01270,2023-01-30 14:32:49.040277,A,rule_based,chat,transfer_funds,0.924,2,1,62,439,0,1,customer_request,100,1
A-01271,2023-06-03 19:02:30.354748,A,rule_based,voice,dispute_charge,0.919,1,1,71,668,0,0,none,328,1
A-01272,2023-06-19 17:26:19.248844,A,rule_based,voice,dispute_charge,0.659,1,1,6,189,0,1,customer_request,430,1
A-01273,2023-01-18 21:54:16.010471,A,rule_based,mobile_app,update_address,0.743,2,2,40,469,0,1,customer_request,439,1
A-01274,2023-05-16 07:15:40.845988,A,rule_based,chat,check_balance,0.677,2,3,57,679,0,0,none,230,1
A-01275,2023-02-08 16:51:41.136457,A,rule_based,mobile_app,make_payment,0.983,2,2,39,692,0,0,none,381,1
A-01276,2023-01-02 05:02:23.929189,A,rule_based,chat,check_balance,0.784,2,1,12,268,0,0,none,460,1
A-01277,2023-02-16 21:51:06.173514,A,rule_based,voice,check_balance,0.813,1,3,54,569,0,0,none,401,1
A-01278,2023-06-03 21:12:37.757353,A,rule_based,voice,loan_inquiry,0.799,1,2,35,127,0,0,none,243,1
A-01279,2023-01-26 09:54:51.651741,A,rule_based,voice,update_address,0.86,2,1,51,198,0,0,none,147,1
A-01280,2023-01-24 12:29:22.468392,A,rule_based,voice,make_payment,0.697,1,2,5,730,0,0,none,197,1
A-01281,2023-05-14 00:41:09.926825,A,rule_based,voice,dispute_charge,0.718,2,1,5,618,0,0,none,192,1
A-01282,2023-03-15 03:28:25.098957,A,rule_based,voice,dispute_charge,0.869,1,2,50,244,0,0,none,474,1
A-01283,2023-01-27 17:27:35.400058,A,rule_based,voice,request_statement,0.789,1,3,78,797,0,0,none,359,0
A-01284,2023-02-11 09:36:05.855051,A,rule_based,chat,transfer_funds,0.786,1,2,52,794,0,0,none,416,1
A-01285,2023-05-24 00:40:49.137376,A,rule_based,voice,transfer_funds,0.879,1,3,75,128,0,0,none,379,0
A-01286,2023-04-23 04:31:16.222982,A,rule_based,voice,dispute_charge,0.949,1,3,68,117,0,0,none,244,1
A-01287,2023-05-17 23:12:44.270954,A,rule_based,chat,make_payment,0.879,2,2,26,271,0,0,none,385,1
A-01288,2023-01-18 14:22:49.412742,A,rule_based,chat,dispute_charge,0.776,2,3,12,655,0,0,none,317,1
A-01289,2023-03-24 11:00:37.806879,A,rule_based,voice,update_address,0.849,2,3,46,518,0,1,timeout,363,1
A-01290,2023-05-24 11:29:56.412151,A,rule_based,chat,dispute_charge,0.927,1,2,51,458,0,1,customer_request,165,1
A-01291,2023-02-17 20:13:28.861506,A,rule_based,chat,request_statement,0.699,1,3,62,390,0,0,none,134,1
A-01292,2023-01-31 10:53:46.836184,A,rule_based,mobile_app,update_address,0.782,2,2,44,435,0,0,none,111,1
A-01293,2023-03-10 17:18:23.116645,A,rule_based,voice,make_payment,0.842,2,3,74,546,0,0,none,160,1
A-01294,2023-03-02 00:12:05.353141,A,rule_based,voice,make_payment,0.873,2,1,68,144,0,1,customer_request,470,1
A-01295,2023-02-03 09:14:32.657176,A,rule_based,chat,make_payment,0.942,1,2,48,510,0,0,none,453,1
A-01296,2023-06-21 17:02:31.479141,A,rule_based,voice,check_balance,0.747,1,1,46,254,0,0,none,95,1
A-01297,2023-03-28 22:59:06.387646,A,rule_based,chat,check_balance,0.9,2,1,6,651,0,0,none,279,1
A-01298,2023-04-20 10:53:23.490222,A,rule_based,chat,freeze_card,0.803,1,2,63,236,0,0,none,453,1
A-01299,2023-01-22 19:10:54.644874,A,rule_based,chat,dispute_charge,0.837,1,1,56,149,0,0,none,369,1
A-01300,2023-04-20 19:21:05.690621,A,rule_based,mobile_app,make_payment,0.836,1,1,72,404,0,0,none,305,1
A-01301,2023-04-10 22:59:38.524778,A,rule_based,chat,update_address,0.705,1,3,11,408,0,0,none,299,1
A-01302,2023-06-17 17:56:04.905526,A,rule_based,mobile_app,freeze_card,0.75,2,1,15,462,0,0,none,176,1
A-01303,2023-03-16 05:12:30.890272,A,rule_based,chat,make_payment,0.61,1,3,55,702,0,0,none,446,1
A-01304,2023-05-21 18:30:29.786606,A,rule_based,voice,loan_inquiry,0.87,2,1,41,589,0,0,none,67,1
A-01305,2023-02-24 18:03:42.577043,A,rule_based,chat,transfer_funds,0.888,2,2,49,353,0,1,none,420,1
A-01306,2023-04-15 05:01:20.421611,A,rule_based,chat,update_address,0.786,1,1,37,608,0,0,none,422,1
A-01307,2023-06-16 20:30:43.617942,A,rule_based,mobile_app,request_statement,0.765,2,1,53,452,0,0,none,147,1
A-01308,2023-04-23 12:18:29.024922,A,rule_based,voice,check_balance,0.905,1,3,54,256,0,0,none,260,1
A-01309,2023-05-09 00:12:19.849937,A,rule_based,voice,transfer_funds,0.878,2,1,19,115,0,0,none,428,1
A-01310,2023-06-07 16:15:11.335951,A,rule_based,chat,dispute_charge,0.891,2,3,62,102,0,0,none,243,1
A-01311,2023-06-16 13:49:59.698178,A,rule_based,voice,transfer_funds,0.784,1,2,42,256,0,0,none,165,1
A-01312,2023-02-07 11:44:50.859158,A,rule_based,chat,update_address,0.906,2,2,48,673,0,0,none,61,1
A-01313,2023-02-05 06:01:13.067897,A,rule_based,voice,check_balance,0.853,2,3,51,424,0,0,none,228,1
A-01314,2023-04-10 02:03:24.725685,A,rule_based,voice,check_balance,0.807,2,2,60,416,0,0,none,154,1
A-01315,2023-06-29 04:37:50.684317,A,rule_based,voice,request_statement,0.776,1,2,27,379,0,0,none,413,1
A-01316,2023-03-30 05:27:28.932129,A,rule_based,chat,update_address,0.835,2,2,5,279,0,0,none,417,1
A-01317,2023-03-01 13:30:33.986185,A,rule_based,voice,check_balance,0.798,2,2,18,600,0,0,none,175,1
A-01318,2023-04-07 16:58:07.347759,A,rule_based,chat,freeze_card,0.746,2,3,77,108,0,0,none,124,1
A-01319,2023-01-12 14:11:23.079047,A,rule_based,chat,loan_inquiry,0.922,1,2,21,528,0,1,customer_request,160,1
A-01320,2023-02-01 21:31:59.691860,A,rule_based,chat,dispute_charge,0.869,1,1,23,755,0,0,none,210,1
A-01321,2023-01-27 19:20:10.330573,A,rule_based,voice,dispute_charge,0.905,2,3,69,716,0,1,unresolved,330,1
A-01322,2023-01-06 00:35:42.556945,A,rule_based,voice,check_balance,0.548,2,2,22,358,0,0,none,98,1
A-01323,2023-05-10 23:57:25.736960,A,rule_based,chat,freeze_card,0.89,1,3,39,698,0,0,none,479,1
A-01324,2023-02-28 14:03:00.137243,A,rule_based,voice,make_payment,0.807,1,2,32,266,0,1,customer_request,345,1
A-01325,2023-01-31 08:04:36.712437,A,rule_based,voice,loan_inquiry,0.884,1,1,54,268,0,0,none,88,1
A-01326,2023-04-03 04:53:35.119214,A,rule_based,mobile_app,make_payment,0.58,1,3,49,340,0,0,none,171,1
A-01327,2023-02-28 05:16:47.401678,A,rule_based,voice,update_address,0.743,2,3,43,112,0,0,none,345,0
A-01328,2023-03-12 17:50:12.371452,A,rule_based,voice,make_payment,0.802,2,1,42,285,0,0,none,256,1
A-01329,2023-02-26 19:05:50.818945,A,rule_based,mobile_app,check_balance,0.806,1,3,67,698,0,1,customer_request,267,1
A-01330,2023-01-01 17:12:31.615309,A,rule_based,voice,freeze_card,0.819,2,1,48,633,0,1,customer_request,48,1
A-01331,2023-05-04 21:34:50.499443,A,rule_based,voice,dispute_charge,0.908,1,3,43,330,0,0,none,214,1
A-01332,2023-01-20 22:10:58.325272,A,rule_based,voice,update_address,0.759,1,2,71,318,0,0,none,306,1
A-01333,2023-02-09 10:41:42.559123,A,rule_based,chat,transfer_funds,0.788,2,2,11,342,0,0,none,367,1
A-01334,2023-02-04 06:10:10.661505,A,rule_based,mobile_app,transfer_funds,0.714,1,1,67,183,0,0,none,231,1
A-01335,2023-03-01 15:30:24.179596,A,rule_based,chat,loan_inquiry,0.86,1,1,19,210,0,0,none,279,1
A-01336,2023-01-29 20:03:14.311527,A,rule_based,mobile_app,check_balance,0.887,1,3,29,794,0,0,none,129,1
A-01337,2023-03-04 10:49:59.435371,A,rule_based,voice,update_address,0.863,2,2,5,585,0,0,none,389,1
A-01338,2023-02-13 18:54:07.106002,A,rule_based,chat,loan_inquiry,0.858,2,1,47,574,0,0,none,344,1
A-01339,2023-01-12 00:26:57.440057,A,rule_based,voice,make_payment,0.873,2,2,67,296,0,1,timeout,364,0
A-01340,2023-06-06 16:49:55.420945,A,rule_based,mobile_app,check_balance,0.84,2,3,33,699,0,0,none,330,1
A-01341,2023-02-25 00:06:37.377599,A,rule_based,mobile_app,loan_inquiry,0.921,2,1,54,223,0,0,none,473,1
A-01342,2023-01-18 03:37:07.940445,A,rule_based,voice,dispute_charge,0.71,1,3,34,778,0,0,none,425,1
A-01343,2023-04-04 20:59:38.245463,A,rule_based,chat,update_address,0.641,1,3,61,452,0,0,none,394,1
A-01344,2023-01-23 04:33:00.861672,A,rule_based,chat,transfer_funds,0.746,2,2,79,331,0,0,none,180,1
A-01345,2023-05-20 03:45:45.469057,A,rule_based,voice,request_statement,0.948,2,1,58,625,0,0,none,60,0
A-01346,2023-01-12 02:01:00.173266,A,rule_based,chat,dispute_charge,0.657,1,3,30,392,0,0,none,30,1
A-01347,2023-03-25 15:13:38.293533,A,rule_based,mobile_app,make_payment,0.971,2,3,66,288,0,0,none,380,1
A-01348,2023-06-19 21:19:47.085961,A,rule_based,voice,dispute_charge,0.721,1,2,7,578,0,0,none,434,1
A-01349,2023-01-29 14:44:46.722496,A,rule_based,voice,check_balance,0.809,1,2,79,605,0,0,none,322,1
A-01350,2023-02-06 05:54:45.663234,A,rule_based,mobile_app,freeze_card,0.805,1,3,67,522,0,0,none,354,1
A-01351,2023-04-19 02:00:30.302018,A,rule_based,voice,loan_inquiry,0.89,2,1,54,423,0,0,none,70,0
A-01352,2023-06-26 08:58:10.521451,A,rule_based,voice,make_payment,0.868,1,1,51,330,0,0,none,284,1
A-01353,2023-03-11 10:48:37.557338,A,rule_based,chat,make_payment,0.773,2,2,23,382,0,0,none,302,1
A-01354,2023-04-27 18:08:48.482871,A,rule_based,chat,loan_inquiry,0.925,1,2,37,712,0,0,none,100,1
A-01355,2023-01-28 10:00:34.960380,A,rule_based,voice,check_balance,0.962,1,2,12,351,0,0,none,367,1
A-01356,2023-04-26 10:50:08.216526,A,rule_based,voice,update_address,0.893,2,2,30,777,0,0,none,180,1
A-01357,2023-02-15 11:30:00.434178,A,rule_based,chat,dispute_charge,0.817,1,3,49,201,0,0,none,118,1
A-01358,2023-04-21 09:24:08.871705,A,rule_based,voice,request_statement,0.842,2,2,32,213,0,0,none,343,1
A-01359,2023-01-16 23:00:59.108116,A,rule_based,chat,check_balance,0.769,2,2,62,332,0,0,none,225,1
A-01360,2023-04-05 11:51:58.225561,A,rule_based,mobile_app,request_statement,0.711,1,3,68,102,0,0,none,271,1
A-01361,2023-02-12 17:35:22.477158,A,rule_based,voice,make_payment,0.628,1,1,47,715,0,0,none,274,1
A-01362,2023-05-03 16:58:53.754179,A,rule_based,mobile_app,request_statement,0.802,2,3,30,338,0,0,none,310,1
A-01363,2023-05-15 13:56:00.528486,A,rule_based,chat,check_balance,0.755,2,3,27,171,0,0,none,215,1
A-01364,2023-06-02 15:58:32.635260,A,rule_based,mobile_app,dispute_charge,0.919,2,2,46,532,0,0,none,396,0
A-01365,2023-06-28 15:08:52.777430,A,rule_based,voice,update_address,0.919,1,2,58,770,0,0,none,424,1
A-01366,2023-03-24 16:24:45.533167,A,rule_based,voice,make_payment,0.789,2,2,14,795,0,0,none,247,1
A-01367,2023-05-01 16:58:04.376408,A,rule_based,chat,check_balance,0.772,1,1,38,175,0,0,none,106,0
A-01368,2023-01-04 07:35:25.635153,A,rule_based,mobile_app,check_balance,0.728,1,2,38,655,0,0,none,155,1
A-01369,2023-06-12 21:58:33.541978,A,rule_based,mobile_app,make_payment,0.986,2,3,26,353,0,0,none,377,1
A-01370,2023-04-21 20:00:37.399260,A,rule_based,voice,check_balance,0.684,1,2,22,685,0,0,none,145,1
A-01371,2023-03-17 20:12:37.117657,A,rule_based,voice,transfer_funds,0.916,2,1,68,524,0,0,none,380,1
A-01372,2023-03-20 04:13:51.775414,A,rule_based,voice,dispute_charge,0.742,2,2,37,612,0,0,none,327,1
A-01373,2023-05-17 10:32:28.292197,A,rule_based,chat,loan_inquiry,0.927,1,1,48,686,0,1,customer_request,231,1
A-01374,2023-05-31 00:35:25.494990,A,rule_based,chat,transfer_funds,0.658,2,3,7,726,0,0,none,86,0
A-01375,2023-05-26 10:08:37.974049,A,rule_based,chat,check_balance,0.794,2,2,26,200,0,0,none,272,1
A-01376,2023-04-02 21:43:32.524187,A,rule_based,voice,request_statement,0.897,1,1,21,606,0,0,none,341,1
A-01377,2023-03-08 19:21:12.507458,A,rule_based,mobile_app,loan_inquiry,0.771,1,2,29,198,0,0,none,99,1
A-01378,2023-06-20 04:43:48.148734,A,rule_based,voice,request_statement,0.807,2,2,68,760,0,0,none,401,1
A-01379,2023-04-25 03:44:31.009226,A,rule_based,voice,dispute_charge,0.614,1,2,47,539,0,0,none,117,1
A-01380,2023-04-08 20:34:57.816678,A,rule_based,chat,dispute_charge,0.615,1,2,72,234,0,0,none,215,1
A-01381,2023-04-18 16:44:16.030904,A,rule_based,voice,check_balance,0.869,2,3,36,304,0,0,none,269,1
A-01382,2023-04-24 09:01:23.935313,A,rule_based,chat,update_address,0.865,2,3,62,726,0,0,none,362,0
A-01383,2023-05-09 08:28:29.493631,A,rule_based,chat,transfer_funds,0.88,1,1,17,551,0,0,none,131,1
A-01384,2023-04-10 13:45:28.377280,A,rule_based,voice,transfer_funds,0.865,2,1,66,260,0,0,none,181,0
A-01385,2023-06-07 13:32:06.472523,A,rule_based,voice,check_balance,0.91,2,3,50,674,0,0,none,392,1
A-01386,2023-06-04 17:57:55.460385,A,rule_based,voice,freeze_card,0.872,1,2,7,602,0,0,none,178,1
A-01387,2023-03-21 14:33:12.444841,A,rule_based,chat,make_payment,0.869,1,1,56,153,0,0,none,307,1
A-01388,2023-01-31 08:04:33.615776,A,rule_based,voice,transfer_funds,0.717,2,2,40,298,0,0,none,209,1
A-01389,2023-04-14 19:09:09.660568,A,rule_based,voice,check_balance,0.834,1,1,5,691,0,0,none,55,1
A-01390,2023-04-22 17:35:41.048184,A,rule_based,voice,transfer_funds,0.657,1,1,68,345,0,0,none,261,1
A-01391,2023-04-05 04:59:59.134128,A,rule_based,chat,loan_inquiry,0.672,1,1,45,126,0,0,none,191,1
A-01392,2023-06-10 07:17:46.152037,A,rule_based,voice,check_balance,0.639,2,1,50,522,0,0,none,149,1
A-01393,2023-01-17 17:50:51.037243,A,rule_based,voice,check_balance,0.567,2,1,48,729,0,0,none,416,1
A-01394,2023-02-21 17:38:52.587197,A,rule_based,voice,loan_inquiry,0.809,1,3,11,489,0,0,none,378,1
A-01395,2023-06-05 20:12:43.690009,A,rule_based,voice,check_balance,0.855,2,2,29,782,0,0,none,154,1
A-01396,2023-06-19 02:15:55.844121,A,rule_based,voice,update_address,0.568,2,2,57,179,0,0,none,265,1
A-01397,2023-03-18 15:59:46.761774,A,rule_based,voice,transfer_funds,0.75,1,3,30,567,0,0,none,353,1
A-01398,2023-02-04 16:13:19.205590,A,rule_based,chat,update_address,0.783,2,3,71,554,0,0,none,53,1
A-01399,2023-03-17 15:49:24.329723,A,rule_based,voice,dispute_charge,0.642,1,3,28,788,0,0,none,72,1
A-01400,2023-03-24 02:38:20.559236,A,rule_based,voice,dispute_charge,0.898,2,1,39,464,0,0,none,272,1
A-01401,2023-04-04 12:32:22.969184,A,rule_based,mobile_app,check_balance,0.943,2,3,38,675,0,0,none,448,0
A-01402,2023-02-19 09:12:19.103005,A,rule_based,voice,transfer_funds,0.772,2,3,6,201,0,0,none,447,1
A-01403,2023-02-26 06:33:01.435481,A,rule_based,voice,make_payment,0.805,1,1,65,131,0,0,none,232,1
A-01404,2023-04-29 00:08:18.842694,A,rule_based,voice,check_balance,0.814,1,3,15,601,0,0,none,346,1
A-01405,2023-04-22 22:09:02.636300,A,rule_based,voice,make_payment,0.704,2,3,40,102,0,0,none,251,1
A-01406,2023-04-30 04:16:58.315074,A,rule_based,voice,transfer_funds,0.764,2,3,73,712,0,0,none,437,1
A-01407,2023-03-09 21:52:16.058689,A,rule_based,mobile_app,check_balance,0.479,2,2,79,114,0,1,customer_request,286,0
A-01408,2023-03-02 13:29:36.752350,A,rule_based,voice,loan_inquiry,0.905,1,1,22,581,0,1,timeout,431,1
A-01409,2023-03-05 06:38:49.442075,A,rule_based,chat,freeze_card,0.881,2,3,33,416,0,0,none,193,1
A-01410,2023-06-21 05:04:56.702335,A,rule_based,mobile_app,loan_inquiry,0.964,1,2,47,551,0,0,none,448,1
A-01411,2023-03-13 03:27:31.844101,A,rule_based,voice,transfer_funds,0.73,1,3,57,536,0,0,none,356,1
A-01412,2023-04-20 02:29:31.027847,A,rule_based,chat,loan_inquiry,0.748,1,1,23,410,0,0,none,375,1
A-01413,2023-04-05 02:40:57.246814,A,rule_based,voice,transfer_funds,0.86,1,1,46,437,0,0,none,36,1
A-01414,2023-06-07 17:16:41.682346,A,rule_based,voice,check_balance,0.665,1,3,67,452,0,0,none,392,1
A-01415,2023-03-08 10:35:04.485722,A,rule_based,chat,freeze_card,0.9,1,2,62,573,0,0,none,102,1
A-01416,2023-03-20 03:30:14.398627,A,rule_based,voice,update_address,0.837,2,3,66,597,0,0,none,451,1
A-01417,2023-06-01 16:52:16.779141,A,rule_based,mobile_app,update_address,0.748,1,3,71,414,0,0,none,114,1
A-01418,2023-01-29 23:20:12.813393,A,rule_based,chat,loan_inquiry,0.763,1,2,69,346,0,0,none,401,1
A-01419,2023-04-17 23:21:08.808557,A,rule_based,voice,transfer_funds,0.738,1,1,43,129,0,0,none,315,1
A-01420,2023-03-13 23:36:12.445276,A,rule_based,voice,freeze_card,0.733,2,3,78,645,0,0,none,206,1
A-01421,2023-06-27 10:37:10.324405,A,rule_based,chat,dispute_charge,0.596,2,3,42,258,0,0,none,430,1
A-01422,2023-05-10 20:22:45.784483,A,rule_based,voice,dispute_charge,0.982,2,2,58,403,0,0,none,204,0
A-01423,2023-01-02 21:36:10.999161,A,rule_based,voice,dispute_charge,0.725,1,3,75,794,0,0,none,58,1
A-01424,2023-06-01 02:31:38.099746,A,rule_based,voice,make_payment,0.84,2,1,8,649,0,0,none,64,1
A-01425,2023-05-07 13:44:10.012932,A,rule_based,voice,dispute_charge,0.727,1,2,75,342,0,0,none,413,1
A-01426,2023-04-11 23:21:04.159141,A,rule_based,mobile_app,check_balance,0.613,1,1,66,432,0,0,none,203,1
A-01427,2023-02-12 12:04:30.056953,A,rule_based,voice,check_balance,0.486,1,2,79,327,0,0,none,398,1
A-01428,2023-01-27 21:02:52.547140,A,rule_based,voice,freeze_card,0.921,2,2,62,538,0,0,none,39,1
A-01429,2023-04-24 02:41:10.001574,A,rule_based,chat,dispute_charge,0.825,1,2,16,206,0,0,none,64,1
A-01430,2023-03-21 04:32:31.122800,A,rule_based,chat,transfer_funds,0.702,2,1,27,766,0,0,none,474,1
A-01431,2023-06-05 02:11:59.095819,A,rule_based,mobile_app,request_statement,0.905,2,3,5,791,0,0,none,94,0
A-01432,2023-02-17 05:27:13.764958,A,rule_based,mobile_app,check_balance,0.916,2,2,50,308,0,0,none,339,1
A-01433,2023-04-25 18:05:10.742121,A,rule_based,voice,check_balance,0.695,1,2,37,261,0,0,none,187,1
A-01434,2023-02-14 19:00:06.906121,A,rule_based,voice,make_payment,0.741,2,3,40,477,0,0,none,255,1
A-01435,2023-04-25 12:53:23.214059,A,rule_based,chat,transfer_funds,0.873,2,2,60,552,0,0,none,81,1
A-01436,2023-01-09 16:50:55.875739,A,rule_based,voice,make_payment,0.852,2,3,66,550,0,0,none,150,0
A-01437,2023-03-12 12:10:33.901817,A,rule_based,chat,update_address,0.867,2,1,10,129,0,0,none,371,1
A-01438,2023-02-01 02:00:06.697944,A,rule_based,voice,transfer_funds,0.922,1,3,73,597,0,0,none,271,1
A-01439,2023-04-20 01:38:05.509267,A,rule_based,mobile_app,transfer_funds,0.578,1,3,33,146,0,1,customer_request,256,1
A-01440,2023-02-27 00:15:54.683020,A,rule_based,chat,make_payment,0.699,1,3,61,339,0,0,none,455,1
A-01441,2023-05-19 21:01:15.270109,A,rule_based,chat,check_balance,0.406,2,3,48,601,0,0,none,214,1
A-01442,2023-01-21 15:02:51.493408,A,rule_based,voice,check_balance,0.953,1,3,38,720,0,0,none,391,1
A-01443,2023-04-11 02:50:25.616728,A,rule_based,mobile_app,check_balance,0.912,1,2,20,544,0,0,none,356,0
A-01444,2023-04-17 20:41:18.124469,A,rule_based,chat,check_balance,0.819,2,3,19,211,0,0,none,237,1
A-01445,2023-01-04 23:29:22.958846,A,rule_based,chat,update_address,0.788,1,3,59,576,0,0,none,161,1
A-01446,2023-01-07 11:27:29.775147,A,rule_based,chat,transfer_funds,0.866,2,2,29,125,0,0,none,189,0
A-01447,2023-02-25 11:35:51.160045,A,rule_based,voice,update_address,0.944,2,3,22,261,0,0,none,422,0
A-01448,2023-04-20 15:12:21.233734,A,rule_based,voice,request_statement,0.832,1,1,5,186,0,0,none,167,1
A-01449,2023-06-23 06:33:41.684763,A,rule_based,voice,make_payment,0.778,2,3,68,789,0,0,none,324,1
A-01450,2023-01-17 08:11:05.147344,A,rule_based,chat,loan_inquiry,0.829,2,3,34,357,0,0,none,86,0
A-01451,2023-05-07 13:39:47.448974,A,rule_based,chat,request_statement,0.849,1,1,31,490,0,0,none,185,1
A-01452,2023-05-05 16:32:01.131253,A,rule_based,voice,loan_inquiry,0.731,2,1,32,653,0,0,none,450,1
A-01453,2023-05-01 12:07:43.434966,A,rule_based,mobile_app,transfer_funds,0.645,1,1,49,778,0,0,none,272,1
A-01454,2023-04-03 21:45:23.455509,A,rule_based,voice,make_payment,0.888,1,1,41,796,0,0,none,400,0
A-01455,2023-06-24 00:41:17.183889,A,rule_based,chat,check_balance,0.858,1,3,45,214,0,0,none,146,1
A-01456,2023-04-01 07:40:06.953776,A,rule_based,voice,make_payment,0.529,2,2,25,375,0,0,none,372,1
A-01457,2023-05-31 21:26:36.175706,A,rule_based,voice,dispute_charge,0.883,2,2,27,383,0,0,none,473,1
A-01458,2023-02-17 06:05:20.415907,A,rule_based,voice,transfer_funds,0.775,2,3,69,657,0,0,none,446,1
A-01459,2023-05-26 03:15:09.781220,A,rule_based,chat,make_payment,0.864,2,2,37,334,0,0,none,226,1
A-01460,2023-06-29 09:04:39.254218,A,rule_based,chat,freeze_card,0.628,1,3,77,261,0,0,none,336,1
A-01461,2023-06-13 19:34:17.281858,A,rule_based,voice,update_address,0.594,1,3,68,628,0,0,none,433,1
A-01462,2023-02-24 17:35:23.370030,A,rule_based,voice,check_balance,0.8,1,1,58,446,0,0,none,396,1
A-01463,2023-06-02 07:24:01.064394,A,rule_based,chat,make_payment,0.659,2,2,46,623,0,0,none,470,0
A-01464,2023-01-18 03:30:38.777343,A,rule_based,voice,request_statement,0.551,1,2,67,365,0,0,none,44,1
A-01465,2023-05-02 23:41:47.967102,A,rule_based,chat,request_statement,0.697,2,2,9,440,0,0,none,271,1
A-01466,2023-03-03 14:04:18.215409,A,rule_based,voice,dispute_charge,0.842,2,3,42,106,0,0,none,386,1
A-01467,2023-04-29 13:27:17.233391,A,rule_based,mobile_app,make_payment,0.514,1,2,58,111,0,0,none,358,1
A-01468,2023-03-16 04:54:56.565876,A,rule_based,chat,freeze_card,0.944,1,1,13,100,0,0,none,99,1
A-01469,2023-01-02 15:01:23.546083,A,rule_based,voice,check_balance,0.894,2,2,18,222,0,0,none,287,1
A-01470,2023-02-11 15:06:52.968554,A,rule_based,chat,transfer_funds,0.761,1,2,9,343,0,0,none,104,1
A-01471,2023-01-08 15:06:30.693413,A,rule_based,voice,check_balance,0.828,2,1,41,135,0,0,none,71,1
A-01472,2023-03-18 21:48:21.839383,A,rule_based,mobile_app,check_balance,0.71,2,3,45,212,0,1,customer_request,80,1
A-01473,2023-06-01 05:06:28.651197,A,rule_based,chat,dispute_charge,0.815,1,1,40,692,0,0,none,458,1
A-01474,2023-05-13 20:08:45.595580,A,rule_based,voice,update_address,0.695,1,1,9,698,0,0,none,152,0
A-01475,2023-05-23 00:06:02.320468,A,rule_based,chat,update_address,0.805,2,2,41,302,0,0,none,235,1
A-01476,2023-05-26 07:06:08.938211,A,rule_based,voice,dispute_charge,0.899,2,1,71,762,0,0,none,145,0
A-01477,2023-03-08 22:46:47.583652,A,rule_based,mobile_app,transfer_funds,0.84,2,3,7,182,0,0,none,432,1
A-01478,2023-04-02 02:01:52.145081,A,rule_based,mobile_app,dispute_charge,0.692,2,1,63,121,0,0,none,430,1
A-01479,2023-04-02 12:30:32.597168,A,rule_based,chat,dispute_charge,0.763,2,2,25,347,0,0,none,325,1
A-01480,2023-01-21 09:03:38.855390,A,rule_based,voice,dispute_charge,0.963,1,1,10,285,0,0,none,402,1
A-01481,2023-04-18 15:58:26.283339,A,rule_based,chat,check_balance,0.63,1,2,8,154,0,0,none,77,1
A-01482,2023-05-10 15:10:35.923013,A,rule_based,voice,update_address,0.864,1,3,5,693,0,0,none,479,1
A-01483,2023-04-20 23:22:51.522850,A,rule_based,voice,make_payment,0.665,2,2,36,785,0,0,none,217,1
A-01484,2023-05-15 06:34:22.216602,A,rule_based,mobile_app,request_statement,0.831,1,2,42,289,0,0,none,210,1
A-01485,2023-01-22 09:36:37.001878,A,rule_based,voice,check_balance,0.691,2,1,51,320,0,0,none,118,1
A-01486,2023-05-18 01:17:11.933389,A,rule_based,voice,transfer_funds,0.765,2,1,11,602,0,0,none,424,1
A-01487,2023-02-07 11:09:54.887587,A,rule_based,voice,dispute_charge,0.775,2,2,54,753,0,0,none,106,1
A-01488,2023-06-07 19:53:30.748800,A,rule_based,mobile_app,loan_inquiry,0.546,2,2,60,300,0,0,none,416,1
A-01489,2023-02-14 02:06:11.769680,A,rule_based,mobile_app,dispute_charge,0.973,1,1,9,577,0,0,none,351,1
A-01490,2023-03-30 13:24:25.551154,A,rule_based,voice,check_balance,0.826,2,3,55,116,0,0,none,377,1
A-01491,2023-03-29 16:59:25.445604,A,rule_based,voice,loan_inquiry,0.977,2,2,13,496,0,0,none,43,1
A-01492,2023-02-18 09:26:00.182737,A,rule_based,chat,request_statement,0.868,2,1,37,791,0,0,none,362,1
A-01493,2023-03-07 02:35:07.456894,A,rule_based,voice,freeze_card,0.751,2,1,54,432,0,0,none,464,1
A-01494,2023-02-03 09:46:40.641624,A,rule_based,mobile_app,dispute_charge,0.826,2,2,70,549,0,0,none,207,1
A-01495,2023-04-13 14:50:06.046875,A,rule_based,mobile_app,request_statement,0.715,1,2,44,581,0,0,none,232,1
A-01496,2023-06-14 08:16:51.849986,A,rule_based,chat,loan_inquiry,0.71,2,3,37,542,0,0,none,80,1
A-01497,2023-02-26 23:44:40.965368,A,rule_based,voice,request_statement,0.965,1,2,67,580,0,0,none,250,1
A-01498,2023-04-02 10:49:49.707166,A,rule_based,chat,make_payment,0.858,1,2,21,720,0,0,none,333,1
A-01499,2023-06-05 03:19:27.276403,A,rule_based,mobile_app,request_statement,0.87,2,3,20,107,0,0,none,164,1
A-01500,2023-03-23 10:47:45.178096,A,rule_based,voice,request_statement,0.672,2,2,39,719,0,0,none,363,0
A-01501,2023-05-30 15:02:40.628178,A,rule_based,mobile_app,transfer_funds,0.847,2,3,14,735,0,0,none,68,0
A-01502,2023-03-22 08:24:27.624722,A,rule_based,voice,make_payment,0.865,1,2,6,732,0,0,none,333,1
A-01503,2023-03-21 05:50:50.842288,A,rule_based,mobile_app,dispute_charge,0.719,2,3,32,357,0,0,none,294,1
A-01504,2023-01-29 07:16:35.891813,A,rule_based,chat,loan_inquiry,0.913,2,2,16,508,0,0,none,133,1
A-01505,2023-01-23 11:54:30.677483,A,rule_based,voice,update_address,0.836,1,3,52,347,0,1,unresolved,185,1
A-01506,2023-04-21 01:39:57.367268,A,rule_based,voice,freeze_card,0.874,2,3,46,688,0,0,none,137,1
A-01507,2023-05-29 22:04:50.975803,A,rule_based,voice,dispute_charge,0.894,2,2,41,384,0,0,none,310,1
A-01508,2023-01-25 08:57:21.683494,A,rule_based,voice,make_payment,0.867,2,1,42,319,0,0,none,316,1
A-01509,2023-06-13 19:36:21.049856,A,rule_based,mobile_app,freeze_card,0.862,1,1,12,579,0,1,customer_request,280,1
A-01510,2023-03-06 14:21:38.678594,A,rule_based,voice,check_balance,0.965,2,1,35,134,0,0,none,117,0
A-01511,2023-03-18 13:06:40.075812,A,rule_based,mobile_app,check_balance,0.95,2,1,10,363,0,0,none,127,1
A-01512,2023-06-11 00:02:19.308186,A,rule_based,voice,request_statement,0.879,2,2,31,244,0,0,none,394,0
A-01513,2023-06-11 08:00:02.395399,A,rule_based,chat,freeze_card,0.757,1,1,55,361,0,0,none,237,1
A-01514,2023-04-05 11:23:25.253729,A,rule_based,mobile_app,loan_inquiry,0.935,1,1,78,414,0,0,none,226,1
A-01515,2023-02-19 19:37:28.416138,A,rule_based,chat,make_payment,0.711,1,1,27,144,0,0,none,168,1
A-01516,2023-01-31 22:46:42.673803,A,rule_based,mobile_app,check_balance,0.851,2,1,24,705,0,0,none,448,1
A-01517,2023-02-18 21:13:32.897640,A,rule_based,mobile_app,transfer_funds,0.815,2,2,55,391,0,0,none,137,1
A-01518,2023-05-21 12:18:37.287866,A,rule_based,chat,check_balance,0.9,2,3,73,351,0,0,none,375,0
A-01519,2023-02-28 10:13:56.156027,A,rule_based,chat,check_balance,0.878,2,3,27,204,0,0,none,376,1
A-01520,2023-05-06 00:30:19.841985,A,rule_based,voice,make_payment,0.598,2,3,67,797,0,0,none,139,1
A-01521,2023-02-05 03:16:03.188092,A,rule_based,voice,update_address,0.613,1,3,28,698,0,0,none,35,0
A-01522,2023-03-28 03:08:08.495578,A,rule_based,voice,loan_inquiry,0.806,2,3,52,437,0,1,customer_request,142,1
A-01523,2023-03-05 09:05:55.872147,A,rule_based,chat,freeze_card,0.673,1,1,20,334,0,1,unresolved,150,1
A-01524,2023-04-01 15:36:18.852276,A,rule_based,chat,freeze_card,0.945,1,1,24,427,0,0,none,365,1
A-01525,2023-04-13 14:09:49.164391,A,rule_based,chat,check_balance,0.905,2,2,78,772,0,0,none,268,1
A-01526,2023-06-28 08:50:20.569995,A,rule_based,mobile_app,make_payment,0.548,2,1,34,254,0,0,none,223,1
A-01527,2023-06-11 23:32:47.773886,A,rule_based,voice,dispute_charge,0.835,2,1,6,579,0,0,none,244,1
A-01528,2023-05-06 06:08:35.458456,A,rule_based,mobile_app,check_balance,0.565,1,3,62,732,0,0,none,458,1
A-01529,2023-01-28 16:10:18.453689,A,rule_based,voice,make_payment,0.961,1,2,14,629,0,0,none,453,1
A-01530,2023-06-15 10:12:12.108188,A,rule_based,voice,make_payment,0.752,1,3,13,709,0,0,none,41,1
A-01531,2023-06-10 15:58:18.571651,A,rule_based,chat,check_balance,0.888,2,2,67,763,0,0,none,409,1
A-01532,2023-06-09 14:33:31.744515,A,rule_based,voice,update_address,0.933,2,2,31,141,0,0,none,192,1
A-01533,2023-03-28 05:21:10.274419,A,rule_based,chat,freeze_card,0.85,1,1,15,267,0,0,none,368,1
A-01534,2023-01-31 17:27:10.770422,A,rule_based,chat,check_balance,0.903,2,1,78,201,0,0,none,473,1
A-01535,2023-05-16 19:01:18.799197,A,rule_based,chat,dispute_charge,0.977,2,1,26,497,0,0,none,261,1
A-01536,2023-03-11 22:23:05.886379,A,rule_based,voice,freeze_card,0.93,1,3,52,385,0,0,none,310,1
A-01537,2023-03-04 00:32:06.041294,A,rule_based,voice,freeze_card,0.925,1,3,24,128,0,0,none,223,1
A-01538,2023-03-12 08:10:41.859322,A,rule_based,voice,loan_inquiry,0.914,2,1,48,490,0,0,none,63,1
A-01539,2023-04-11 15:11:05.309708,A,rule_based,voice,dispute_charge,0.759,1,2,57,170,0,0,none,46,1
A-01540,2023-03-02 00:48:04.855733,A,rule_based,voice,loan_inquiry,0.938,1,2,61,385,0,0,none,192,1
A-01541,2023-05-05 04:27:25.342243,A,rule_based,voice,make_payment,0.928,2,2,35,356,0,0,none,399,1
A-01542,2023-04-27 14:10:00.471405,A,rule_based,chat,make_payment,0.909,1,1,51,725,0,0,none,183,1
A-01543,2023-04-02 14:17:11.370236,A,rule_based,mobile_app,check_balance,0.781,1,1,68,577,0,0,none,223,1
A-01544,2023-01-10 17:09:51.699173,A,rule_based,chat,dispute_charge,0.786,2,1,68,536,0,0,none,269,1
A-01545,2023-06-18 13:51:51.796236,A,rule_based,voice,dispute_charge,0.876,2,1,61,682,0,0,none,174,1
A-01546,2023-03-16 02:31:40.595088,A,rule_based,chat,make_payment,0.727,2,1,34,226,0,0,none,250,1
A-01547,2023-03-22 21:38:16.077534,A,rule_based,voice,freeze_card,0.671,1,2,44,279,0,0,none,302,1
A-01548,2023-03-24 02:03:37.630406,A,rule_based,voice,make_payment,0.949,2,3,77,626,0,0,none,413,1
A-01549,2023-03-07 16:55:14.806525,A,rule_based,voice,make_payment,0.899,1,3,23,624,0,0,none,369,1
A-01550,2023-05-02 10:13:11.185931,A,rule_based,mobile_app,check_balance,0.434,1,2,56,114,0,0,none,397,1
A-01551,2023-01-03 12:07:28.005453,A,rule_based,chat,dispute_charge,0.943,2,1,64,257,0,0,none,265,1
A-01552,2023-06-07 05:33:21.537440,A,rule_based,voice,make_payment,0.822,1,2,41,258,0,0,none,344,1
A-01553,2023-01-19 10:32:11.720992,A,rule_based,chat,make_payment,0.907,2,1,69,104,0,0,none,97,0
A-01554,2023-06-29 22:45:47.075230,A,rule_based,mobile_app,make_payment,0.782,1,1,37,562,0,0,none,96,1
A-01555,2023-04-24 01:19:01.048956,A,rule_based,voice,freeze_card,0.855,1,3,67,138,0,0,none,444,1
A-01556,2023-01-12 22:11:05.165276,A,rule_based,chat,transfer_funds,0.836,2,2,53,688,0,0,none,301,0
A-01557,2023-04-12 05:43:41.148206,A,rule_based,voice,dispute_charge,0.791,2,2,8,509,0,0,none,80,1
A-01558,2023-03-01 15:14:58.788425,A,rule_based,voice,request_statement,0.855,2,2,66,633,0,0,none,213,1
A-01559,2023-06-21 13:08:48.206059,A,rule_based,mobile_app,loan_inquiry,0.702,1,1,57,448,0,0,none,466,1
A-01560,2023-05-16 23:38:05.066368,A,rule_based,voice,transfer_funds,0.699,2,2,21,779,0,1,customer_request,39,0
A-01561,2023-04-02 06:18:12.126820,A,rule_based,chat,request_statement,0.87,2,2,57,289,0,0,none,229,1
A-01562,2023-03-19 08:38:18.117140,A,rule_based,voice,loan_inquiry,0.75,2,3,43,490,0,0,none,406,1
A-01563,2023-06-29 06:09:12.600759,A,rule_based,chat,transfer_funds,0.883,1,2,75,104,0,1,unresolved,455,1
A-01564,2023-05-01 03:05:57.289310,A,rule_based,chat,freeze_card,0.952,1,1,27,683,0,0,none,195,1
A-01565,2023-04-03 12:10:35.353669,A,rule_based,mobile_app,dispute_charge,0.634,2,3,24,497,0,0,none,441,1
A-01566,2023-03-13 15:07:06.914120,A,rule_based,chat,check_balance,0.909,1,1,9,223,0,1,unresolved,352,1
A-01567,2023-02-28 10:11:52.598916,A,rule_based,chat,check_balance,0.817,1,1,63,672,0,0,none,212,1
A-01568,2023-05-07 23:24:42.878963,A,rule_based,voice,dispute_charge,0.86,2,2,78,792,0,0,none,380,1
A-01569,2023-04-16 19:39:55.527819,A,rule_based,voice,dispute_charge,0.94,2,3,56,147,0,0,none,390,1
A-01570,2023-06-02 16:09:30.558647,A,rule_based,chat,dispute_charge,0.825,2,1,32,692,0,0,none,153,1
A-01571,2023-04-10 15:22:56.368814,A,rule_based,voice,update_address,0.92,2,1,70,615,0,0,none,70,1
A-01572,2023-04-15 19:40:17.779330,A,rule_based,voice,update_address,0.927,1,1,24,348,0,0,none,381,1
A-01573,2023-03-27 22:10:48.207801,A,rule_based,mobile_app,loan_inquiry,0.816,2,3,56,544,0,1,customer_request,67,1
A-01574,2023-05-18 06:31:20.956719,A,rule_based,voice,check_balance,0.829,1,3,49,649,0,1,unresolved,380,1
A-01575,2023-03-16 16:45:58.322684,A,rule_based,voice,make_payment,0.719,1,3,68,435,0,0,none,190,1
A-01576,2023-06-03 08:22:44.732760,A,rule_based,mobile_app,freeze_card,0.657,1,1,77,566,0,0,none,346,1
A-01577,2023-02-28 20:50:00.125479,A,rule_based,chat,loan_inquiry,0.741,1,3,31,133,0,0,none,304,1
A-01578,2023-05-05 16:08:24.721317,A,rule_based,chat,transfer_funds,0.834,2,1,12,747,0,1,customer_request,47,1
A-01579,2023-06-10 17:38:03.422798,A,rule_based,voice,loan_inquiry,0.654,1,3,16,746,0,0,none,34,1
A-01580,2023-05-19 10:23:56.728202,A,rule_based,voice,loan_inquiry,0.878,2,3,60,247,0,0,none,313,1
A-01581,2023-03-03 16:04:01.832408,A,rule_based,chat,make_payment,0.936,2,3,32,434,0,0,none,261,1
A-01582,2023-05-08 03:23:04.173890,A,rule_based,voice,dispute_charge,0.807,2,3,15,267,0,0,none,49,1
A-01583,2023-02-07 06:10:27.836814,A,rule_based,chat,make_payment,0.718,1,1,66,379,0,1,customer_request,469,1
A-01584,2023-01-11 11:16:23.315635,A,rule_based,voice,request_statement,0.873,2,2,53,292,0,0,none,137,1
A-01585,2023-05-23 10:46:08.814957,A,rule_based,voice,transfer_funds,0.817,2,1,14,703,0,0,none,416,1
A-01586,2023-05-26 10:35:57.760083,A,rule_based,voice,make_payment,0.912,1,2,58,586,0,0,none,82,1
A-01587,2023-01-05 03:03:41.962015,A,rule_based,voice,update_address,0.928,1,2,52,691,0,0,none,134,1
A-01588,2023-06-20 14:28:28.055706,A,rule_based,voice,make_payment,0.913,1,3,78,655,0,0,none,267,1
A-01589,2023-03-22 06:17:14.108029,A,rule_based,chat,check_balance,0.768,2,2,79,609,0,0,none,267,1
A-01590,2023-06-12 22:46:32.436915,A,rule_based,chat,check_balance,0.776,1,3,78,216,0,0,none,301,1
A-01591,2023-05-22 20:54:50.222830,A,rule_based,voice,check_balance,0.779,2,1,72,680,0,0,none,107,1
A-01592,2023-06-12 02:49:23.664481,A,rule_based,chat,transfer_funds,0.611,1,1,64,648,0,0,none,148,1
A-01593,2023-05-31 00:10:57.846237,A,rule_based,voice,dispute_charge,0.894,2,3,55,187,0,0,none,148,1
A-01594,2023-06-25 07:39:35.987814,A,rule_based,voice,loan_inquiry,0.624,1,1,45,161,0,0,none,228,1
A-01595,2023-04-24 05:42:58.771841,A,rule_based,mobile_app,request_statement,0.882,2,3,64,632,0,0,none,445,1
A-01596,2023-02-10 21:45:29.589361,A,rule_based,chat,check_balance,0.837,1,2,77,373,0,0,none,238,1
A-01597,2023-03-12 02:54:45.809159,A,rule_based,chat,check_balance,0.774,2,3,13,329,0,0,none,479,1
A-01598,2023-05-16 08:07:06.074524,A,rule_based,voice,loan_inquiry,0.98,1,2,15,377,0,0,none,143,1
A-01599,2023-01-29 06:06:26.223945,A,rule_based,voice,make_payment,0.885,2,2,42,707,0,0,none,139,0
A-01600,2023-06-17 08:55:08.012256,A,rule_based,chat,transfer_funds,0.863,2,3,27,354,0,0,none,75,1
A-01601,2023-02-06 22:48:17.664757,A,rule_based,chat,check_balance,0.876,2,3,44,359,0,0,none,125,1
A-01602,2023-06-07 16:12:39.128169,A,rule_based,chat,request_statement,0.823,1,1,28,379,0,0,none,170,1
A-01603,2023-03-29 01:41:14.790130,A,rule_based,mobile_app,loan_inquiry,0.794,2,3,63,138,0,0,none,202,1
A-01604,2023-06-01 07:28:44.547471,A,rule_based,voice,make_payment,0.535,1,2,72,126,0,0,none,351,1
A-01605,2023-06-22 11:50:14.687174,A,rule_based,chat,make_payment,0.898,1,3,26,390,0,0,none,230,1
A-01606,2023-03-17 23:40:37.174682,A,rule_based,chat,transfer_funds,0.651,1,2,62,111,0,0,none,338,1
A-01607,2023-05-06 09:19:53.820355,A,rule_based,voice,make_payment,0.931,1,3,12,629,0,0,none,70,1
A-01608,2023-02-10 19:25:12.168222,A,rule_based,voice,dispute_charge,0.801,2,2,64,397,0,0,none,456,1
A-01609,2023-05-25 03:23:39.465785,A,rule_based,chat,dispute_charge,0.761,2,1,57,450,0,0,none,96,1
A-01610,2023-05-28 14:04:43.697651,A,rule_based,voice,make_payment,0.859,2,3,58,335,0,0,none,45,1
A-01611,2023-02-23 03:27:41.189118,A,rule_based,chat,freeze_card,0.819,2,1,41,634,0,0,none,221,1
A-01612,2023-01-05 08:17:17.137944,A,rule_based,chat,freeze_card,0.788,2,2,13,399,0,0,none,323,1
A-01613,2023-03-19 14:48:24.075680,A,rule_based,voice,make_payment,0.682,1,3,68,124,0,0,none,135,1
A-01614,2023-01-31 14:24:08.308582,A,rule_based,voice,loan_inquiry,0.758,2,3,13,441,0,0,none,103,0
A-01615,2023-05-28 08:08:26.400342,A,rule_based,chat,make_payment,0.811,1,3,41,224,0,0,none,410,1
A-01616,2023-02-16 23:56:24.867723,A,rule_based,voice,check_balance,0.813,1,2,18,516,0,1,customer_request,401,1
A-01617,2023-06-19 20:45:10.309684,A,rule_based,mobile_app,update_address,0.884,2,3,68,494,0,0,none,368,1
A-01618,2023-06-24 22:12:52.962668,A,rule_based,voice,transfer_funds,0.737,2,1,48,432,0,0,none,129,1
A-01619,2023-06-13 14:10:16.291144,A,rule_based,mobile_app,check_balance,0.752,1,3,43,369,0,0,none,271,1
A-01620,2023-04-18 22:20:04.357286,A,rule_based,voice,make_payment,0.546,2,1,28,517,0,0,none,340,0
A-01621,2023-02-18 03:17:20.317989,A,rule_based,voice,update_address,0.7,2,3,63,576,0,0,none,224,1
A-01622,2023-05-26 07:21:22.867483,A,rule_based,chat,loan_inquiry,0.568,1,2,20,715,0,0,none,110,1
A-01623,2023-05-07 06:53:31.368547,A,rule_based,voice,check_balance,0.795,2,3,59,773,0,0,none,403,1
A-01624,2023-06-25 21:22:02.133326,A,rule_based,voice,dispute_charge,0.943,2,2,77,158,0,0,none,452,0
A-01625,2023-03-09 21:43:43.217782,A,rule_based,voice,freeze_card,0.931,1,3,24,561,0,0,none,104,0
A-01626,2023-01-11 13:52:39.923056,A,rule_based,chat,make_payment,0.921,1,3,56,159,0,0,none,346,1
A-01627,2023-06-29 17:01:44.186103,A,rule_based,chat,check_balance,0.774,1,3,28,392,0,0,none,429,1
A-01628,2023-05-31 21:17:56.120553,A,rule_based,voice,check_balance,0.814,2,1,74,618,0,0,none,273,1
A-01629,2023-02-09 20:50:07.632419,A,rule_based,voice,dispute_charge,0.943,1,2,72,479,0,0,none,52,1
A-01630,2023-05-11 14:42:44.570471,A,rule_based,voice,dispute_charge,0.785,2,2,28,665,0,0,none,340,1
A-01631,2023-01-01 02:58:53.602607,A,rule_based,mobile_app,loan_inquiry,0.839,1,1,22,738,0,0,none,445,1
A-01632,2023-04-11 09:44:06.468205,A,rule_based,voice,request_statement,0.744,2,1,11,781,0,0,none,147,1
A-01633,2023-03-07 07:27:40.324057,A,rule_based,chat,request_statement,0.883,2,1,57,571,0,0,none,92,1
A-01634,2023-03-10 15:21:31.457328,A,rule_based,voice,transfer_funds,0.708,1,3,73,571,0,0,none,143,1
A-01635,2023-02-14 00:19:32.025588,A,rule_based,chat,dispute_charge,0.899,2,2,15,662,0,0,none,395,1
A-01636,2023-02-19 11:19:52.793530,A,rule_based,mobile_app,dispute_charge,0.79,2,3,66,263,0,0,none,280,1
A-01637,2023-03-23 20:10:07.060291,A,rule_based,voice,transfer_funds,0.931,2,3,61,311,0,1,unresolved,38,1
A-01638,2023-02-14 15:59:11.591750,A,rule_based,chat,make_payment,0.682,2,1,40,338,0,0,none,294,1
A-01639,2023-03-25 23:01:14.053713,A,rule_based,voice,freeze_card,0.653,1,3,21,621,0,0,none,396,1
A-01640,2023-04-14 22:08:31.750312,A,rule_based,chat,freeze_card,0.791,2,1,53,345,0,0,none,113,1
A-01641,2023-05-09 00:00:04.848202,A,rule_based,voice,check_balance,0.889,2,2,49,197,0,0,none,292,1
A-01642,2023-05-02 21:16:09.159419,A,rule_based,voice,dispute_charge,0.729,1,3,65,659,0,0,none,132,1
A-01643,2023-02-13 13:23:37.175322,A,rule_based,voice,make_payment,0.825,1,1,47,624,0,0,none,38,1
A-01644,2023-01-08 01:17:56.510338,A,rule_based,voice,check_balance,0.695,1,3,8,515,0,0,none,210,1
A-01645,2023-05-30 21:11:08.381480,A,rule_based,mobile_app,dispute_charge,0.884,2,2,20,717,0,0,none,378,0
A-01646,2023-06-07 00:23:29.333785,A,rule_based,chat,make_payment,0.918,2,1,33,654,0,0,none,331,1
A-01647,2023-06-26 04:48:09.810892,A,rule_based,voice,freeze_card,0.803,1,3,41,730,0,1,customer_request,75,1
A-01648,2023-06-22 17:57:14.138137,A,rule_based,voice,transfer_funds,0.625,2,1,31,281,0,0,none,113,1
A-01649,2023-04-25 02:04:35.743129,A,rule_based,chat,loan_inquiry,0.817,2,2,70,181,0,0,none,272,0
A-01650,2023-06-10 23:15:13.539699,A,rule_based,voice,make_payment,0.904,1,2,26,339,0,0,none,174,1
A-01651,2023-03-22 15:23:46.937286,A,rule_based,voice,make_payment,0.723,2,1,56,680,0,0,none,179,1
A-01652,2023-05-22 17:17:23.869004,A,rule_based,chat,make_payment,0.893,2,2,32,747,0,0,none,226,1
A-01653,2023-06-21 23:02:42.801176,A,rule_based,voice,check_balance,0.936,1,2,79,176,0,0,none,371,1
A-01654,2023-05-24 07:55:24.121694,A,rule_based,voice,transfer_funds,0.434,2,1,73,698,0,0,none,289,1
A-01655,2023-03-16 20:06:22.971282,A,rule_based,voice,dispute_charge,0.842,2,2,63,434,0,0,none,413,1
A-01656,2023-03-09 23:55:11.810382,A,rule_based,voice,make_payment,0.741,1,1,62,672,0,0,none,75,1
A-01657,2023-02-22 11:27:52.913121,A,rule_based,chat,loan_inquiry,0.918,1,2,53,577,0,0,none,238,1
A-01658,2023-03-08 01:42:51.930129,A,rule_based,chat,dispute_charge,0.841,1,1,49,142,0,0,none,277,1
A-01659,2023-05-28 16:53:28.244192,A,rule_based,mobile_app,check_balance,0.805,1,3,47,438,0,0,none,371,1
A-01660,2023-05-07 06:28:52.995591,A,rule_based,voice,check_balance,0.894,1,3,7,162,0,0,none,261,1
A-01661,2023-02-14 23:28:41.000233,A,rule_based,chat,request_statement,0.9,2,3,75,337,0,0,none,442,1
A-01662,2023-05-09 01:49:54.319719,A,rule_based,mobile_app,freeze_card,0.934,1,3,78,630,0,0,none,407,1
A-01663,2023-03-10 06:59:18.287854,A,rule_based,chat,make_payment,0.841,2,1,44,578,0,0,none,340,1
A-01664,2023-04-11 09:34:38.029434,A,rule_based,mobile_app,transfer_funds,0.697,2,2,70,593,0,0,none,208,1
A-01665,2023-03-08 15:59:42.930109,A,rule_based,mobile_app,loan_inquiry,0.921,1,1,35,562,0,0,none,174,1
A-01666,2023-04-04 21:26:19.696081,A,rule_based,chat,loan_inquiry,0.811,2,1,13,110,0,0,none,270,1
A-01667,2023-05-12 08:45:10.176479,A,rule_based,mobile_app,make_payment,0.903,1,2,67,508,0,0,none,238,1
A-01668,2023-05-12 14:29:03.878450,A,rule_based,chat,check_balance,0.754,2,2,43,439,0,1,unresolved,43,1
A-01669,2023-05-16 13:44:55.473291,A,rule_based,voice,loan_inquiry,0.731,1,1,75,469,0,0,none,133,1
A-01670,2023-03-12 09:17:15.347464,A,rule_based,mobile_app,make_payment,0.72,1,1,20,248,0,0,none,405,0
A-01671,2023-05-05 06:56:25.128188,A,rule_based,chat,request_statement,0.865,2,2,40,594,0,1,customer_request,236,1
A-01672,2023-02-12 23:14:03.292265,A,rule_based,voice,freeze_card,0.813,2,1,55,525,0,0,none,457,1
A-01673,2023-03-27 22:29:26.794370,A,rule_based,voice,check_balance,0.89,2,1,15,382,0,0,none,140,1
A-01674,2023-04-15 23:01:18.770125,A,rule_based,voice,freeze_card,0.886,2,2,79,139,0,0,none,465,1
A-01675,2023-05-04 13:36:10.976455,A,rule_based,mobile_app,transfer_funds,0.761,1,1,50,148,0,1,timeout,393,1
A-01676,2023-06-14 03:49:21.663762,A,rule_based,voice,freeze_card,0.753,2,3,17,351,0,1,customer_request,191,0
A-01677,2023-02-24 20:36:01.835467,A,rule_based,voice,dispute_charge,0.814,1,3,60,476,0,0,none,304,1
A-01678,2023-06-02 03:38:06.544558,A,rule_based,voice,loan_inquiry,0.887,1,3,70,797,0,0,none,474,1
A-01679,2023-02-26 00:03:24.367249,A,rule_based,voice,update_address,0.954,2,1,33,606,0,0,none,314,1
A-01680,2023-04-10 08:14:55.284837,A,rule_based,mobile_app,freeze_card,0.659,1,2,50,439,0,0,none,449,1
A-01681,2023-05-30 01:23:28.827150,A,rule_based,voice,loan_inquiry,0.97,2,3,61,309,0,0,none,79,1
A-01682,2023-05-11 04:00:22.661154,A,rule_based,voice,freeze_card,0.903,1,2,15,218,0,0,none,103,1
A-01683,2023-06-05 07:35:49.090380,A,rule_based,voice,make_payment,0.71,1,1,44,198,0,0,none,30,1
A-01684,2023-05-27 16:17:12.306015,A,rule_based,chat,check_balance,0.752,1,3,46,150,0,0,none,176,1
A-01685,2023-02-19 17:49:12.617606,A,rule_based,chat,make_payment,0.725,2,1,27,738,0,0,none,385,0
A-01686,2023-06-28 17:29:11.118462,A,rule_based,voice,update_address,0.813,2,3,27,111,0,0,none,463,1
A-01687,2023-06-18 15:49:59.617684,A,rule_based,voice,update_address,0.933,1,1,52,704,0,1,customer_request,274,1
A-01688,2023-03-19 10:21:15.709498,A,rule_based,mobile_app,update_address,0.928,1,3,61,508,0,0,none,220,1
A-01689,2023-01-09 11:56:41.765913,A,rule_based,chat,dispute_charge,0.594,1,1,34,532,0,0,none,449,1
A-01690,2023-02-24 15:06:20.261437,A,rule_based,chat,freeze_card,0.656,2,3,15,771,0,0,none,294,1
A-01691,2023-05-31 12:10:44.155836,A,rule_based,voice,transfer_funds,0.727,2,2,64,650,0,0,none,271,0
A-01692,2023-06-21 03:45:36.764046,A,rule_based,mobile_app,make_payment,0.762,1,1,18,202,0,1,none,68,1
A-01693,2023-05-30 16:49:22.232650,A,rule_based,chat,freeze_card,0.877,2,3,5,778,0,0,none,126,1
A-01694,2023-03-13 09:55:50.815675,A,rule_based,voice,request_statement,0.554,1,3,29,223,0,0,none,343,1
A-01695,2023-01-11 04:14:15.643122,A,rule_based,mobile_app,update_address,0.847,1,3,66,498,0,0,none,344,1
A-01696,2023-04-04 03:57:28.390036,A,rule_based,mobile_app,check_balance,0.968,1,2,61,548,0,0,none,253,1
A-01697,2023-03-09 17:58:20.777840,A,rule_based,chat,freeze_card,0.985,2,1,27,270,0,0,none,345,1
A-01698,2023-01-23 03:14:26.565394,A,rule_based,chat,transfer_funds,0.893,2,1,43,541,0,0,none,341,1
A-01699,2023-01-20 01:17:11.243043,A,rule_based,voice,freeze_card,0.629,2,1,76,547,0,0,none,59,1
A-01700,2023-01-28 13:07:09.614620,A,rule_based,voice,transfer_funds,0.774,1,1,58,785,0,0,none,405,1
A-01701,2023-02-07 01:09:29.768478,A,rule_based,voice,transfer_funds,0.743,2,1,61,740,0,0,none,342,1
A-01702,2023-05-16 16:21:26.238452,A,rule_based,chat,make_payment,0.828,2,2,11,379,0,0,none,128,1
A-01703,2023-03-10 16:57:32.373227,A,rule_based,voice,request_statement,0.965,2,3,23,583,0,0,none,125,1
A-01704,2023-03-20 15:34:21.800795,A,rule_based,voice,dispute_charge,0.868,2,2,12,674,0,0,none,461,1
A-01705,2023-04-18 17:00:26.521657,A,rule_based,mobile_app,transfer_funds,0.778,2,1,78,118,0,0,none,144,1
A-01706,2023-06-22 19:46:35.841023,A,rule_based,voice,check_balance,0.507,2,2,30,579,0,0,none,44,1
A-01707,2023-05-17 03:56:46.648498,A,rule_based,chat,dispute_charge,0.914,2,1,42,741,0,0,none,44,1
A-01708,2023-04-27 05:28:42.571080,A,rule_based,voice,loan_inquiry,0.854,2,2,46,184,0,0,none,132,1
A-01709,2023-05-14 21:21:17.341869,A,rule_based,voice,make_payment,0.769,1,3,44,627,0,0,none,312,1
A-01710,2023-05-10 11:20:37.288436,A,rule_based,voice,freeze_card,0.695,1,1,8,142,0,0,none,235,1
A-01711,2023-05-05 05:52:36.506983,A,rule_based,voice,dispute_charge,0.58,2,3,73,381,0,0,none,359,0
A-01712,2023-03-31 08:28:43.522462,A,rule_based,voice,transfer_funds,0.745,2,1,33,673,0,0,none,134,1
A-01713,2023-04-13 00:46:45.790337,A,rule_based,voice,loan_inquiry,0.852,1,3,73,791,0,0,none,133,1
A-01714,2023-03-25 01:38:35.286214,A,rule_based,chat,make_payment,0.926,1,1,62,609,0,0,none,211,1
A-01715,2023-03-13 02:13:14.546075,A,rule_based,voice,freeze_card,0.651,2,1,57,605,0,0,none,386,0
A-01716,2023-02-18 17:43:05.051953,A,rule_based,voice,make_payment,0.926,2,2,57,281,0,0,none,256,1
A-01717,2023-03-05 22:31:15.706033,A,rule_based,voice,request_statement,0.782,1,2,78,677,0,0,none,372,0
A-01718,2023-03-19 03:14:52.608400,A,rule_based,voice,request_statement,0.632,1,2,27,561,0,0,none,72,1
A-01719,2023-04-15 06:55:08.506319,A,rule_based,voice,loan_inquiry,0.769,1,1,29,760,0,0,none,214,1
A-01720,2023-03-31 23:27:37.511701,A,rule_based,voice,check_balance,0.934,2,3,55,522,0,0,none,226,1
A-01721,2023-01-20 10:20:22.136920,A,rule_based,chat,make_payment,0.741,2,3,22,127,0,0,none,60,1
A-01722,2023-03-03 04:41:10.289671,A,rule_based,chat,freeze_card,0.383,1,3,65,457,0,0,none,171,1
A-01723,2023-03-09 17:09:20.823693,A,rule_based,mobile_app,update_address,0.893,1,3,7,642,0,0,none,156,1
A-01724,2023-05-08 05:55:12.609439,A,rule_based,chat,dispute_charge,0.577,1,3,72,651,0,0,none,235,1
A-01725,2023-03-01 22:05:37.695896,A,rule_based,voice,check_balance,0.674,1,1,30,370,0,0,none,104,1
A-01726,2023-01-02 10:22:08.843972,A,rule_based,voice,make_payment,0.75,1,2,5,219,0,0,none,151,0
A-01727,2023-01-16 04:20:03.166029,A,rule_based,voice,loan_inquiry,0.905,1,3,50,708,0,0,none,461,1
A-01728,2023-03-31 11:01:59.396273,A,rule_based,chat,check_balance,0.834,1,1,25,676,0,0,none,94,1
A-01729,2023-02-03 22:18:02.082444,A,rule_based,voice,dispute_charge,0.918,2,2,27,715,0,0,none,397,1
A-01730,2023-03-31 00:46:07.740215,A,rule_based,voice,transfer_funds,0.782,2,1,41,569,0,0,none,274,1
A-01731,2023-04-14 08:34:01.946683,A,rule_based,mobile_app,check_balance,0.712,1,3,48,680,0,0,none,65,1
A-01732,2023-06-18 00:27:06.260759,A,rule_based,voice,freeze_card,0.859,1,3,15,381,0,0,none,210,1
A-01733,2023-04-29 00:06:18.983473,A,rule_based,voice,make_payment,0.781,1,1,8,645,0,0,none,261,1
A-01734,2023-01-06 14:05:45.318395,A,rule_based,mobile_app,loan_inquiry,0.747,1,3,39,441,0,0,none,154,1
A-01735,2023-03-10 12:45:21.020366,A,rule_based,voice,freeze_card,0.937,2,2,31,655,0,0,none,150,1
A-01736,2023-05-23 19:44:02.809594,A,rule_based,voice,loan_inquiry,0.829,1,3,48,202,0,0,none,350,1
A-01737,2023-02-16 21:37:47.315555,A,rule_based,voice,make_payment,0.903,2,1,61,307,0,0,none,44,1
A-01738,2023-06-16 11:53:01.207972,A,rule_based,voice,update_address,0.862,1,1,51,250,0,0,none,447,1
A-01739,2023-04-06 05:19:34.539582,A,rule_based,mobile_app,freeze_card,0.938,2,3,12,384,0,0,none,175,1
A-01740,2023-01-17 15:22:26.503219,A,rule_based,chat,make_payment,0.819,1,3,79,670,0,0,none,201,1
A-01741,2023-02-13 12:01:00.240884,A,rule_based,voice,make_payment,0.897,1,1,58,180,0,0,none,87,1
A-01742,2023-06-13 03:12:45.144227,A,rule_based,voice,check_balance,0.933,1,1,8,611,0,0,none,426,1
A-01743,2023-06-28 11:06:22.050271,A,rule_based,voice,transfer_funds,0.664,2,2,62,681,0,0,none,130,1
A-01744,2023-06-05 08:13:43.161207,A,rule_based,chat,freeze_card,0.955,1,1,71,569,0,0,none,391,1
A-01745,2023-02-27 17:19:23.799707,A,rule_based,voice,request_statement,0.615,2,3,47,552,0,0,none,176,1
A-01746,2023-05-19 09:17:53.282557,A,rule_based,voice,freeze_card,0.917,2,3,67,196,0,0,none,44,1
A-01747,2023-02-10 00:01:24.313209,A,rule_based,chat,update_address,0.778,2,3,71,528,0,0,none,214,1
A-01748,2023-03-11 05:08:10.614393,A,rule_based,mobile_app,dispute_charge,0.971,2,2,77,258,0,0,none,265,1
A-01749,2023-05-06 11:45:58.735998,A,rule_based,mobile_app,dispute_charge,0.809,2,2,76,272,0,0,none,240,1
A-01750,2023-06-24 09:39:13.626998,A,rule_based,chat,request_statement,0.82,2,2,19,703,0,0,none,474,1
A-01751,2023-03-21 01:20:11.600504,A,rule_based,voice,make_payment,0.918,1,3,7,530,0,0,none,264,1
A-01752,2023-03-31 06:00:48.019910,A,rule_based,chat,loan_inquiry,0.804,2,2,53,795,0,0,none,380,1
A-01753,2023-02-09 15:07:40.962247,A,rule_based,mobile_app,loan_inquiry,0.926,2,2,55,418,0,0,none,196,1
A-01754,2023-03-14 13:55:20.095238,A,rule_based,voice,make_payment,0.977,1,2,47,350,0,0,none,95,1
A-01755,2023-01-12 08:14:25.386883,A,rule_based,voice,update_address,0.984,2,2,22,796,0,0,none,254,0
A-01756,2023-06-04 13:05:27.848789,A,rule_based,voice,check_balance,0.901,2,3,76,535,0,0,none,281,1
A-01757,2023-01-05 04:48:19.531459,A,rule_based,mobile_app,transfer_funds,0.65,1,2,35,704,0,0,none,218,1
A-01758,2023-05-04 00:49:34.339596,A,rule_based,mobile_app,transfer_funds,0.795,1,3,60,131,0,0,none,374,1
A-01759,2023-02-19 04:19:03.901015,A,rule_based,chat,transfer_funds,0.48,1,1,51,468,0,0,none,463,1
A-01760,2023-03-27 16:47:33.886980,A,rule_based,voice,make_payment,0.815,1,2,72,671,0,0,none,66,0
A-01761,2023-02-20 16:19:56.860431,A,rule_based,mobile_app,check_balance,0.828,1,2,58,665,0,0,none,60,1
A-01762,2023-03-14 00:18:19.029154,A,rule_based,voice,make_payment,0.359,1,3,52,600,0,0,none,153,1
A-01763,2023-04-09 10:04:49.689589,A,rule_based,voice,check_balance,0.603,2,1,68,215,0,0,none,293,1
A-01764,2023-04-26 08:39:34.334593,A,rule_based,chat,check_balance,0.871,1,1,9,482,0,0,none,49,1
A-01765,2023-06-19 06:02:10.097477,A,rule_based,chat,check_balance,0.588,1,2,57,170,0,0,none,117,1
A-01766,2023-03-01 19:06:28.424415,A,rule_based,mobile_app,transfer_funds,0.823,1,3,48,661,0,0,none,214,1
A-01767,2023-04-16 06:35:04.041768,A,rule_based,voice,check_balance,0.836,2,2,63,541,0,0,none,198,1
A-01768,2023-06-12 07:26:22.833383,A,rule_based,voice,check_balance,0.812,2,2,21,235,0,0,none,410,1
A-01769,2023-02-22 05:48:05.077244,A,rule_based,voice,loan_inquiry,0.863,2,1,49,608,0,0,none,275,1
A-01770,2023-06-05 17:00:57.306463,A,rule_based,voice,update_address,0.942,2,3,26,603,0,0,none,422,1
A-01771,2023-06-22 08:38:16.859055,A,rule_based,mobile_app,freeze_card,0.724,1,3,13,137,0,0,none,371,1
A-01772,2023-06-02 13:10:22.109910,A,rule_based,voice,request_statement,0.948,2,1,48,162,0,0,none,216,1
A-01773,2023-04-13 13:47:50.516865,A,rule_based,voice,loan_inquiry,0.697,1,3,6,240,0,0,none,469,1
A-01774,2023-05-10 23:32:20.877976,A,rule_based,voice,request_statement,0.906,1,1,11,149,0,1,unresolved,409,1
A-01775,2023-03-28 14:12:16.387706,A,rule_based,chat,update_address,0.82,1,2,44,476,0,0,none,252,1
A-01776,2023-04-18 12:08:42.270802,A,rule_based,mobile_app,freeze_card,0.656,1,3,72,715,0,0,none,412,1
A-01777,2023-06-25 09:43:40.689646,A,rule_based,voice,dispute_charge,0.568,1,3,58,143,0,0,none,145,1
A-01778,2023-02-15 04:50:26.889331,A,rule_based,voice,make_payment,0.899,1,1,6,530,0,0,none,123,1
A-01779,2023-05-23 15:48:12.849752,A,rule_based,mobile_app,dispute_charge,0.82,2,1,13,396,0,0,none,386,1
A-01780,2023-04-02 02:55:37.944987,A,rule_based,chat,check_balance,0.814,2,3,37,685,0,0,none,385,1
A-01781,2023-02-01 20:05:32.837372,A,rule_based,voice,freeze_card,0.866,2,1,37,437,0,0,none,129,1
A-01782,2023-04-26 20:04:22.240716,A,rule_based,voice,make_payment,0.876,1,3,7,568,0,0,none,369,1
A-01783,2023-05-23 15:17:03.250434,A,rule_based,mobile_app,check_balance,0.913,2,1,24,745,0,0,none,258,1
A-01784,2023-04-13 09:01:30.502117,A,rule_based,chat,make_payment,0.858,1,1,14,195,0,0,none,281,1
A-01785,2023-05-31 17:42:34.921022,A,rule_based,voice,loan_inquiry,0.935,2,2,47,320,0,0,none,411,1
A-01786,2023-03-07 20:33:08.686281,A,rule_based,voice,make_payment,0.698,2,3,54,288,0,0,none,102,1
A-01787,2023-06-14 11:28:44.585853,A,rule_based,voice,request_statement,0.767,1,1,34,218,0,0,none,211,1
A-01788,2023-04-27 16:44:34.194987,A,rule_based,voice,loan_inquiry,0.74,1,3,47,553,0,0,none,160,1
A-01789,2023-05-25 13:38:53.821336,A,rule_based,voice,check_balance,0.669,2,3,20,105,0,0,none,280,1
A-01790,2023-02-19 03:17:44.661796,A,rule_based,voice,freeze_card,0.966,2,1,68,370,0,0,none,101,1
A-01791,2023-03-22 07:16:27.506714,A,rule_based,voice,make_payment,0.801,1,1,5,185,0,0,none,83,0
A-01792,2023-06-13 17:32:49.987383,A,rule_based,voice,make_payment,0.701,1,2,42,530,0,0,none,343,1
A-01793,2023-01-10 03:52:07.601405,A,rule_based,voice,request_statement,0.681,1,2,29,625,0,0,none,55,1
A-01794,2023-03-14 17:12:03.609335,A,rule_based,voice,transfer_funds,0.824,1,1,38,426,0,1,timeout,217,1
A-01795,2023-05-21 10:58:35.770053,A,rule_based,chat,make_payment,0.526,1,2,43,411,0,0,none,473,1
A-01796,2023-05-14 21:16:46.061648,A,rule_based,voice,update_address,0.773,2,3,53,414,0,0,none,479,1
A-01797,2023-06-03 07:00:38.264125,A,rule_based,mobile_app,make_payment,0.727,1,1,74,239,0,0,none,110,1
A-01798,2023-05-14 02:09:58.484924,A,rule_based,mobile_app,update_address,0.759,1,1,47,362,0,0,none,447,1
A-01799,2023-06-20 11:26:17.103876,A,rule_based,mobile_app,request_statement,0.626,2,3,22,753,0,0,none,180,1
A-01800,2023-03-31 16:28:52.604804,A,rule_based,voice,request_statement,0.9,2,2,44,128,0,1,timeout,119,1
A-01801,2023-04-23 08:55:55.542742,A,rule_based,voice,request_statement,0.88,2,3,43,651,0,0,none,257,1
A-01802,2023-06-02 14:05:19.957129,A,rule_based,chat,check_balance,0.876,2,2,69,215,0,0,none,249,1
A-01803,2023-05-07 07:18:17.652166,A,rule_based,voice,request_statement,0.762,1,3,47,180,0,0,none,198,1
A-01804,2023-01-19 08:53:06.091923,A,rule_based,voice,request_statement,0.775,1,3,70,299,0,0,none,222,1
A-01805,2023-03-08 01:25:28.830754,A,rule_based,voice,request_statement,0.583,1,2,53,288,0,0,none,73,1
A-01806,2023-04-10 11:11:32.095657,A,rule_based,chat,check_balance,0.847,1,2,47,321,0,0,none,148,1
A-01807,2023-05-16 20:22:47.242135,A,rule_based,chat,dispute_charge,0.981,2,2,29,694,0,0,none,118,1
A-01808,2023-04-08 20:12:42.830266,A,rule_based,voice,dispute_charge,0.854,1,1,24,733,0,0,none,449,1
A-01809,2023-05-20 23:00:45.802001,A,rule_based,mobile_app,check_balance,0.954,2,2,12,584,0,1,customer_request,252,1
A-01810,2023-05-31 18:28:22.577951,A,rule_based,chat,make_payment,0.503,2,2,46,202,0,0,none,275,1
A-01811,2023-02-17 17:21:14.859631,A,rule_based,voice,dispute_charge,0.655,2,3,74,761,0,1,unresolved,227,1
A-01812,2023-04-21 21:32:38.789017,A,rule_based,voice,freeze_card,0.872,1,3,5,693,0,0,none,428,1
A-01813,2023-04-11 06:43:00.590581,A,rule_based,voice,make_payment,0.654,1,2,76,153,0,1,unresolved,389,1
A-01814,2023-02-10 22:00:37.913289,A,rule_based,mobile_app,loan_inquiry,0.915,1,3,69,371,0,0,none,340,1
A-01815,2023-03-30 04:16:24.043811,A,rule_based,chat,update_address,0.911,1,2,37,642,0,0,none,170,0
A-01816,2023-04-09 17:48:53.961613,A,rule_based,chat,freeze_card,0.875,1,2,28,162,0,0,none,168,1
A-01817,2023-05-28 02:54:29.739202,A,rule_based,chat,dispute_charge,0.782,2,1,48,153,0,0,none,453,1
A-01818,2023-03-24 23:28:26.754437,A,rule_based,voice,dispute_charge,0.644,1,1,69,524,0,0,none,448,0
A-01819,2023-01-15 13:33:25.359466,A,rule_based,mobile_app,request_statement,0.838,2,3,7,335,0,0,none,157,1
A-01820,2023-03-29 17:07:06.742427,A,rule_based,mobile_app,transfer_funds,0.767,1,1,38,409,0,0,none,181,1
A-01821,2023-05-31 19:56:53.086942,A,rule_based,chat,dispute_charge,0.813,1,1,8,625,0,1,none,179,1
A-01822,2023-04-13 19:49:24.794598,A,rule_based,voice,update_address,0.952,1,1,53,481,0,0,none,382,1
A-01823,2023-02-27 09:29:52.021225,A,rule_based,voice,request_statement,0.95,1,3,10,597,0,0,none,457,1
A-01824,2023-06-15 18:35:40.183051,A,rule_based,voice,freeze_card,0.919,1,1,28,188,0,0,none,429,1
A-01825,2023-01-29 00:24:50.333705,A,rule_based,voice,check_balance,0.948,1,1,60,101,0,0,none,408,1
A-01826,2023-02-28 20:06:41.251576,A,rule_based,chat,update_address,0.823,2,2,61,276,0,0,none,186,1
A-01827,2023-03-20 16:25:18.708671,A,rule_based,chat,dispute_charge,0.757,2,2,22,241,0,0,none,172,1
A-01828,2023-05-13 20:03:52.113023,A,rule_based,mobile_app,transfer_funds,0.94,2,3,43,326,0,0,none,430,1
A-01829,2023-05-31 10:25:34.111140,A,rule_based,voice,dispute_charge,0.965,1,1,18,645,0,0,none,207,0
A-01830,2023-01-11 12:58:52.526565,A,rule_based,voice,dispute_charge,0.925,1,2,49,206,0,0,none,126,1
A-01831,2023-05-23 13:35:41.079850,A,rule_based,voice,transfer_funds,0.798,2,1,5,188,0,0,none,409,1
A-01832,2023-05-10 16:40:57.913978,A,rule_based,mobile_app,dispute_charge,0.648,2,1,66,240,0,0,none,245,1
A-01833,2023-06-11 00:53:52.644433,A,rule_based,chat,check_balance,0.813,2,1,6,328,0,0,none,68,1
A-01834,2023-06-12 01:54:49.393319,A,rule_based,voice,make_payment,0.771,1,1,50,238,0,0,none,433,1
A-01835,2023-05-20 22:54:37.488287,A,rule_based,chat,check_balance,0.841,1,3,35,228,0,0,none,162,1
A-01836,2023-02-04 05:40:32.145669,A,rule_based,chat,check_balance,0.847,2,3,21,505,0,0,none,169,1
A-01837,2023-02-26 11:55:29.671515,A,rule_based,voice,dispute_charge,0.785,1,1,45,178,0,0,none,269,1
A-01838,2023-06-18 12:54:03.956492,A,rule_based,voice,freeze_card,0.964,2,2,15,207,0,1,unresolved,151,1
A-01839,2023-04-18 16:06:31.159327,A,rule_based,voice,freeze_card,0.563,1,1,48,685,0,0,none,403,1
A-01840,2023-04-07 23:26:46.941222,A,rule_based,voice,check_balance,0.822,1,3,53,112,0,0,none,341,1
A-01841,2023-06-14 19:51:53.211564,A,rule_based,chat,update_address,0.833,1,1,39,142,0,1,timeout,284,1
A-01842,2023-06-07 08:32:16.224398,A,rule_based,voice,check_balance,0.818,1,2,32,148,0,0,none,120,1
A-01843,2023-05-11 22:47:00.176376,A,rule_based,chat,transfer_funds,0.819,2,1,39,475,0,0,none,250,1
A-01844,2023-06-08 19:19:47.834289,A,rule_based,chat,check_balance,0.802,1,2,76,586,0,0,none,152,1
A-01845,2023-01-21 11:46:01.565344,A,rule_based,voice,request_statement,0.885,2,3,61,584,0,0,none,462,1
A-01846,2023-05-17 08:35:23.768562,A,rule_based,mobile_app,make_payment,0.827,2,2,5,583,0,0,none,386,1
A-01847,2023-06-23 19:33:56.424566,A,rule_based,voice,request_statement,0.926,1,2,26,140,0,0,none,82,1
A-01848,2023-01-09 19:34:47.073560,A,rule_based,chat,dispute_charge,0.86,1,3,6,341,0,0,none,267,0
A-01849,2023-02-10 03:33:25.976648,A,rule_based,voice,freeze_card,0.947,2,3,22,543,0,0,none,381,1
A-01850,2023-05-23 21:56:36.383635,A,rule_based,chat,make_payment,0.754,2,1,63,577,0,0,none,265,1
A-01851,2023-04-04 14:36:13.501226,A,rule_based,voice,transfer_funds,0.789,1,2,69,333,0,0,none,87,1
A-01852,2023-01-16 14:11:28.649826,A,rule_based,voice,update_address,0.859,2,2,39,692,0,0,none,92,1
A-01853,2023-02-18 05:34:43.269434,A,rule_based,voice,freeze_card,0.773,2,2,56,683,0,0,none,359,1
A-01854,2023-02-28 07:56:14.897997,A,rule_based,chat,loan_inquiry,0.742,2,2,32,635,0,0,none,265,1
A-01855,2023-02-27 18:59:27.450148,A,rule_based,chat,transfer_funds,0.789,2,3,40,658,0,0,none,274,1
A-01856,2023-06-07 23:32:46.599739,A,rule_based,chat,make_payment,0.846,1,3,67,782,0,0,none,151,1
A-01857,2023-04-30 03:59:50.984832,A,rule_based,voice,make_payment,0.919,1,1,25,655,0,0,none,149,0
A-01858,2023-05-13 06:50:33.513195,A,rule_based,chat,make_payment,0.712,1,3,28,509,0,0,none,213,0
A-01859,2023-01-03 10:37:22.022395,A,rule_based,chat,make_payment,0.974,2,3,15,379,0,0,none,274,1
A-01860,2023-03-18 22:51:06.670041,A,rule_based,voice,update_address,0.917,2,2,21,353,0,0,none,240,1
A-01861,2023-02-27 04:59:06.407675,A,rule_based,voice,transfer_funds,0.959,2,2,7,675,0,0,none,425,0
A-01862,2023-06-03 08:19:03.855639,A,rule_based,voice,transfer_funds,0.787,2,1,66,307,0,0,none,115,1
A-01863,2023-06-21 16:43:00.857762,A,rule_based,chat,update_address,0.825,1,2,68,540,0,0,none,242,1
A-01864,2023-03-18 04:49:56.892777,A,rule_based,voice,request_statement,0.706,2,1,36,451,0,0,none,135,1
A-01865,2023-06-25 03:37:18.677813,A,rule_based,voice,loan_inquiry,0.899,2,3,49,365,0,0,none,32,1
A-01866,2023-01-03 14:01:54.341289,A,rule_based,mobile_app,transfer_funds,0.868,1,1,23,415,0,0,none,216,1
A-01867,2023-02-28 15:06:28.174252,A,rule_based,mobile_app,make_payment,0.861,1,2,8,156,0,0,none,55,1
A-01868,2023-05-20 11:42:09.679167,A,rule_based,voice,update_address,0.772,2,2,43,596,0,0,none,197,0
A-01869,2023-03-06 19:37:49.453148,A,rule_based,mobile_app,loan_inquiry,0.897,1,3,16,146,0,0,none,314,1
A-01870,2023-06-15 18:33:26.162037,A,rule_based,voice,make_payment,0.899,1,3,68,151,0,0,none,199,1
A-01871,2023-02-09 07:46:06.008131,A,rule_based,mobile_app,dispute_charge,0.805,2,3,25,275,0,1,customer_request,335,1
A-01872,2023-05-24 05:16:48.943407,A,rule_based,voice,transfer_funds,0.813,1,1,60,471,0,0,none,162,0
A-01873,2023-02-06 07:21:13.429364,A,rule_based,voice,transfer_funds,0.664,1,1,24,309,0,0,none,210,1
A-01874,2023-02-05 11:29:35.679648,A,rule_based,mobile_app,transfer_funds,0.624,1,2,14,716,0,0,none,423,1
A-01875,2023-03-22 05:38:14.021577,A,rule_based,voice,freeze_card,0.97,1,2,46,749,0,0,none,139,1
A-01876,2023-06-20 02:08:36.029713,A,rule_based,chat,make_payment,0.858,1,1,18,375,0,0,none,255,1
A-01877,2023-04-16 09:09:55.567505,A,rule_based,voice,make_payment,0.893,1,3,34,799,0,0,none,352,1
A-01878,2023-04-25 07:20:31.581074,A,rule_based,voice,update_address,0.697,2,1,26,162,0,0,none,192,0
A-01879,2023-01-02 18:02:42.522232,A,rule_based,mobile_app,update_address,0.768,1,1,71,200,0,0,none,166,1
A-01880,2023-01-11 04:34:39.662433,A,rule_based,voice,update_address,0.929,1,3,42,343,0,0,none,343,0
A-01881,2023-01-13 01:09:17.967080,A,rule_based,mobile_app,request_statement,0.747,1,3,58,759,0,0,none,63,1
A-01882,2023-05-28 12:51:15.100331,A,rule_based,mobile_app,dispute_charge,0.745,2,2,49,452,0,0,none,149,1
A-01883,2023-02-12 15:12:04.197586,A,rule_based,voice,freeze_card,0.854,1,1,73,594,0,0,none,214,1
A-01884,2023-03-01 04:34:51.447502,A,rule_based,voice,make_payment,0.814,1,1,37,556,0,0,none,127,1
A-01885,2023-04-20 18:59:45.613238,A,rule_based,voice,make_payment,0.67,2,1,69,449,0,0,none,272,0
A-01886,2023-04-16 02:40:57.548144,A,rule_based,voice,check_balance,0.795,2,2,72,752,0,1,customer_request,308,1
A-01887,2023-03-15 21:29:14.746184,A,rule_based,voice,check_balance,0.55,1,2,74,768,0,0,none,464,1
A-01888,2023-01-01 18:34:36.804254,A,rule_based,voice,loan_inquiry,0.843,1,2,57,413,0,0,none,300,1
A-01889,2023-03-22 22:16:59.247190,A,rule_based,chat,dispute_charge,0.749,2,3,78,599,0,0,none,296,1
A-01890,2023-05-13 23:58:22.439678,A,rule_based,voice,make_payment,0.933,2,3,60,536,0,0,none,356,1
A-01891,2023-02-12 08:14:01.831941,A,rule_based,chat,freeze_card,0.958,2,3,28,515,0,0,none,123,0
A-01892,2023-05-08 12:06:23.775778,A,rule_based,voice,update_address,0.831,2,1,16,171,0,0,none,241,1
A-01893,2023-01-03 17:27:36.653798,A,rule_based,voice,check_balance,0.9,1,2,20,246,0,0,none,404,1
A-01894,2023-06-13 10:35:37.372700,A,rule_based,voice,make_payment,0.648,1,1,48,793,0,0,none,109,1
A-01895,2023-06-21 00:10:09.757463,A,rule_based,voice,check_balance,0.777,2,1,17,271,0,0,none,161,1
A-01896,2023-01-01 10:38:00.990219,A,rule_based,chat,request_statement,0.909,1,3,22,556,0,0,none,128,1
A-01897,2023-03-24 09:46:31.971519,A,rule_based,voice,make_payment,0.863,2,2,52,738,0,0,none,461,1
A-01898,2023-03-16 11:42:38.814592,A,rule_based,chat,check_balance,0.63,2,3,29,521,0,0,none,189,1
A-01899,2023-06-01 12:56:09.951260,A,rule_based,chat,check_balance,0.85,2,1,56,250,0,0,none,176,1
A-01900,2023-04-08 07:55:02.188259,A,rule_based,voice,update_address,0.778,1,3,79,701,0,0,none,396,1
A-01901,2023-04-21 01:05:55.788445,A,rule_based,mobile_app,check_balance,0.752,2,1,11,122,0,0,none,439,1
A-01902,2023-02-06 10:49:33.360000,A,rule_based,mobile_app,loan_inquiry,0.68,2,1,53,606,0,0,none,32,1
A-01903,2023-01-14 20:55:09.716691,A,rule_based,voice,check_balance,0.95,1,1,66,286,0,0,none,425,1
A-01904,2023-05-05 14:52:13.223384,A,rule_based,mobile_app,request_statement,0.7,2,1,15,548,0,0,none,348,1
A-01905,2023-04-22 17:19:13.027109,A,rule_based,voice,dispute_charge,0.757,1,2,63,436,0,0,none,418,1
A-01906,2023-05-30 19:39:36.470908,A,rule_based,chat,dispute_charge,0.783,2,1,43,498,0,0,none,69,1
A-01907,2023-06-02 01:01:56.974619,A,rule_based,voice,check_balance,0.865,2,1,52,367,0,1,customer_request,47,1
A-01908,2023-04-24 14:04:20.580827,A,rule_based,chat,loan_inquiry,0.59,1,3,8,470,0,0,none,181,1
A-01909,2023-04-07 21:43:16.227643,A,rule_based,chat,loan_inquiry,0.74,2,1,37,755,0,0,none,412,0
A-01910,2023-06-14 12:30:56.599672,A,rule_based,mobile_app,check_balance,0.88,1,2,32,678,0,0,none,254,1
A-01911,2023-05-25 05:27:39.840775,A,rule_based,mobile_app,check_balance,0.676,2,3,16,393,0,0,none,354,1
A-01912,2023-06-08 20:04:33.521736,A,rule_based,voice,transfer_funds,0.879,1,2,62,758,0,0,none,140,1
A-01913,2023-06-29 06:01:57.649957,A,rule_based,chat,update_address,0.814,2,1,42,722,0,0,none,180,1
A-01914,2023-03-14 15:08:42.011345,A,rule_based,voice,check_balance,0.739,1,1,70,539,0,0,none,425,1
A-01915,2023-05-10 01:09:27.867946,A,rule_based,voice,make_payment,0.602,1,3,16,516,0,0,none,250,1
A-01916,2023-05-04 20:27:10.662482,A,rule_based,voice,request_statement,0.889,2,3,59,124,0,1,unresolved,380,1
A-01917,2023-02-01 08:17:47.477752,A,rule_based,mobile_app,freeze_card,0.876,1,2,50,466,0,0,none,317,1
A-01918,2023-04-25 13:53:23.822426,A,rule_based,chat,update_address,0.881,2,3,53,248,0,0,none,109,1
A-01919,2023-03-19 01:20:44.418469,A,rule_based,voice,transfer_funds,0.721,2,1,28,212,0,0,none,454,1
A-01920,2023-03-23 02:44:44.697448,A,rule_based,mobile_app,dispute_charge,0.605,2,1,56,700,0,0,none,455,1
A-01921,2023-02-02 10:11:46.018210,A,rule_based,chat,make_payment,0.661,1,3,23,289,0,0,none,381,1
A-01922,2023-05-15 01:16:26.311107,A,rule_based,voice,dispute_charge,0.752,1,3,62,530,0,0,none,241,1
A-01923,2023-05-06 15:06:18.271476,A,rule_based,voice,make_payment,0.485,2,2,38,707,0,0,none,222,1
A-01924,2023-04-06 19:29:36.241762,A,rule_based,chat,make_payment,0.863,2,2,40,518,0,0,none,163,1
A-01925,2023-01-29 05:01:36.861944,A,rule_based,chat,check_balance,0.755,2,3,48,645,0,0,none,320,1
A-01926,2023-04-11 05:39:21.141874,A,rule_based,voice,make_payment,0.751,2,2,11,642,0,0,none,169,1
A-01927,2023-01-19 00:34:34.981230,A,rule_based,voice,freeze_card,0.302,1,2,32,413,0,0,none,113,1
A-01928,2023-03-03 02:05:13.750564,A,rule_based,voice,check_balance,0.69,2,2,20,745,0,0,none,57,1
A-01929,2023-03-09 00:35:09.171112,A,rule_based,voice,dispute_charge,0.886,1,2,77,736,0,0,none,220,1
A-01930,2023-06-09 00:23:51.704792,A,rule_based,voice,request_statement,0.975,2,2,36,336,0,0,none,396,1
A-01931,2023-03-16 19:13:41.397311,A,rule_based,voice,request_statement,0.469,2,2,5,673,0,0,none,386,1
A-01932,2023-04-18 17:23:23.396868,A,rule_based,voice,freeze_card,0.83,1,3,6,228,0,0,none,412,1
A-01933,2023-06-07 11:02:42.819883,A,rule_based,chat,loan_inquiry,0.679,2,2,73,178,0,0,none,302,1
A-01934,2023-03-18 15:16:50.791528,A,rule_based,voice,freeze_card,0.883,2,1,16,471,0,0,none,420,1
A-01935,2023-06-09 01:35:57.144140,A,rule_based,voice,check_balance,0.856,2,2,5,524,0,0,none,382,1
A-01936,2023-01-25 13:30:46.332414,A,rule_based,voice,dispute_charge,0.693,2,2,20,508,0,0,none,393,1
A-01937,2023-03-07 16:07:20.780152,A,rule_based,mobile_app,request_statement,0.702,1,1,21,659,0,0,none,259,1
A-01938,2023-01-18 01:13:18.177482,A,rule_based,voice,make_payment,0.81,1,1,10,373,0,0,none,68,1
A-01939,2023-04-11 23:12:57.594583,A,rule_based,voice,check_balance,0.656,1,1,79,665,0,0,none,201,0
A-01940,2023-06-22 07:27:30.603462,A,rule_based,voice,make_payment,0.496,1,1,9,731,0,0,none,411,1
A-01941,2023-04-29 06:01:54.942916,A,rule_based,chat,dispute_charge,0.901,1,1,59,163,0,0,none,364,0
A-01942,2023-04-23 16:38:48.001008,A,rule_based,voice,dispute_charge,0.952,1,3,67,414,0,0,none,35,1
A-01943,2023-02-20 01:38:43.048645,A,rule_based,voice,check_balance,0.662,1,3,53,257,0,1,customer_request,72,1
A-01944,2023-06-17 14:22:52.310107,A,rule_based,mobile_app,loan_inquiry,0.851,2,1,14,559,0,0,none,326,1
A-01945,2023-03-26 21:01:48.972832,A,rule_based,chat,transfer_funds,0.926,1,2,59,389,0,0,none,470,1
A-01946,2023-02-18 01:26:55.928969,A,rule_based,voice,make_payment,0.666,1,1,29,297,0,0,none,359,1
A-01947,2023-06-27 18:51:50.095694,A,rule_based,voice,transfer_funds,0.659,2,3,35,276,0,0,none,456,1
A-01948,2023-03-18 03:53:43.418376,A,rule_based,mobile_app,check_balance,0.849,2,2,23,348,0,1,none,59,0
A-01949,2023-03-08 20:52:32.174433,A,rule_based,mobile_app,transfer_funds,0.351,1,1,63,176,0,0,none,426,1
A-01950,2023-01-07 07:01:57.629031,A,rule_based,chat,transfer_funds,0.986,1,2,48,173,0,0,none,87,1
A-01951,2023-02-02 02:14:03.422346,A,rule_based,chat,check_balance,0.489,2,2,16,540,0,0,none,427,1
A-01952,2023-05-26 15:42:23.954084,A,rule_based,mobile_app,freeze_card,0.822,1,1,35,759,0,0,none,468,1
A-01953,2023-03-28 21:14:34.266773,A,rule_based,mobile_app,transfer_funds,0.975,2,1,64,455,0,0,none,259,1
A-01954,2023-06-21 21:03:31.753141,A,rule_based,voice,transfer_funds,0.881,1,1,75,749,0,0,none,269,1
A-01955,2023-01-16 02:23:12.011733,A,rule_based,mobile_app,transfer_funds,0.808,2,3,75,208,0,0,none,254,1
A-01956,2023-04-21 20:52:32.416180,A,rule_based,chat,update_address,0.769,1,3,15,781,0,0,none,278,1
A-01957,2023-05-10 14:19:53.462594,A,rule_based,chat,check_balance,0.722,2,3,69,510,0,0,none,399,1
A-01958,2023-04-22 19:30:39.982778,A,rule_based,voice,loan_inquiry,0.937,2,2,47,620,0,1,unresolved,156,1
A-01959,2023-04-06 09:04:15.815077,A,rule_based,voice,request_statement,0.919,1,2,60,143,0,0,none,157,1
A-01960,2023-04-15 02:14:55.477908,A,rule_based,chat,request_statement,0.97,1,1,33,522,0,0,none,465,1
A-01961,2023-05-05 02:51:15.245086,A,rule_based,chat,dispute_charge,0.698,2,2,53,368,0,0,none,412,1
A-01962,2023-06-05 09:17:54.630651,A,rule_based,voice,update_address,0.844,1,1,24,728,0,1,none,273,1
A-01963,2023-03-02 13:00:31.907915,A,rule_based,chat,check_balance,0.914,1,3,44,654,0,0,none,120,1
A-01964,2023-03-24 17:42:20.259029,A,rule_based,voice,freeze_card,0.84,2,3,21,704,0,0,none,459,1
A-01965,2023-04-25 11:07:45.891070,A,rule_based,voice,check_balance,0.688,1,1,34,723,0,0,none,425,1
A-01966,2023-02-26 13:24:46.490581,A,rule_based,chat,freeze_card,0.943,1,3,35,604,0,0,none,177,0
A-01967,2023-02-02 04:20:31.131203,A,rule_based,chat,loan_inquiry,0.727,2,2,69,271,0,0,none,273,1
A-01968,2023-06-23 21:50:56.505414,A,rule_based,voice,dispute_charge,0.739,1,2,52,298,0,0,none,218,1
A-01969,2023-02-05 01:13:43.678559,A,rule_based,voice,update_address,0.874,1,3,53,701,0,0,none,409,1
A-01970,2023-02-11 21:24:25.099696,A,rule_based,voice,make_payment,0.855,2,3,26,521,0,0,none,339,1
A-01971,2023-04-22 08:43:26.234705,A,rule_based,chat,transfer_funds,0.881,1,1,37,724,0,0,none,251,0
A-01972,2023-01-14 22:13:51.955899,A,rule_based,mobile_app,freeze_card,0.821,1,3,40,656,0,0,none,465,1
A-01973,2023-01-07 03:05:09.112134,A,rule_based,chat,make_payment,0.593,2,2,63,524,0,0,none,303,1
A-01974,2023-01-12 12:32:19.566381,A,rule_based,chat,check_balance,0.671,1,1,18,206,0,0,none,247,1
A-01975,2023-01-23 04:29:56.219260,A,rule_based,voice,make_payment,0.707,1,3,9,787,0,0,none,447,1
A-01976,2023-03-19 06:07:49.599911,A,rule_based,voice,dispute_charge,0.961,1,2,42,270,0,0,none,232,1
A-01977,2023-05-30 06:24:21.527160,A,rule_based,mobile_app,transfer_funds,0.421,1,1,65,272,0,0,none,218,1
A-01978,2023-03-03 13:19:06.881422,A,rule_based,voice,freeze_card,0.856,2,1,60,202,0,0,none,204,1
A-01979,2023-03-18 22:56:08.560597,A,rule_based,voice,make_payment,0.489,1,1,65,148,0,0,none,129,1
A-01980,2023-04-19 01:05:04.995783,A,rule_based,voice,loan_inquiry,0.737,1,1,34,362,0,0,none,155,1
A-01981,2023-02-24 09:15:50.107301,A,rule_based,chat,make_payment,0.58,1,2,22,690,0,0,none,70,1
A-01982,2023-03-19 20:33:49.090600,A,rule_based,voice,loan_inquiry,0.878,2,2,54,706,0,0,none,357,1
A-01983,2023-03-11 12:51:59.354115,A,rule_based,voice,make_payment,0.794,2,3,7,443,0,0,none,295,1
A-01984,2023-03-03 12:56:12.839741,A,rule_based,chat,request_statement,0.919,1,1,72,320,0,1,none,449,1
A-01985,2023-03-11 21:51:30.571785,A,rule_based,voice,transfer_funds,0.796,2,2,58,342,0,0,none,304,0
A-01986,2023-01-03 00:01:42.632328,A,rule_based,voice,make_payment,0.785,1,2,42,743,0,0,none,66,1
A-01987,2023-06-09 12:38:45.910627,A,rule_based,chat,request_statement,0.783,1,2,19,138,0,0,none,309,0
A-01988,2023-06-25 22:08:17.393922,A,rule_based,mobile_app,transfer_funds,0.951,2,3,23,140,0,0,none,108,1
A-01989,2023-06-05 05:59:00.768904,A,rule_based,voice,check_balance,0.892,2,1,79,145,0,0,none,46,1
A-01990,2023-01-02 00:48:23.846092,A,rule_based,voice,check_balance,0.955,2,2,6,721,0,0,none,328,1
A-01991,2023-05-16 03:49:32.022195,A,rule_based,voice,request_statement,0.778,2,1,5,163,0,0,none,42,1
A-01992,2023-04-14 03:47:33.884069,A,rule_based,voice,make_payment,0.841,2,2,31,759,0,0,none,214,1
A-01993,2023-01-17 22:50:08.215993,A,rule_based,mobile_app,check_balance,0.952,2,1,22,228,0,0,none,432,1
A-01994,2023-06-17 21:57:05.265648,A,rule_based,chat,dispute_charge,0.982,2,3,55,483,0,0,none,145,1
A-01995,2023-05-20 17:15:28.793670,A,rule_based,voice,freeze_card,0.886,2,1,8,779,0,0,none,342,1
A-01996,2023-01-27 03:40:47.846841,A,rule_based,chat,make_payment,0.996,1,3,63,181,0,0,none,199,1
A-01997,2023-06-23 12:39:32.314593,A,rule_based,voice,make_payment,0.919,2,1,63,296,0,0,none,80,1
A-01998,2023-01-23 17:10:43.003711,A,rule_based,voice,loan_inquiry,0.743,2,1,22,609,0,0,none,118,1
A-01999,2023-03-23 20:13:01.470576,A,rule_based,mobile_app,update_address,0.753,2,1,48,671,0,0,none,63,1
